destination,passanger,weather,temperature,time,coupon,expiration,gender,age,maritalStatus,has_children,education,occupation,income,Bar,CoffeeHouse,CarryAway,RestaurantLessThan20,Restaurant20To50,toCoupon_GEQ15min,toCoupon_GEQ25min,direction_same,is_accepted
0,0,0,55.0,14,0,1,0,21,0,1,2,0,37500,0,0,2,3,2,0,0,0,1
0,1,0,80.0,10,1,0,0,21,0,1,2,0,37500,0,0,2,3,2,0,0,0,0
0,1,0,80.0,10,2,0,0,21,0,1,2,0,37500,0,0,2,3,2,1,0,0,1
0,1,0,80.0,14,1,0,0,21,0,1,2,0,37500,0,0,2,3,2,1,0,0,0
0,1,0,80.0,14,1,1,0,21,0,1,2,0,37500,0,0,2,3,2,1,0,0,0
0,1,0,80.0,18,0,0,0,21,0,1,2,0,37500,0,0,2,3,2,1,0,0,1
0,1,0,55.0,14,2,1,0,21,0,1,2,0,37500,0,0,2,3,2,1,0,0,1
0,2,0,80.0,10,0,0,0,21,0,1,2,0,37500,0,0,2,3,2,1,0,0,1
0,2,0,80.0,10,2,0,0,21,0,1,2,0,37500,0,0,2,3,2,1,0,0,1
0,2,0,80.0,10,3,1,0,21,0,1,2,0,37500,0,0,2,3,2,1,0,0,0
0,2,0,80.0,14,0,1,0,21,0,1,2,0,37500,0,0,2,3,2,0,0,0,1
0,2,0,55.0,14,0,1,0,21,0,1,2,0,37500,0,0,2,3,2,1,0,0,1
0,2,0,55.0,18,1,0,0,21,0,1,2,0,37500,0,0,2,3,2,1,0,0,1
1,0,0,55.0,18,3,1,0,21,0,1,2,0,37500,0,0,2,3,2,0,0,1,1
1,0,0,55.0,18,4,1,0,21,0,1,2,0,37500,0,0,2,3,2,1,0,0,1
1,0,0,80.0,18,1,0,0,21,0,1,2,0,37500,0,0,2,3,2,0,0,0,0
2,0,0,55.0,7,1,0,0,21,0,1,2,0,37500,0,0,2,3,2,1,1,0,1
2,0,0,55.0,7,3,1,0,21,0,1,2,0,37500,0,0,2,3,2,1,1,0,0
2,0,0,80.0,7,4,1,0,21,0,1,2,0,37500,0,0,2,3,2,1,0,0,1
2,0,0,80.0,7,2,0,0,21,0,1,2,0,37500,0,0,2,3,2,0,0,1,1
2,0,0,55.0,7,0,1,0,21,0,1,2,0,37500,0,0,2,3,2,0,0,0,0
2,0,0,55.0,7,1,0,0,21,0,1,2,0,37500,0,0,2,3,2,1,0,0,1
0,0,0,55.0,14,0,1,1,21,1,0,4,1,62500,0,1,3,3,1,0,0,0,1
0,1,0,80.0,10,1,0,1,21,1,0,4,1,62500,0,1,3,3,1,0,0,0,0
0,1,0,80.0,10,3,1,1,21,1,0,4,1,62500,0,1,3,3,1,0,0,0,1
0,1,0,80.0,10,2,0,1,21,1,0,4,1,62500,0,1,3,3,1,1,0,0,0
0,1,0,80.0,14,1,1,1,21,1,0,4,1,62500,0,1,3,3,1,0,0,0,0
0,1,0,80.0,14,1,0,1,21,1,0,4,1,62500,0,1,3,3,1,1,0,0,0
0,1,0,80.0,14,1,1,1,21,1,0,4,1,62500,0,1,3,3,1,1,0,0,0
0,1,0,80.0,14,0,1,1,21,1,0,4,1,62500,0,1,3,3,1,1,0,0,1
0,1,0,80.0,18,1,0,1,21,1,0,4,1,62500,0,1,3,3,1,0,0,0,0
0,1,0,80.0,18,0,0,1,21,1,0,4,1,62500,0,1,3,3,1,1,0,0,1
0,1,0,55.0,14,1,0,1,21,1,0,4,1,62500,0,1,3,3,1,0,0,0,0
0,1,0,55.0,14,2,1,1,21,1,0,4,1,62500,0,1,3,3,1,1,0,0,1
0,0,0,55.0,10,1,0,1,21,1,0,4,1,62500,0,1,3,3,1,0,0,0,0
1,0,0,55.0,18,3,1,1,21,1,0,4,1,62500,0,1,3,3,1,0,0,1,1
1,0,0,55.0,18,4,1,1,21,1,0,4,1,62500,0,1,3,3,1,1,0,0,0
1,0,0,80.0,18,1,0,1,21,1,0,4,1,62500,0,1,3,3,1,0,0,0,0
2,0,0,55.0,7,1,0,1,21,1,0,4,1,62500,0,1,3,3,1,1,1,0,0
2,0,0,55.0,7,3,1,1,21,1,0,4,1,62500,0,1,3,3,1,1,1,0,1
2,0,0,80.0,7,4,1,1,21,1,0,4,1,62500,0,1,3,3,1,1,0,0,0
2,0,0,80.0,7,2,0,1,21,1,0,4,1,62500,0,1,3,3,1,0,0,1,1
2,0,0,55.0,7,0,1,1,21,1,0,4,1,62500,0,1,3,3,1,0,0,0,1
2,0,0,55.0,7,1,0,1,21,1,0,4,1,62500,0,1,3,3,1,1,0,0,0
0,0,0,55.0,14,0,1,1,46,1,0,2,2,12500,0,3,2,2,0,0,0,0,1
0,1,0,80.0,10,1,0,1,46,1,0,2,2,12500,0,3,2,2,0,0,0,0,1
0,1,0,80.0,10,3,1,1,46,1,0,2,2,12500,0,3,2,2,0,0,0,0,0
0,1,0,80.0,10,2,0,1,46,1,0,2,2,12500,0,3,2,2,0,1,0,0,1
0,1,0,80.0,14,1,1,1,46,1,0,2,2,12500,0,3,2,2,0,0,0,0,1
0,1,0,80.0,14,1,0,1,46,1,0,2,2,12500,0,3,2,2,0,1,0,0,1
0,1,0,80.0,14,1,1,1,46,1,0,2,2,12500,0,3,2,2,0,1,0,0,0
0,1,0,80.0,14,0,1,1,46,1,0,2,2,12500,0,3,2,2,0,1,0,0,1
0,1,0,80.0,18,1,0,1,46,1,0,2,2,12500,0,3,2,2,0,0,0,0,0
0,1,0,80.0,18,0,0,1,46,1,0,2,2,12500,0,3,2,2,0,1,0,0,1
0,1,0,55.0,14,1,0,1,46,1,0,2,2,12500,0,3,2,2,0,0,0,0,1
0,1,0,55.0,14,2,1,1,46,1,0,2,2,12500,0,3,2,2,0,1,0,0,1
0,0,0,55.0,10,1,0,1,46,1,0,2,2,12500,0,3,2,2,0,0,0,0,1
1,0,0,55.0,18,3,1,1,46,1,0,2,2,12500,0,3,2,2,0,0,0,1,0
1,0,0,55.0,18,4,1,1,46,1,0,2,2,12500,0,3,2,2,0,1,0,0,0
1,0,0,80.0,18,1,0,1,46,1,0,2,2,12500,0,3,2,2,0,0,0,0,0
2,0,0,80.0,7,1,0,1,46,1,0,2,2,12500,0,3,2,2,0,1,1,0,0
2,0,0,55.0,7,3,1,1,46,1,0,2,2,12500,0,3,2,2,0,1,1,0,0
2,0,0,80.0,7,4,1,1,46,1,0,2,2,12500,0,3,2,2,0,1,0,0,0
2,0,0,80.0,7,2,0,1,46,1,0,2,2,12500,0,3,2,2,0,0,0,1,1
2,0,0,55.0,7,0,1,1,46,1,0,2,2,12500,0,3,2,2,0,0,0,0,0
2,0,0,55.0,7,1,0,1,46,1,0,2,2,12500,0,3,2,2,0,1,0,0,0
0,0,0,55.0,14,0,1,1,46,2,1,4,3,75000,1,2,2,2,1,0,0,0,1
0,1,0,80.0,10,1,0,1,46,2,1,4,3,75000,1,2,2,2,1,0,0,0,1
0,1,0,80.0,10,2,0,1,46,2,1,4,3,75000,1,2,2,2,1,1,0,0,1
0,1,0,80.0,14,1,0,1,46,2,1,4,3,75000,1,2,2,2,1,1,0,0,1
0,1,0,80.0,14,1,1,1,46,2,1,4,3,75000,1,2,2,2,1,1,0,0,1
0,1,0,80.0,18,0,0,1,46,2,1,4,3,75000,1,2,2,2,1,1,0,0,1
0,1,0,55.0,14,2,1,1,46,2,1,4,3,75000,1,2,2,2,1,1,0,0,1
0,2,0,80.0,10,0,0,1,46,2,1,4,3,75000,1,2,2,2,1,1,0,0,1
0,2,0,80.0,10,2,0,1,46,2,1,4,3,75000,1,2,2,2,1,1,0,0,1
0,2,0,80.0,10,3,1,1,46,2,1,4,3,75000,1,2,2,2,1,1,0,0,1
0,2,0,80.0,14,0,1,1,46,2,1,4,3,75000,1,2,2,2,1,0,0,0,1
0,2,0,55.0,14,0,1,1,46,2,1,4,3,75000,1,2,2,2,1,1,0,0,1
0,2,0,55.0,18,1,0,1,46,2,1,4,3,75000,1,2,2,2,1,1,0,0,0
1,0,0,55.0,18,3,1,1,46,2,1,4,3,75000,1,2,2,2,1,0,0,1,1
1,0,0,55.0,18,4,1,1,46,2,1,4,3,75000,1,2,2,2,1,1,0,0,0
1,0,0,80.0,18,1,0,1,46,2,1,4,3,75000,1,2,2,2,1,0,0,0,1
2,0,0,55.0,7,1,0,1,46,2,1,4,3,75000,1,2,2,2,1,1,1,0,0
2,0,0,55.0,7,3,1,1,46,2,1,4,3,75000,1,2,2,2,1,1,1,0,1
2,0,0,80.0,7,4,1,1,46,2,1,4,3,75000,1,2,2,2,1,1,0,0,1
2,0,0,80.0,7,2,0,1,46,2,1,4,3,75000,1,2,2,2,1,0,0,1,0
2,0,0,55.0,7,0,1,1,46,2,1,4,3,75000,1,2,2,2,1,0,0,0,1
2,0,0,55.0,7,1,0,1,46,2,1,4,3,75000,1,2,2,2,1,1,0,0,0
0,0,0,55.0,14,0,1,1,21,1,0,3,2,12500,2,1,2,1,2,0,0,0,0
0,1,0,80.0,10,1,0,1,21,1,0,3,2,12500,2,1,2,1,2,0,0,0,1
0,1,0,80.0,10,3,1,1,21,1,0,3,2,12500,2,1,2,1,2,0,0,0,1
0,1,0,80.0,10,2,0,1,21,1,0,3,2,12500,2,1,2,1,2,1,0,0,1
0,1,0,80.0,14,1,1,1,21,1,0,3,2,12500,2,1,2,1,2,0,0,0,1
0,1,0,80.0,14,1,0,1,21,1,0,3,2,12500,2,1,2,1,2,1,0,0,1
0,1,0,80.0,14,1,1,1,21,1,0,3,2,12500,2,1,2,1,2,1,0,0,1
0,1,0,80.0,14,0,1,1,21,1,0,3,2,12500,2,1,2,1,2,1,0,0,1
0,1,0,80.0,18,1,0,1,21,1,0,3,2,12500,2,1,2,1,2,0,0,0,1
0,1,0,80.0,18,0,0,1,21,1,0,3,2,12500,2,1,2,1,2,1,0,0,1
0,1,0,55.0,14,1,0,1,21,1,0,3,2,12500,2,1,2,1,2,0,0,0,1
0,1,0,55.0,14,2,1,1,21,1,0,3,2,12500,2,1,2,1,2,1,0,0,1
0,0,0,55.0,10,1,0,1,21,1,0,3,2,12500,2,1,2,1,2,0,0,0,1
1,0,0,55.0,18,3,1,1,21,1,0,3,2,12500,2,1,2,1,2,0,0,1,1
1,0,0,55.0,18,4,1,1,21,1,0,3,2,12500,2,1,2,1,2,1,0,0,1
1,0,0,80.0,18,1,0,1,21,1,0,3,2,12500,2,1,2,1,2,0,0,0,1
2,0,0,55.0,7,1,0,1,21,1,0,3,2,12500,2,1,2,1,2,1,1,0,1
2,0,0,55.0,7,3,1,1,21,1,0,3,2,12500,2,1,2,1,2,1,1,0,0
2,0,0,80.0,7,4,1,1,21,1,0,3,2,12500,2,1,2,1,2,1,0,0,1
2,0,0,80.0,7,2,0,1,21,1,0,3,2,12500,2,1,2,1,2,0,0,1,1
2,0,0,55.0,7,0,1,1,21,1,0,3,2,12500,2,1,2,1,2,0,0,0,1
2,0,0,55.0,7,1,0,1,21,1,0,3,2,12500,2,1,2,1,2,1,0,0,1
0,0,0,80.0,14,0,1,1,26,0,0,4,2,50000,2,4,3,2,1,0,0,0,1
0,1,0,80.0,10,1,0,1,26,0,0,4,2,50000,2,4,3,2,1,0,0,0,1
0,1,0,80.0,10,3,1,1,26,0,0,4,2,50000,2,4,3,2,1,0,0,0,1
0,1,0,80.0,10,2,0,1,26,0,0,4,2,50000,2,4,3,2,1,1,0,0,0
0,1,0,80.0,14,1,1,1,26,0,0,4,2,50000,2,4,3,2,1,0,0,0,1
0,1,0,80.0,14,1,0,1,26,0,0,4,2,50000,2,4,3,2,1,1,0,0,0
0,1,0,80.0,14,1,1,1,26,0,0,4,2,50000,2,4,3,2,1,1,0,0,1
0,1,0,80.0,14,0,1,1,26,0,0,4,2,50000,2,4,3,2,1,1,0,0,1
0,1,0,80.0,18,1,0,1,26,0,0,4,2,50000,2,4,3,2,1,0,0,0,0
0,1,0,80.0,18,0,0,1,26,0,0,4,2,50000,2,4,3,2,1,1,0,0,0
0,1,0,55.0,14,1,0,1,26,0,0,4,2,50000,2,4,3,2,1,0,0,0,0
0,1,0,55.0,14,2,1,1,26,0,0,4,2,50000,2,4,3,2,1,1,0,0,1
0,0,0,55.0,10,1,0,1,26,0,0,4,2,50000,2,4,3,2,1,0,0,0,0
1,0,0,55.0,18,3,1,1,26,0,0,4,2,50000,2,4,3,2,1,0,0,1,1
1,0,0,55.0,18,4,1,1,26,0,0,4,2,50000,2,4,3,2,1,1,0,0,0
1,0,0,80.0,18,1,0,1,26,0,0,4,2,50000,2,4,3,2,1,0,0,0,0
2,0,0,55.0,7,1,0,1,26,0,0,4,2,50000,2,4,3,2,1,1,1,0,1
2,0,0,55.0,7,3,1,1,26,0,0,4,2,50000,2,4,3,2,1,1,1,0,1
2,0,0,80.0,7,4,1,1,26,0,0,4,2,50000,2,4,3,2,1,1,0,0,0
2,0,0,80.0,7,2,0,1,26,0,0,4,2,50000,2,4,3,2,1,0,0,1,1
2,0,0,55.0,7,0,1,1,26,0,0,4,2,50000,2,4,3,2,1,0,0,0,1
2,0,0,55.0,7,1,0,1,26,0,0,4,2,50000,2,4,3,2,1,1,0,0,1
0,0,0,55.0,14,0,1,0,26,2,1,2,0,62500,0,1,4,3,0,0,0,0,1
0,1,0,80.0,10,1,0,0,26,2,1,2,0,62500,0,1,4,3,0,0,0,0,1
0,1,0,80.0,10,2,0,0,26,2,1,2,0,62500,0,1,4,3,0,1,0,0,1
0,1,0,80.0,14,1,0,0,26,2,1,2,0,62500,0,1,4,3,0,1,0,0,1
0,1,0,80.0,14,1,1,0,26,2,1,2,0,62500,0,1,4,3,0,1,0,0,1
0,1,0,80.0,18,0,0,0,26,2,1,2,0,62500,0,1,4,3,0,1,0,0,1
0,1,0,55.0,14,2,1,0,26,2,1,2,0,62500,0,1,4,3,0,1,0,0,1
0,2,0,80.0,10,0,0,0,26,2,1,2,0,62500,0,1,4,3,0,1,0,0,1
0,2,0,80.0,10,2,0,0,26,2,1,2,0,62500,0,1,4,3,0,1,0,0,1
0,2,0,80.0,10,3,1,0,26,2,1,2,0,62500,0,1,4,3,0,1,0,0,0
0,2,0,80.0,14,0,1,0,26,2,1,2,0,62500,0,1,4,3,0,0,0,0,1
0,2,0,55.0,14,0,1,0,26,2,1,2,0,62500,0,1,4,3,0,1,0,0,1
0,2,0,55.0,18,1,0,0,26,2,1,2,0,62500,0,1,4,3,0,1,0,0,0
1,0,0,55.0,18,3,1,0,26,2,1,2,0,62500,0,1,4,3,0,0,0,1,0
1,0,0,55.0,18,4,1,0,26,2,1,2,0,62500,0,1,4,3,0,1,0,0,0
1,0,0,80.0,18,1,0,0,26,2,1,2,0,62500,0,1,4,3,0,0,0,0,0
2,0,0,55.0,7,1,0,0,26,2,1,2,0,62500,0,1,4,3,0,1,1,0,0
2,0,0,55.0,7,3,1,0,26,2,1,2,0,62500,0,1,4,3,0,1,1,0,0
2,0,0,80.0,7,4,1,0,26,2,1,2,0,62500,0,1,4,3,0,1,0,0,0
2,0,0,80.0,7,2,0,0,26,2,1,2,0,62500,0,1,4,3,0,0,0,1,0
2,0,0,55.0,7,0,1,0,26,2,1,2,0,62500,0,1,4,3,0,0,0,0,1
2,0,0,55.0,7,1,0,0,26,2,1,2,0,62500,0,1,4,3,0,1,0,0,0
0,0,0,55.0,14,0,1,1,26,1,0,2,4,37500,4,4,4,4,4,0,0,0,1
0,1,0,80.0,10,1,0,1,26,1,0,2,4,37500,4,4,4,4,4,0,0,0,0
0,1,0,80.0,10,3,1,1,26,1,0,2,4,37500,4,4,4,4,4,0,0,0,1
0,1,0,80.0,10,2,0,1,26,1,0,2,4,37500,4,4,4,4,4,1,0,0,0
0,1,0,80.0,14,1,1,1,26,1,0,2,4,37500,4,4,4,4,4,0,0,0,1
0,1,0,80.0,14,1,0,1,26,1,0,2,4,37500,4,4,4,4,4,1,0,0,0
0,1,0,80.0,14,1,1,1,26,1,0,2,4,37500,4,4,4,4,4,1,0,0,1
0,1,0,80.0,14,0,1,1,26,1,0,2,4,37500,4,4,4,4,4,1,0,0,1
0,1,0,80.0,18,1,0,1,26,1,0,2,4,37500,4,4,4,4,4,0,0,0,0
0,1,0,80.0,18,0,0,1,26,1,0,2,4,37500,4,4,4,4,4,1,0,0,0
0,1,0,55.0,14,1,0,1,26,1,0,2,4,37500,4,4,4,4,4,0,0,0,0
0,1,0,55.0,14,2,1,1,26,1,0,2,4,37500,4,4,4,4,4,1,0,0,1
0,0,0,55.0,10,1,0,1,26,1,0,2,4,37500,4,4,4,4,4,0,0,0,0
1,0,0,55.0,18,3,1,1,26,1,0,2,4,37500,4,4,4,4,4,0,0,1,1
1,0,0,55.0,18,4,1,1,26,1,0,2,4,37500,4,4,4,4,4,1,0,0,1
1,0,0,80.0,18,1,0,1,26,1,0,2,4,37500,4,4,4,4,4,0,0,0,0
2,0,0,55.0,7,1,0,1,26,1,0,2,4,37500,4,4,4,4,4,1,1,0,0
2,0,0,55.0,7,3,1,1,26,1,0,2,4,37500,4,4,4,4,4,1,1,0,1
2,0,0,80.0,7,4,1,1,26,1,0,2,4,37500,4,4,4,4,4,1,0,0,1
2,0,0,80.0,7,2,0,1,26,1,0,2,4,37500,4,4,4,4,4,0,0,1,0
2,0,0,55.0,7,0,1,1,26,1,0,2,4,37500,4,4,4,4,4,0,0,0,1
2,0,0,55.0,7,1,0,1,26,1,0,2,4,37500,4,4,4,4,4,1,0,0,0
0,0,0,55.0,14,0,1,0,26,1,1,3,5,25000,0,2,3,2,1,0,0,0,1
0,1,0,80.0,10,1,0,0,26,1,1,3,5,25000,0,2,3,2,1,0,0,0,1
0,1,0,80.0,10,3,1,0,26,1,1,3,5,25000,0,2,3,2,1,0,0,0,0
0,1,0,80.0,10,2,0,0,26,1,1,3,5,25000,0,2,3,2,1,1,0,0,1
0,1,0,80.0,14,1,1,0,26,1,1,3,5,25000,0,2,3,2,1,0,0,0,1
0,1,0,80.0,14,1,0,0,26,1,1,3,5,25000,0,2,3,2,1,1,0,0,1
0,1,0,80.0,14,1,1,0,26,1,1,3,5,25000,0,2,3,2,1,1,0,0,1
0,1,0,80.0,14,0,1,0,26,1,1,3,5,25000,0,2,3,2,1,1,0,0,1
0,1,0,80.0,18,1,0,0,26,1,1,3,5,25000,0,2,3,2,1,0,0,0,1
0,1,0,80.0,18,0,0,0,26,1,1,3,5,25000,0,2,3,2,1,1,0,0,1
0,1,0,55.0,14,1,0,0,26,1,1,3,5,25000,0,2,3,2,1,0,0,0,1
0,1,0,55.0,14,2,1,0,26,1,1,3,5,25000,0,2,3,2,1,1,0,0,1
1,0,0,80.0,18,1,0,0,26,1,1,3,5,25000,0,2,3,2,1,0,0,0,1
2,0,0,55.0,7,3,1,0,26,1,1,3,5,25000,0,2,3,2,1,1,1,0,1
2,0,0,80.0,7,4,1,0,26,1,1,3,5,25000,0,2,3,2,1,1,0,0,1
2,0,0,80.0,7,2,0,0,26,1,1,3,5,25000,0,2,3,2,1,0,0,1,1
2,0,0,55.0,7,0,1,0,26,1,1,3,5,25000,0,2,3,2,1,0,0,0,1
0,0,0,55.0,14,0,1,1,21,1,0,2,6,100000,1,0,4,2,1,0,0,0,1
0,1,0,80.0,10,1,0,1,21,1,0,2,6,100000,1,0,4,2,1,0,0,0,0
0,1,0,80.0,10,3,1,1,21,1,0,2,6,100000,1,0,4,2,1,0,0,0,0
0,1,0,80.0,10,2,0,1,21,1,0,2,6,100000,1,0,4,2,1,1,0,0,1
0,1,0,80.0,14,1,1,1,21,1,0,2,6,100000,1,0,4,2,1,0,0,0,0
0,1,0,80.0,14,1,0,1,21,1,0,2,6,100000,1,0,4,2,1,1,0,0,0
0,1,0,80.0,14,1,1,1,21,1,0,2,6,100000,1,0,4,2,1,1,0,0,0
0,1,0,80.0,14,0,1,1,21,1,0,2,6,100000,1,0,4,2,1,1,0,0,1
0,1,0,80.0,18,1,0,1,21,1,0,2,6,100000,1,0,4,2,1,0,0,0,0
0,1,0,80.0,18,0,0,1,21,1,0,2,6,100000,1,0,4,2,1,1,0,0,1
0,1,0,55.0,14,1,0,1,21,1,0,2,6,100000,1,0,4,2,1,0,0,0,0
0,1,0,55.0,14,2,1,1,21,1,0,2,6,100000,1,0,4,2,1,1,0,0,1
0,0,0,55.0,10,1,0,1,21,1,0,2,6,100000,1,0,4,2,1,0,0,0,0
1,0,0,55.0,18,3,1,1,21,1,0,2,6,100000,1,0,4,2,1,0,0,1,1
1,0,0,55.0,18,4,1,1,21,1,0,2,6,100000,1,0,4,2,1,1,0,0,0
1,0,0,80.0,18,1,0,1,21,1,0,2,6,100000,1,0,4,2,1,0,0,0,0
2,0,0,55.0,7,1,0,1,21,1,0,2,6,100000,1,0,4,2,1,1,1,0,0
2,0,0,80.0,7,3,1,1,21,1,0,2,6,100000,1,0,4,2,1,1,1,0,0
2,0,0,80.0,7,4,1,1,21,1,0,2,6,100000,1,0,4,2,1,1,0,0,1
2,0,0,80.0,7,2,0,1,21,1,0,2,6,100000,1,0,4,2,1,0,0,1,1
2,0,0,55.0,7,0,1,1,21,1,0,2,6,100000,1,0,4,2,1,0,0,0,1
2,0,0,55.0,7,1,0,1,21,1,0,2,6,100000,1,0,4,2,1,1,0,0,0
0,0,0,55.0,14,0,1,0,21,0,0,4,7,87500,2,2,2,2,2,0,0,0,1
0,1,0,80.0,10,1,0,0,21,0,0,4,7,87500,2,2,2,2,2,0,0,0,1
0,1,0,80.0,10,2,0,0,21,0,0,4,7,87500,2,2,2,2,2,1,0,0,1
0,1,0,80.0,14,1,0,0,21,0,0,4,7,87500,2,2,2,2,2,1,0,0,1
0,1,0,80.0,14,1,1,0,21,0,0,4,7,87500,2,2,2,2,2,1,0,0,1
0,1,0,80.0,18,0,0,0,21,0,0,4,7,87500,2,2,2,2,2,1,0,0,1
0,1,0,55.0,14,2,1,0,21,0,0,4,7,87500,2,2,2,2,2,1,0,0,1
0,3,0,80.0,10,1,0,0,21,0,0,4,7,87500,2,2,2,2,2,0,0,0,1
0,3,0,80.0,10,4,1,0,21,0,0,4,7,87500,2,2,2,2,2,0,0,0,1
0,3,0,80.0,10,3,0,0,21,0,0,4,7,87500,2,2,2,2,2,0,0,0,0
0,3,0,80.0,10,1,0,0,21,0,0,4,7,87500,2,2,2,2,2,1,0,0,1
0,3,0,80.0,18,0,0,0,21,0,0,4,7,87500,2,2,2,2,2,0,0,0,1
0,3,0,80.0,18,3,1,0,21,0,0,4,7,87500,2,2,2,2,2,1,0,0,1
1,0,0,55.0,18,3,1,0,21,0,0,4,7,87500,2,2,2,2,2,0,0,1,1
1,0,0,55.0,18,4,1,0,21,0,0,4,7,87500,2,2,2,2,2,1,0,0,1
1,0,0,80.0,18,1,0,0,21,0,0,4,7,87500,2,2,2,2,2,0,0,0,0
2,0,0,55.0,7,1,0,0,21,0,0,4,7,87500,2,2,2,2,2,1,1,0,1
2,0,0,55.0,7,3,1,0,21,0,0,4,7,87500,2,2,2,2,2,1,1,0,1
2,0,0,80.0,7,4,1,0,21,0,0,4,7,87500,2,2,2,2,2,1,0,0,0
2,0,0,80.0,7,2,0,0,21,0,0,4,7,87500,2,2,2,2,2,0,0,1,0
2,0,0,55.0,7,0,1,0,21,0,0,4,7,87500,2,2,2,2,2,0,0,0,0
2,0,0,55.0,7,1,0,0,21,0,0,4,7,87500,2,2,2,2,2,1,0,0,0
0,0,0,55.0,14,0,1,0,21,1,0,1,0,0,2,0,3,2,1,0,0,0,1
0,1,0,80.0,10,1,0,0,21,1,0,1,0,0,2,0,3,2,1,0,0,0,1
0,1,0,80.0,10,3,1,0,21,1,0,1,0,0,2,0,3,2,1,0,0,0,1
0,1,0,80.0,10,2,0,0,21,1,0,1,0,0,2,0,3,2,1,1,0,0,1
0,1,0,80.0,14,1,1,0,21,1,0,1,0,0,2,0,3,2,1,0,0,0,1
0,1,0,80.0,14,1,0,0,21,1,0,1,0,0,2,0,3,2,1,1,0,0,1
0,1,0,80.0,14,1,1,0,21,1,0,1,0,0,2,0,3,2,1,1,0,0,1
0,1,0,80.0,14,0,1,0,21,1,0,1,0,0,2,0,3,2,1,1,0,0,1
0,1,0,80.0,18,1,0,0,21,1,0,1,0,0,2,0,3,2,1,0,0,0,0
0,1,0,80.0,18,0,0,0,21,1,0,1,0,0,2,0,3,2,1,1,0,0,1
0,1,0,55.0,14,1,0,0,21,1,0,1,0,0,2,0,3,2,1,0,0,0,0
0,1,0,55.0,14,2,1,0,21,1,0,1,0,0,2,0,3,2,1,1,0,0,1
0,0,0,55.0,10,1,0,0,21,1,0,1,0,0,2,0,3,2,1,0,0,0,1
1,0,0,55.0,18,3,1,0,21,1,0,1,0,0,2,0,3,2,1,0,0,1,1
1,0,0,55.0,18,4,1,0,21,1,0,1,0,0,2,0,3,2,1,1,0,0,0
1,0,0,80.0,18,1,0,0,21,1,0,1,0,0,2,0,3,2,1,0,0,0,0
2,0,0,55.0,7,1,0,0,21,1,0,1,0,0,2,0,3,2,1,1,1,0,1
2,0,0,55.0,7,3,1,0,21,1,0,1,0,0,2,0,3,2,1,1,1,0,0
2,0,0,80.0,7,4,1,0,21,1,0,1,0,0,2,0,3,2,1,1,0,0,1
2,0,0,80.0,7,2,0,0,21,1,0,1,0,0,2,0,3,2,1,0,0,1,1
2,0,0,55.0,7,0,1,0,21,1,0,1,0,0,2,0,3,2,1,0,0,0,0
2,0,0,55.0,7,1,0,0,21,1,0,1,0,0,2,0,3,2,1,1,0,0,0
0,0,0,55.0,14,0,1,0,31,2,1,5,0,62500,0,1,2,1,1,0,0,0,1
0,1,0,80.0,10,1,0,0,31,2,1,5,0,62500,0,1,2,1,1,0,0,0,1
0,1,0,80.0,10,2,0,0,31,2,1,5,0,62500,0,1,2,1,1,1,0,0,1
0,1,0,80.0,14,1,0,0,31,2,1,5,0,62500,0,1,2,1,1,1,0,0,0
0,1,0,80.0,14,1,1,0,31,2,1,5,0,62500,0,1,2,1,1,1,0,0,0
0,1,0,80.0,18,0,0,0,31,2,1,5,0,62500,0,1,2,1,1,1,0,0,1
0,1,0,55.0,14,2,1,0,31,2,1,5,0,62500,0,1,2,1,1,1,0,0,1
0,2,0,80.0,10,0,0,0,31,2,1,5,0,62500,0,1,2,1,1,1,0,0,1
0,2,0,80.0,10,2,0,0,31,2,1,5,0,62500,0,1,2,1,1,1,0,0,0
0,2,0,80.0,10,3,1,0,31,2,1,5,0,62500,0,1,2,1,1,1,0,0,0
0,2,0,80.0,14,0,1,0,31,2,1,5,0,62500,0,1,2,1,1,0,0,0,1
0,2,0,55.0,14,0,1,0,31,2,1,5,0,62500,0,1,2,1,1,1,0,0,1
0,2,0,55.0,18,1,0,0,31,2,1,5,0,62500,0,1,2,1,1,1,0,0,0
1,0,0,55.0,18,3,1,0,31,2,1,5,0,62500,0,1,2,1,1,0,0,1,1
1,0,0,55.0,18,4,1,0,31,2,1,5,0,62500,0,1,2,1,1,1,0,0,1
1,0,0,80.0,18,1,0,0,31,2,1,5,0,62500,0,1,2,1,1,0,0,0,0
2,0,0,55.0,7,1,0,0,31,2,1,5,0,62500,0,1,2,1,1,1,1,0,1
2,0,0,55.0,7,3,1,0,31,2,1,5,0,62500,0,1,2,1,1,1,1,0,0
2,0,0,80.0,7,4,1,0,31,2,1,5,0,62500,0,1,2,1,1,1,0,0,1
2,0,0,80.0,7,2,0,0,31,2,1,5,0,62500,0,1,2,1,1,0,0,1,1
2,0,0,55.0,7,0,1,0,31,2,1,5,0,62500,0,1,2,1,1,0,0,0,1
2,0,0,55.0,7,1,0,0,31,2,1,5,0,62500,0,1,2,1,1,1,0,0,0
0,0,0,55.0,14,0,1,0,41,3,1,4,8,12500,0,4,1,2,0,0,0,0,1
0,1,0,80.0,10,1,0,0,41,3,1,4,8,12500,0,4,1,2,0,0,0,0,1
0,1,0,80.0,10,2,0,0,41,3,1,4,8,12500,0,4,1,2,0,1,0,0,0
0,1,0,80.0,14,1,0,0,41,3,1,4,8,12500,0,4,1,2,0,1,0,0,1
0,1,0,80.0,14,1,1,0,41,3,1,4,8,12500,0,4,1,2,0,1,0,0,1
0,1,0,80.0,18,0,0,0,41,3,1,4,8,12500,0,4,1,2,0,1,0,0,0
0,1,0,55.0,14,2,1,0,41,3,1,4,8,12500,0,4,1,2,0,1,0,0,0
0,2,0,80.0,10,0,0,0,41,3,1,4,8,12500,0,4,1,2,0,1,0,0,0
0,2,0,80.0,10,2,0,0,41,3,1,4,8,12500,0,4,1,2,0,1,0,0,0
0,2,0,80.0,10,3,1,0,41,3,1,4,8,12500,0,4,1,2,0,1,0,0,0
0,2,0,55.0,14,0,1,0,41,3,1,4,8,12500,0,4,1,2,0,1,0,0,0
0,2,0,55.0,18,1,0,0,41,3,1,4,8,12500,0,4,1,2,0,1,0,0,1
1,0,0,55.0,18,3,1,0,41,3,1,4,8,12500,0,4,1,2,0,0,0,1,0
1,0,0,80.0,18,1,0,0,41,3,1,4,8,12500,0,4,1,2,0,0,0,0,1
2,0,0,55.0,7,1,0,0,41,3,1,4,8,12500,0,4,1,2,0,1,1,0,1
2,0,0,55.0,7,3,1,0,41,3,1,4,8,12500,0,4,1,2,0,1,1,0,0
2,0,0,80.0,7,4,1,0,41,3,1,4,8,12500,0,4,1,2,0,1,0,0,0
2,0,0,80.0,7,2,0,0,41,3,1,4,8,12500,0,4,1,2,0,0,0,1,0
2,0,0,55.0,7,0,1,0,41,3,1,4,8,12500,0,4,1,2,0,0,0,0,0
2,0,0,55.0,7,1,0,0,41,3,1,4,8,12500,0,4,1,2,0,1,0,0,1
0,0,0,55.0,14,0,1,1,41,2,1,5,3,50000,0,2,2,2,1,0,0,0,1
0,1,0,80.0,10,1,0,1,41,2,1,5,3,50000,0,2,2,2,1,0,0,0,1
0,1,0,80.0,10,2,0,1,41,2,1,5,3,50000,0,2,2,2,1,1,0,0,0
0,1,0,80.0,14,1,0,1,41,2,1,5,3,50000,0,2,2,2,1,1,0,0,0
0,1,0,80.0,14,1,1,1,41,2,1,5,3,50000,0,2,2,2,1,1,0,0,0
0,1,0,80.0,18,0,0,1,41,2,1,5,3,50000,0,2,2,2,1,1,0,0,1
0,1,0,55.0,14,2,1,1,41,2,1,5,3,50000,0,2,2,2,1,1,0,0,0
0,2,0,80.0,10,0,0,1,41,2,1,5,3,50000,0,2,2,2,1,1,0,0,0
0,2,0,80.0,10,2,0,1,41,2,1,5,3,50000,0,2,2,2,1,1,0,0,0
0,2,0,80.0,10,3,1,1,41,2,1,5,3,50000,0,2,2,2,1,1,0,0,0
0,2,0,80.0,14,0,1,1,41,2,1,5,3,50000,0,2,2,2,1,0,0,0,1
0,2,0,55.0,14,0,1,1,41,2,1,5,3,50000,0,2,2,2,1,1,0,0,1
0,2,0,55.0,18,1,0,1,41,2,1,5,3,50000,0,2,2,2,1,1,0,0,0
1,0,0,55.0,18,3,1,1,41,2,1,5,3,50000,0,2,2,2,1,0,0,1,0
1,0,0,55.0,18,4,1,1,41,2,1,5,3,50000,0,2,2,2,1,1,0,0,0
1,0,0,80.0,18,1,0,1,41,2,1,5,3,50000,0,2,2,2,1,0,0,0,0
2,0,0,55.0,7,1,0,1,41,2,1,5,3,50000,0,2,2,2,1,1,1,0,0
2,0,0,55.0,7,3,1,1,41,2,1,5,3,50000,0,2,2,2,1,1,1,0,0
2,0,0,80.0,7,4,1,1,41,2,1,5,3,50000,0,2,2,2,1,1,0,0,1
2,0,0,80.0,7,2,0,1,41,2,1,5,3,50000,0,2,2,2,1,0,0,1,0
2,0,0,55.0,7,0,1,1,41,2,1,5,3,50000,0,2,2,2,1,0,0,0,1
2,0,0,55.0,7,1,0,1,41,2,1,5,3,50000,0,2,2,2,1,1,0,0,0
0,0,0,55.0,14,0,1,0,21,0,0,3,2,75000,0,1,2,2,1,0,0,0,1
0,1,0,80.0,10,1,0,0,21,0,0,3,2,75000,0,1,2,2,1,0,0,0,1
0,1,0,80.0,10,2,0,0,21,0,0,3,2,75000,0,1,2,2,1,1,0,0,1
0,1,0,80.0,14,1,0,0,21,0,0,3,2,75000,0,1,2,2,1,1,0,0,1
0,1,0,80.0,14,1,1,0,21,0,0,3,2,75000,0,1,2,2,1,1,0,0,1
0,1,0,80.0,18,0,0,0,21,0,0,3,2,75000,0,1,2,2,1,1,0,0,1
0,1,0,55.0,14,2,1,0,21,0,0,3,2,75000,0,1,2,2,1,1,0,0,1
0,3,0,80.0,10,1,0,0,21,0,0,3,2,75000,0,1,2,2,1,0,0,0,1
0,3,0,80.0,10,4,1,0,21,0,0,3,2,75000,0,1,2,2,1,0,0,0,1
0,3,0,80.0,10,3,0,0,21,0,0,3,2,75000,0,1,2,2,1,0,0,0,0
0,3,0,80.0,10,1,0,0,21,0,0,3,2,75000,0,1,2,2,1,1,0,0,1
1,0,0,55.0,18,3,1,0,21,0,0,3,2,75000,0,1,2,2,1,0,0,1,1
1,0,0,55.0,18,4,1,0,21,0,0,3,2,75000,0,1,2,2,1,1,0,0,1
1,0,0,80.0,18,1,0,0,21,0,0,3,2,75000,0,1,2,2,1,0,0,0,0
2,0,0,55.0,7,1,0,0,21,0,0,3,2,75000,0,1,2,2,1,1,1,0,0
2,0,0,55.0,7,3,1,0,21,0,0,3,2,75000,0,1,2,2,1,1,1,0,1
2,0,0,80.0,7,4,1,0,21,0,0,3,2,75000,0,1,2,2,1,1,0,0,0
2,0,0,80.0,7,2,0,0,21,0,0,3,2,75000,0,1,2,2,1,0,0,1,1
2,0,0,55.0,7,0,1,0,21,0,0,3,2,75000,0,1,2,2,1,0,0,0,1
2,0,0,55.0,7,1,0,0,21,0,0,3,2,75000,0,1,2,2,1,1,0,0,0
0,0,0,55.0,14,0,1,1,31,2,1,5,9,100000,1,2,3,3,3,0,0,0,1
0,1,0,80.0,10,1,0,1,31,2,1,5,9,100000,1,2,3,3,3,0,0,0,1
0,1,0,80.0,10,2,0,1,31,2,1,5,9,100000,1,2,3,3,3,1,0,0,0
0,1,0,80.0,14,1,0,1,31,2,1,5,9,100000,1,2,3,3,3,1,0,0,1
0,1,0,80.0,14,1,1,1,31,2,1,5,9,100000,1,2,3,3,3,1,0,0,1
0,1,0,80.0,18,0,0,1,31,2,1,5,9,100000,1,2,3,3,3,1,0,0,1
0,1,0,55.0,14,2,1,1,31,2,1,5,9,100000,1,2,3,3,3,1,0,0,1
0,2,0,80.0,10,0,0,1,31,2,1,5,9,100000,1,2,3,3,3,1,0,0,0
0,2,0,80.0,10,2,0,1,31,2,1,5,9,100000,1,2,3,3,3,1,0,0,1
0,2,0,80.0,10,3,1,1,31,2,1,5,9,100000,1,2,3,3,3,1,0,0,0
0,2,0,80.0,14,0,1,1,31,2,1,5,9,100000,1,2,3,3,3,0,0,0,0
0,2,0,55.0,14,0,1,1,31,2,1,5,9,100000,1,2,3,3,3,1,0,0,0
0,2,0,55.0,18,1,0,1,31,2,1,5,9,100000,1,2,3,3,3,1,0,0,0
1,0,0,55.0,18,3,1,1,31,2,1,5,9,100000,1,2,3,3,3,0,0,1,1
1,0,0,55.0,18,4,1,1,31,2,1,5,9,100000,1,2,3,3,3,1,0,0,1
1,0,0,80.0,18,1,0,1,31,2,1,5,9,100000,1,2,3,3,3,0,0,0,0
2,0,0,55.0,7,1,0,1,31,2,1,5,9,100000,1,2,3,3,3,1,1,0,0
2,0,0,80.0,7,3,1,1,31,2,1,5,9,100000,1,2,3,3,3,1,1,0,0
2,0,0,80.0,7,4,1,1,31,2,1,5,9,100000,1,2,3,3,3,1,0,0,0
2,0,0,80.0,7,2,0,1,31,2,1,5,9,100000,1,2,3,3,3,0,0,1,1
2,0,0,55.0,7,0,1,1,31,2,1,5,9,100000,1,2,3,3,3,0,0,0,0
2,0,0,55.0,7,1,0,1,31,2,1,5,9,100000,1,2,3,3,3,1,0,0,0
0,0,0,55.0,14,0,1,0,31,2,1,4,10,37500,0,1,3,3,1,0,0,0,1
0,1,0,80.0,10,1,0,0,31,2,1,4,10,37500,0,1,3,3,1,0,0,0,1
0,1,0,80.0,10,2,0,0,31,2,1,4,10,37500,0,1,3,3,1,1,0,0,0
0,1,0,80.0,14,1,0,0,31,2,1,4,10,37500,0,1,3,3,1,1,0,0,1
0,1,0,80.0,14,1,1,0,31,2,1,4,10,37500,0,1,3,3,1,1,0,0,0
0,1,0,80.0,18,0,0,0,31,2,1,4,10,37500,0,1,3,3,1,1,0,0,1
0,1,0,55.0,14,2,1,0,31,2,1,4,10,37500,0,1,3,3,1,1,0,0,1
0,2,0,80.0,10,0,0,0,31,2,1,4,10,37500,0,1,3,3,1,1,0,0,0
0,2,0,80.0,10,2,0,0,31,2,1,4,10,37500,0,1,3,3,1,1,0,0,1
0,2,0,80.0,10,3,1,0,31,2,1,4,10,37500,0,1,3,3,1,1,0,0,0
0,2,0,80.0,14,0,1,0,31,2,1,4,10,37500,0,1,3,3,1,0,0,0,1
0,2,0,55.0,14,0,1,0,31,2,1,4,10,37500,0,1,3,3,1,1,0,0,1
0,2,0,55.0,18,1,0,0,31,2,1,4,10,37500,0,1,3,3,1,1,0,0,0
1,0,0,55.0,18,3,1,0,31,2,1,4,10,37500,0,1,3,3,1,0,0,1,0
1,0,0,55.0,18,4,1,0,31,2,1,4,10,37500,0,1,3,3,1,1,0,0,0
1,0,0,80.0,18,1,0,0,31,2,1,4,10,37500,0,1,3,3,1,0,0,0,0
2,0,0,55.0,7,1,0,0,31,2,1,4,10,37500,0,1,3,3,1,1,1,0,1
2,0,0,55.0,7,3,1,0,31,2,1,4,10,37500,0,1,3,3,1,1,1,0,0
2,0,0,80.0,7,4,1,0,31,2,1,4,10,37500,0,1,3,3,1,1,0,0,0
2,0,0,80.0,7,2,0,0,31,2,1,4,10,37500,0,1,3,3,1,0,0,1,1
2,0,0,55.0,7,0,1,0,31,2,1,4,10,37500,0,1,3,3,1,0,0,0,1
2,0,0,55.0,7,1,0,0,31,2,1,4,10,37500,0,1,3,3,1,1,0,0,0
0,0,0,55.0,14,0,1,0,21,1,0,4,2,100000,2,0,2,2,3,0,0,0,1
0,1,0,80.0,10,1,0,0,21,1,0,4,2,100000,2,0,2,2,3,0,0,0,0
0,1,0,80.0,10,3,1,0,21,1,0,4,2,100000,2,0,2,2,3,0,0,0,1
0,1,0,80.0,10,2,0,0,21,1,0,4,2,100000,2,0,2,2,3,1,0,0,1
0,1,0,80.0,14,1,1,0,21,1,0,4,2,100000,2,0,2,2,3,0,0,0,0
0,1,0,80.0,14,1,0,0,21,1,0,4,2,100000,2,0,2,2,3,1,0,0,0
0,1,0,80.0,14,1,1,0,21,1,0,4,2,100000,2,0,2,2,3,1,0,0,0
0,1,0,80.0,14,0,1,0,21,1,0,4,2,100000,2,0,2,2,3,1,0,0,1
0,1,0,80.0,18,1,0,0,21,1,0,4,2,100000,2,0,2,2,3,0,0,0,0
0,1,0,80.0,18,0,0,0,21,1,0,4,2,100000,2,0,2,2,3,1,0,0,1
0,1,0,55.0,14,1,0,0,21,1,0,4,2,100000,2,0,2,2,3,0,0,0,0
0,1,0,55.0,14,2,1,0,21,1,0,4,2,100000,2,0,2,2,3,1,0,0,1
0,0,0,55.0,10,1,0,0,21,1,0,4,2,100000,2,0,2,2,3,0,0,0,0
1,0,0,55.0,18,3,1,0,21,1,0,4,2,100000,2,0,2,2,3,0,0,1,1
1,0,0,55.0,18,4,1,0,21,1,0,4,2,100000,2,0,2,2,3,1,0,0,0
1,0,0,80.0,18,1,0,0,21,1,0,4,2,100000,2,0,2,2,3,0,0,0,0
2,0,0,55.0,7,1,0,0,21,1,0,4,2,100000,2,0,2,2,3,1,1,0,0
2,0,0,55.0,7,3,1,0,21,1,0,4,2,100000,2,0,2,2,3,1,1,0,1
2,0,0,80.0,7,4,1,0,21,1,0,4,2,100000,2,0,2,2,3,1,0,0,1
2,0,0,80.0,7,2,0,0,21,1,0,4,2,100000,2,0,2,2,3,0,0,1,0
2,0,0,55.0,7,0,1,0,21,1,0,4,2,100000,2,0,2,2,3,0,0,0,1
2,0,0,55.0,7,1,0,0,21,1,0,4,2,100000,2,0,2,2,3,1,0,0,0
0,0,0,55.0,14,0,1,1,51,2,0,4,11,50000,0,1,1,2,1,0,0,0,1
0,1,0,80.0,10,1,0,1,51,2,0,4,11,50000,0,1,1,2,1,0,0,0,1
0,1,0,80.0,10,2,0,1,51,2,0,4,11,50000,0,1,1,2,1,1,0,0,1
0,1,0,80.0,14,1,0,1,51,2,0,4,11,50000,0,1,1,2,1,1,0,0,0
0,1,0,80.0,14,1,1,1,51,2,0,4,11,50000,0,1,1,2,1,1,0,0,0
0,1,0,80.0,18,0,0,1,51,2,0,4,11,50000,0,1,1,2,1,1,0,0,1
0,1,0,55.0,14,2,1,1,51,2,0,4,11,50000,0,1,1,2,1,1,0,0,1
0,3,0,80.0,10,1,0,1,51,2,0,4,11,50000,0,1,1,2,1,0,0,0,1
0,3,0,80.0,10,4,1,1,51,2,0,4,11,50000,0,1,1,2,1,0,0,0,1
0,3,0,80.0,10,3,0,1,51,2,0,4,11,50000,0,1,1,2,1,0,0,0,0
0,3,0,80.0,10,1,0,1,51,2,0,4,11,50000,0,1,1,2,1,1,0,0,1
0,3,0,80.0,18,0,0,1,51,2,0,4,11,50000,0,1,1,2,1,0,0,0,1
0,3,0,80.0,18,3,1,1,51,2,0,4,11,50000,0,1,1,2,1,1,0,0,0
1,0,0,55.0,18,3,1,1,51,2,0,4,11,50000,0,1,1,2,1,0,0,1,1
1,0,0,55.0,18,4,1,1,51,2,0,4,11,50000,0,1,1,2,1,1,0,0,0
1,0,0,80.0,18,1,0,1,51,2,0,4,11,50000,0,1,1,2,1,0,0,0,0
2,0,0,55.0,7,1,0,1,51,2,0,4,11,50000,0,1,1,2,1,1,1,0,1
2,0,0,55.0,7,3,1,1,51,2,0,4,11,50000,0,1,1,2,1,1,1,0,1
2,0,0,80.0,7,4,1,1,51,2,0,4,11,50000,0,1,1,2,1,1,0,0,1
2,0,0,80.0,7,2,0,1,51,2,0,4,11,50000,0,1,1,2,1,0,0,1,1
2,0,0,55.0,7,1,0,1,51,2,0,4,11,50000,0,1,1,2,1,1,0,0,0
0,0,0,55.0,14,0,1,1,26,1,0,4,9,50000,0,2,2,1,1,0,0,0,1
0,1,0,80.0,10,1,0,1,26,1,0,4,9,50000,0,2,2,1,1,0,0,0,1
0,1,0,80.0,10,3,1,1,26,1,0,4,9,50000,0,2,2,1,1,0,0,0,1
0,1,0,80.0,10,2,0,1,26,1,0,4,9,50000,0,2,2,1,1,1,0,0,0
0,1,0,80.0,14,1,1,1,26,1,0,4,9,50000,0,2,2,1,1,0,0,0,1
0,1,0,80.0,14,1,0,1,26,1,0,4,9,50000,0,2,2,1,1,1,0,0,0
0,1,0,80.0,14,1,1,1,26,1,0,4,9,50000,0,2,2,1,1,1,0,0,1
0,1,0,80.0,14,0,1,1,26,1,0,4,9,50000,0,2,2,1,1,1,0,0,1
0,1,0,80.0,18,1,0,1,26,1,0,4,9,50000,0,2,2,1,1,0,0,0,0
0,1,0,80.0,18,0,0,1,26,1,0,4,9,50000,0,2,2,1,1,1,0,0,0
0,1,0,55.0,14,1,0,1,26,1,0,4,9,50000,0,2,2,1,1,0,0,0,0
0,1,0,55.0,14,2,1,1,26,1,0,4,9,50000,0,2,2,1,1,1,0,0,1
0,0,0,55.0,10,1,0,1,26,1,0,4,9,50000,0,2,2,1,1,0,0,0,0
1,0,0,55.0,18,3,1,1,26,1,0,4,9,50000,0,2,2,1,1,0,0,1,0
1,0,0,55.0,18,4,1,1,26,1,0,4,9,50000,0,2,2,1,1,1,0,0,1
1,0,0,80.0,18,1,0,1,26,1,0,4,9,50000,0,2,2,1,1,0,0,0,1
2,0,0,55.0,7,1,0,1,26,1,0,4,9,50000,0,2,2,1,1,1,1,0,0
2,0,0,55.0,7,3,1,1,26,1,0,4,9,50000,0,2,2,1,1,1,1,0,1
2,0,0,80.0,7,4,1,1,26,1,0,4,9,50000,0,2,2,1,1,1,0,0,1
2,0,0,80.0,7,2,0,1,26,1,0,4,9,50000,0,2,2,1,1,0,0,1,0
2,0,0,55.0,7,0,1,1,26,1,0,4,9,50000,0,2,2,1,1,0,0,0,1
2,0,0,55.0,7,1,0,1,26,1,0,4,9,50000,0,2,2,1,1,1,0,0,0
0,0,0,55.0,14,0,1,1,31,1,1,1,7,50000,4,4,4,4,4,0,0,0,1
0,1,0,80.0,10,1,0,1,31,1,1,1,7,50000,4,4,4,4,4,0,0,0,0
0,1,0,80.0,10,3,1,1,31,1,1,1,7,50000,4,4,4,4,4,0,0,0,0
0,1,0,80.0,10,2,0,1,31,1,1,1,7,50000,4,4,4,4,4,1,0,0,1
0,1,0,80.0,14,1,1,1,31,1,1,1,7,50000,4,4,4,4,4,0,0,0,1
0,1,0,80.0,14,1,0,1,31,1,1,1,7,50000,4,4,4,4,4,1,0,0,1
0,1,0,80.0,14,1,1,1,31,1,1,1,7,50000,4,4,4,4,4,1,0,0,1
0,1,0,80.0,14,0,1,1,31,1,1,1,7,50000,4,4,4,4,4,1,0,0,1
0,1,0,80.0,18,1,0,1,31,1,1,1,7,50000,4,4,4,4,4,0,0,0,0
0,1,0,80.0,18,0,0,1,31,1,1,1,7,50000,4,4,4,4,4,1,0,0,1
0,1,0,55.0,14,1,0,1,31,1,1,1,7,50000,4,4,4,4,4,0,0,0,1
0,1,0,55.0,14,2,1,1,31,1,1,1,7,50000,4,4,4,4,4,1,0,0,1
0,0,0,55.0,10,1,0,1,31,1,1,1,7,50000,4,4,4,4,4,0,0,0,1
1,0,0,55.0,18,3,1,1,31,1,1,1,7,50000,4,4,4,4,4,0,0,1,1
1,0,0,55.0,18,4,1,1,31,1,1,1,7,50000,4,4,4,4,4,1,0,0,1
1,0,0,80.0,18,1,0,1,31,1,1,1,7,50000,4,4,4,4,4,0,0,0,0
2,0,0,55.0,7,1,0,1,31,1,1,1,7,50000,4,4,4,4,4,1,1,0,1
2,0,0,80.0,7,4,1,1,31,1,1,1,7,50000,4,4,4,4,4,1,0,0,1
2,0,0,80.0,7,2,0,1,31,1,1,1,7,50000,4,4,4,4,4,0,0,1,1
2,0,0,55.0,7,0,1,1,31,1,1,1,7,50000,4,4,4,4,4,0,0,0,1
2,0,0,55.0,7,1,0,1,31,1,1,1,7,50000,4,4,4,4,4,1,0,0,1
0,0,0,55.0,14,0,1,1,26,1,0,2,0,87500,0,2,3,1,0,0,0,0,1
0,1,0,80.0,10,1,0,1,26,1,0,2,0,87500,0,2,3,1,0,0,0,0,1
0,1,0,80.0,10,3,1,1,26,1,0,2,0,87500,0,2,3,1,0,0,0,0,0
0,1,0,80.0,10,2,0,1,26,1,0,2,0,87500,0,2,3,1,0,1,0,0,1
0,1,0,80.0,14,1,1,1,26,1,0,2,0,87500,0,2,3,1,0,0,0,0,1
0,1,0,80.0,14,1,0,1,26,1,0,2,0,87500,0,2,3,1,0,1,0,0,1
0,1,0,80.0,14,1,1,1,26,1,0,2,0,87500,0,2,3,1,0,1,0,0,1
0,1,0,80.0,14,0,1,1,26,1,0,2,0,87500,0,2,3,1,0,1,0,0,1
0,1,0,80.0,18,1,0,1,26,1,0,2,0,87500,0,2,3,1,0,0,0,0,1
0,1,0,80.0,18,0,0,1,26,1,0,2,0,87500,0,2,3,1,0,1,0,0,1
0,1,0,55.0,14,1,0,1,26,1,0,2,0,87500,0,2,3,1,0,0,0,0,1
0,1,0,55.0,14,2,1,1,26,1,0,2,0,87500,0,2,3,1,0,1,0,0,1
0,0,0,55.0,10,1,0,1,26,1,0,2,0,87500,0,2,3,1,0,0,0,0,1
1,0,0,55.0,18,3,1,1,26,1,0,2,0,87500,0,2,3,1,0,0,0,1,0
1,0,0,55.0,18,4,1,1,26,1,0,2,0,87500,0,2,3,1,0,1,0,0,0
1,0,0,80.0,18,1,0,1,26,1,0,2,0,87500,0,2,3,1,0,0,0,0,0
2,0,0,55.0,7,1,0,1,26,1,0,2,0,87500,0,2,3,1,0,1,1,0,1
2,0,0,55.0,7,3,1,1,26,1,0,2,0,87500,0,2,3,1,0,1,1,0,0
2,0,0,80.0,7,4,1,1,26,1,0,2,0,87500,0,2,3,1,0,1,0,0,0
2,0,0,80.0,7,2,0,1,26,1,0,2,0,87500,0,2,3,1,0,0,0,1,1
2,0,0,55.0,7,0,1,1,26,1,0,2,0,87500,0,2,3,1,0,0,0,0,1
2,0,0,55.0,7,1,0,1,26,1,0,2,0,87500,0,2,3,1,0,1,0,0,1
0,0,0,55.0,14,0,1,1,26,0,0,4,12,12500,0,1,1,1,1,0,0,0,1
0,1,0,80.0,10,1,0,1,26,0,0,4,12,12500,0,1,1,1,1,0,0,0,1
0,1,0,80.0,10,2,0,1,26,0,0,4,12,12500,0,1,1,1,1,1,0,0,0
0,1,0,80.0,14,1,0,1,26,0,0,4,12,12500,0,1,1,1,1,1,0,0,0
0,1,0,80.0,14,1,1,1,26,0,0,4,12,12500,0,1,1,1,1,1,0,0,0
0,1,0,80.0,18,0,0,1,26,0,0,4,12,12500,0,1,1,1,1,1,0,0,1
0,1,0,55.0,14,2,1,1,26,0,0,4,12,12500,0,1,1,1,1,1,0,0,1
0,3,0,80.0,10,1,0,1,26,0,0,4,12,12500,0,1,1,1,1,0,0,0,0
0,3,0,80.0,10,4,1,1,26,0,0,4,12,12500,0,1,1,1,1,0,0,0,1
0,3,0,80.0,10,3,0,1,26,0,0,4,12,12500,0,1,1,1,1,0,0,0,0
0,3,0,80.0,10,1,0,1,26,0,0,4,12,12500,0,1,1,1,1,1,0,0,0
0,3,0,80.0,18,0,0,1,26,0,0,4,12,12500,0,1,1,1,1,0,0,0,1
0,3,0,80.0,18,3,1,1,26,0,0,4,12,12500,0,1,1,1,1,1,0,0,0
1,0,0,55.0,18,3,1,1,26,0,0,4,12,12500,0,1,1,1,1,0,0,1,0
1,0,0,55.0,18,4,1,1,26,0,0,4,12,12500,0,1,1,1,1,1,0,0,1
1,0,0,80.0,18,1,0,1,26,0,0,4,12,12500,0,1,1,1,1,0,0,0,0
2,0,0,55.0,7,1,0,1,26,0,0,4,12,12500,0,1,1,1,1,1,1,0,0
2,0,0,55.0,7,3,1,1,26,0,0,4,12,12500,0,1,1,1,1,1,1,0,0
2,0,0,80.0,7,4,1,1,26,0,0,4,12,12500,0,1,1,1,1,1,0,0,0
2,0,0,80.0,7,2,0,1,26,0,0,4,12,12500,0,1,1,1,1,0,0,1,1
2,0,0,55.0,7,0,1,1,26,0,0,4,12,12500,0,1,1,1,1,0,0,0,1
2,0,0,55.0,7,1,0,1,26,0,0,4,12,12500,0,1,1,1,1,1,0,0,0
0,1,0,80.0,10,3,1,1,51,3,1,2,7,62500,0,1,2,2,1,0,0,0,0
0,1,0,80.0,14,1,1,1,51,3,1,2,7,62500,0,1,2,2,1,0,0,0,0
0,1,0,80.0,14,0,1,1,51,3,1,2,7,62500,0,1,2,2,1,1,0,0,1
0,1,0,80.0,18,1,0,1,51,3,1,2,7,62500,0,1,2,2,1,0,0,0,0
0,1,0,55.0,14,1,0,1,51,3,1,2,7,62500,0,1,2,2,1,0,0,0,1
0,0,0,55.0,10,1,0,1,51,3,1,2,7,62500,0,1,2,2,1,0,0,0,1
0,0,0,55.0,14,0,1,1,51,2,1,5,6,100000,2,2,3,3,1,0,0,0,1
0,1,0,80.0,10,1,0,1,51,2,1,5,6,100000,2,2,3,3,1,0,0,0,1
0,1,0,80.0,10,2,0,1,51,2,1,5,6,100000,2,2,3,3,1,1,0,0,1
0,1,0,80.0,14,1,0,1,51,2,1,5,6,100000,2,2,3,3,1,1,0,0,1
0,1,0,80.0,14,1,1,1,51,2,1,5,6,100000,2,2,3,3,1,1,0,0,1
0,1,0,80.0,18,0,0,1,51,2,1,5,6,100000,2,2,3,3,1,1,0,0,1
0,1,0,55.0,14,2,1,1,51,2,1,5,6,100000,2,2,3,3,1,1,0,0,1
0,2,0,80.0,10,0,0,1,51,2,1,5,6,100000,2,2,3,3,1,1,0,0,0
0,2,0,80.0,10,2,0,1,51,2,1,5,6,100000,2,2,3,3,1,1,0,0,0
0,2,0,80.0,10,3,1,1,51,2,1,5,6,100000,2,2,3,3,1,1,0,0,1
0,2,0,80.0,14,0,1,1,51,2,1,5,6,100000,2,2,3,3,1,0,0,0,1
0,2,0,55.0,14,0,1,1,51,2,1,5,6,100000,2,2,3,3,1,1,0,0,1
0,2,0,55.0,18,1,0,1,51,2,1,5,6,100000,2,2,3,3,1,1,0,0,0
1,0,0,55.0,18,3,1,1,51,2,1,5,6,100000,2,2,3,3,1,0,0,1,1
1,0,0,55.0,18,4,1,1,51,2,1,5,6,100000,2,2,3,3,1,1,0,0,1
1,0,0,80.0,18,1,0,1,51,2,1,5,6,100000,2,2,3,3,1,0,0,0,1
2,0,0,55.0,7,1,0,1,51,2,1,5,6,100000,2,2,3,3,1,1,1,0,0
2,0,0,55.0,7,3,1,1,51,2,1,5,6,100000,2,2,3,3,1,1,1,0,1
2,0,0,80.0,7,4,1,1,51,2,1,5,6,100000,2,2,3,3,1,1,0,0,1
2,0,0,80.0,7,2,0,1,51,2,1,5,6,100000,2,2,3,3,1,0,0,1,1
2,0,0,55.0,7,0,1,1,51,2,1,5,6,100000,2,2,3,3,1,0,0,0,1
2,0,0,55.0,7,1,0,1,51,2,1,5,6,100000,2,2,3,3,1,1,0,0,0
0,0,0,55.0,14,0,1,0,46,1,0,4,8,37500,0,1,1,1,0,0,0,0,1
0,1,0,80.0,10,1,0,0,46,1,0,4,8,37500,0,1,1,1,0,0,0,0,1
0,1,0,80.0,10,3,1,0,46,1,0,4,8,37500,0,1,1,1,0,0,0,0,0
0,1,0,80.0,10,2,0,0,46,1,0,4,8,37500,0,1,1,1,0,1,0,0,1
0,1,0,80.0,14,1,1,0,46,1,0,4,8,37500,0,1,1,1,0,0,0,0,0
0,1,0,80.0,14,1,0,0,46,1,0,4,8,37500,0,1,1,1,0,1,0,0,0
0,1,0,80.0,14,1,1,0,46,1,0,4,8,37500,0,1,1,1,0,1,0,0,0
0,1,0,80.0,14,0,1,0,46,1,0,4,8,37500,0,1,1,1,0,1,0,0,1
0,1,0,80.0,18,1,0,0,46,1,0,4,8,37500,0,1,1,1,0,0,0,0,0
0,1,0,80.0,18,0,0,0,46,1,0,4,8,37500,0,1,1,1,0,1,0,0,1
0,1,0,55.0,14,1,0,0,46,1,0,4,8,37500,0,1,1,1,0,0,0,0,1
0,1,0,55.0,14,2,1,0,46,1,0,4,8,37500,0,1,1,1,0,1,0,0,1
0,0,0,55.0,10,1,0,0,46,1,0,4,8,37500,0,1,1,1,0,0,0,0,1
1,0,0,55.0,18,3,1,0,46,1,0,4,8,37500,0,1,1,1,0,0,0,1,0
1,0,0,55.0,18,4,1,0,46,1,0,4,8,37500,0,1,1,1,0,1,0,0,1
1,0,0,80.0,18,1,0,0,46,1,0,4,8,37500,0,1,1,1,0,0,0,0,0
2,0,0,55.0,7,1,0,0,46,1,0,4,8,37500,0,1,1,1,0,1,1,0,0
2,0,0,55.0,7,3,1,0,46,1,0,4,8,37500,0,1,1,1,0,1,1,0,0
2,0,0,80.0,7,4,1,0,46,1,0,4,8,37500,0,1,1,1,0,1,0,0,1
2,0,0,80.0,7,2,0,0,46,1,0,4,8,37500,0,1,1,1,0,0,0,1,0
2,0,0,55.0,7,0,1,0,46,1,0,4,8,37500,0,1,1,1,0,0,0,0,1
2,0,0,55.0,7,1,0,0,46,1,0,4,8,37500,0,1,1,1,0,1,0,0,0
0,0,0,55.0,14,0,1,1,31,1,0,2,6,37500,3,4,4,2,1,0,0,0,1
0,1,0,80.0,10,1,0,1,31,1,0,2,6,37500,3,4,4,2,1,0,0,0,1
0,1,0,80.0,10,3,1,1,31,1,0,2,6,37500,3,4,4,2,1,0,0,0,1
0,1,0,80.0,10,2,0,1,31,1,0,2,6,37500,3,4,4,2,1,1,0,0,0
0,1,0,80.0,14,1,1,1,31,1,0,2,6,37500,3,4,4,2,1,0,0,0,1
0,1,0,80.0,14,1,0,1,31,1,0,2,6,37500,3,4,4,2,1,1,0,0,1
0,1,0,80.0,14,1,1,1,31,1,0,2,6,37500,3,4,4,2,1,1,0,0,1
0,1,0,80.0,14,0,1,1,31,1,0,2,6,37500,3,4,4,2,1,1,0,0,1
0,1,0,80.0,18,1,0,1,31,1,0,2,6,37500,3,4,4,2,1,0,0,0,1
0,1,0,80.0,18,0,0,1,31,1,0,2,6,37500,3,4,4,2,1,1,0,0,0
0,1,0,55.0,14,1,0,1,31,1,0,2,6,37500,3,4,4,2,1,0,0,0,1
0,1,0,55.0,14,2,1,1,31,1,0,2,6,37500,3,4,4,2,1,1,0,0,1
0,0,0,55.0,10,1,0,1,31,1,0,2,6,37500,3,4,4,2,1,0,0,0,1
1,0,0,55.0,18,3,1,1,31,1,0,2,6,37500,3,4,4,2,1,0,0,1,1
1,0,0,55.0,18,4,1,1,31,1,0,2,6,37500,3,4,4,2,1,1,0,0,1
1,0,0,80.0,18,1,0,1,31,1,0,2,6,37500,3,4,4,2,1,0,0,0,1
2,0,0,55.0,7,1,0,1,31,1,0,2,6,37500,3,4,4,2,1,1,1,0,1
2,0,0,55.0,7,3,1,1,31,1,0,2,6,37500,3,4,4,2,1,1,1,0,1
2,0,0,80.0,7,4,1,1,31,1,0,2,6,37500,3,4,4,2,1,1,0,0,0
2,0,0,80.0,7,2,0,1,31,1,0,2,6,37500,3,4,4,2,1,0,0,1,0
2,0,0,55.0,7,0,1,1,31,1,0,2,6,37500,3,4,4,2,1,0,0,0,1
2,0,0,55.0,7,1,0,1,31,1,0,2,6,37500,3,4,4,2,1,1,0,0,1
0,0,0,55.0,14,0,1,1,26,1,0,4,13,50000,3,0,3,2,1,0,0,0,1
0,1,0,80.0,10,1,0,1,26,1,0,4,13,50000,3,0,3,2,1,0,0,0,0
0,1,0,80.0,10,3,1,1,26,1,0,4,13,50000,3,0,3,2,1,0,0,0,1
0,1,0,80.0,10,2,0,1,26,1,0,4,13,50000,3,0,3,2,1,1,0,0,0
0,1,0,80.0,14,1,1,1,26,1,0,4,13,50000,3,0,3,2,1,0,0,0,0
0,1,0,80.0,14,1,0,1,26,1,0,4,13,50000,3,0,3,2,1,1,0,0,0
0,1,0,80.0,14,1,1,1,26,1,0,4,13,50000,3,0,3,2,1,1,0,0,0
0,1,0,80.0,14,0,1,1,26,1,0,4,13,50000,3,0,3,2,1,1,0,0,1
0,1,0,80.0,18,1,0,1,26,1,0,4,13,50000,3,0,3,2,1,0,0,0,0
0,1,0,80.0,18,0,0,1,26,1,0,4,13,50000,3,0,3,2,1,1,0,0,1
0,1,0,55.0,14,1,0,1,26,1,0,4,13,50000,3,0,3,2,1,0,0,0,0
0,1,0,55.0,14,2,1,1,26,1,0,4,13,50000,3,0,3,2,1,1,0,0,1
0,0,0,55.0,10,1,0,1,26,1,0,4,13,50000,3,0,3,2,1,0,0,0,0
1,0,0,55.0,18,3,1,1,26,1,0,4,13,50000,3,0,3,2,1,0,0,1,1
1,0,0,55.0,18,4,1,1,26,1,0,4,13,50000,3,0,3,2,1,1,0,0,0
1,0,0,80.0,18,1,0,1,26,1,0,4,13,50000,3,0,3,2,1,0,0,0,0
2,0,0,55.0,7,1,0,1,26,1,0,4,13,50000,3,0,3,2,1,1,1,0,0
2,0,0,55.0,7,3,1,1,26,1,0,4,13,50000,3,0,3,2,1,1,1,0,0
2,0,0,80.0,7,4,1,1,26,1,0,4,13,50000,3,0,3,2,1,1,0,0,1
2,0,0,80.0,7,2,0,1,26,1,0,4,13,50000,3,0,3,2,1,0,0,1,1
2,0,0,55.0,7,0,1,1,26,1,0,4,13,50000,3,0,3,2,1,0,0,0,1
2,0,0,80.0,7,1,0,1,26,1,0,4,13,50000,3,0,3,2,1,1,0,0,0
0,0,0,55.0,14,0,1,0,21,2,1,2,2,25000,0,4,2,4,2,0,0,0,1
0,1,0,80.0,10,1,0,0,21,2,1,2,2,25000,0,4,2,4,2,0,0,0,1
0,1,0,80.0,10,2,0,0,21,2,1,2,2,25000,0,4,2,4,2,1,0,0,0
0,1,0,80.0,14,1,0,0,21,2,1,2,2,25000,0,4,2,4,2,1,0,0,1
0,1,0,80.0,14,1,1,0,21,2,1,2,2,25000,0,4,2,4,2,1,0,0,1
0,1,0,80.0,18,0,0,0,21,2,1,2,2,25000,0,4,2,4,2,1,0,0,1
0,1,0,55.0,14,2,1,0,21,2,1,2,2,25000,0,4,2,4,2,1,0,0,1
0,2,0,80.0,10,0,0,0,21,2,1,2,2,25000,0,4,2,4,2,1,0,0,1
0,2,0,80.0,10,2,0,0,21,2,1,2,2,25000,0,4,2,4,2,1,0,0,1
0,2,0,80.0,10,3,1,0,21,2,1,2,2,25000,0,4,2,4,2,1,0,0,0
0,2,0,80.0,14,0,1,0,21,2,1,2,2,25000,0,4,2,4,2,0,0,0,1
0,2,0,55.0,14,0,1,0,21,2,1,2,2,25000,0,4,2,4,2,1,0,0,1
0,2,0,55.0,18,1,0,0,21,2,1,2,2,25000,0,4,2,4,2,1,0,0,0
1,0,0,55.0,18,3,1,0,21,2,1,2,2,25000,0,4,2,4,2,0,0,1,0
1,0,0,55.0,18,4,1,0,21,2,1,2,2,25000,0,4,2,4,2,1,0,0,0
1,0,0,80.0,18,1,0,0,21,2,1,2,2,25000,0,4,2,4,2,0,0,0,1
2,0,0,55.0,7,1,0,0,21,2,1,2,2,25000,0,4,2,4,2,1,1,0,1
2,0,0,55.0,7,3,1,0,21,2,1,2,2,25000,0,4,2,4,2,1,1,0,0
2,0,0,80.0,7,4,1,0,21,2,1,2,2,25000,0,4,2,4,2,1,0,0,0
2,0,0,80.0,7,2,0,0,21,2,1,2,2,25000,0,4,2,4,2,0,0,1,0
2,0,0,55.0,7,0,1,0,21,2,1,2,2,25000,0,4,2,4,2,0,0,0,1
2,0,0,55.0,7,1,0,0,21,2,1,2,2,25000,0,4,2,4,2,1,0,0,1
0,0,0,55.0,14,0,1,0,41,1,1,2,13,25000,1,2,2,2,0,0,0,0,1
0,1,0,80.0,10,1,0,0,41,1,1,2,13,25000,1,2,2,2,0,0,0,0,1
0,1,0,80.0,10,3,1,0,41,1,1,2,13,25000,1,2,2,2,0,0,0,0,1
0,1,0,80.0,10,2,0,0,41,1,1,2,13,25000,1,2,2,2,0,1,0,0,0
0,1,0,80.0,14,1,1,0,41,1,1,2,13,25000,1,2,2,2,0,0,0,0,0
0,1,0,80.0,14,1,0,0,41,1,1,2,13,25000,1,2,2,2,0,1,0,0,1
0,1,0,80.0,14,1,1,0,41,1,1,2,13,25000,1,2,2,2,0,1,0,0,1
0,1,0,80.0,14,0,1,0,41,1,1,2,13,25000,1,2,2,2,0,1,0,0,1
0,1,0,80.0,18,1,0,0,41,1,1,2,13,25000,1,2,2,2,0,0,0,0,0
0,1,0,80.0,18,0,0,0,41,1,1,2,13,25000,1,2,2,2,0,1,0,0,1
0,1,0,55.0,14,1,0,0,41,1,1,2,13,25000,1,2,2,2,0,0,0,0,1
0,1,0,55.0,14,2,1,0,41,1,1,2,13,25000,1,2,2,2,0,1,0,0,1
0,0,0,55.0,10,1,0,0,41,1,1,2,13,25000,1,2,2,2,0,0,0,0,1
1,0,0,55.0,18,3,1,0,41,1,1,2,13,25000,1,2,2,2,0,0,0,1,1
1,0,0,55.0,18,4,1,0,41,1,1,2,13,25000,1,2,2,2,0,1,0,0,0
1,0,0,80.0,18,1,0,0,41,1,1,2,13,25000,1,2,2,2,0,0,0,0,0
2,0,0,55.0,7,1,0,0,41,1,1,2,13,25000,1,2,2,2,0,1,1,0,0
2,0,0,55.0,7,3,1,0,41,1,1,2,13,25000,1,2,2,2,0,1,1,0,1
2,0,0,80.0,7,4,1,0,41,1,1,2,13,25000,1,2,2,2,0,1,0,0,1
2,0,0,80.0,7,2,0,0,41,1,1,2,13,25000,1,2,2,2,0,0,0,1,0
2,0,0,55.0,7,0,1,0,41,1,1,2,13,25000,1,2,2,2,0,0,0,0,1
2,0,0,55.0,7,1,0,0,41,1,1,2,13,25000,1,2,2,2,0,1,0,0,0
0,0,0,55.0,14,0,1,1,31,2,0,2,14,100000,2,0,3,2,2,0,0,0,1
0,1,0,80.0,10,1,0,1,31,2,0,2,14,100000,2,0,3,2,2,0,0,0,0
0,1,0,80.0,10,2,0,1,31,2,0,2,14,100000,2,0,3,2,2,1,0,0,1
0,1,0,80.0,14,1,0,1,31,2,0,2,14,100000,2,0,3,2,2,1,0,0,0
0,1,0,80.0,14,1,1,1,31,2,0,2,14,100000,2,0,3,2,2,1,0,0,0
0,1,0,80.0,18,0,0,1,31,2,0,2,14,100000,2,0,3,2,2,1,0,0,1
0,1,0,55.0,14,2,1,1,31,2,0,2,14,100000,2,0,3,2,2,1,0,0,1
0,3,0,80.0,10,1,0,1,31,2,0,2,14,100000,2,0,3,2,2,0,0,0,0
0,3,0,80.0,10,4,1,1,31,2,0,2,14,100000,2,0,3,2,2,0,0,0,1
0,3,0,80.0,10,3,0,1,31,2,0,2,14,100000,2,0,3,2,2,0,0,0,1
0,3,0,80.0,10,1,0,1,31,2,0,2,14,100000,2,0,3,2,2,1,0,0,0
0,3,0,80.0,18,0,0,1,31,2,0,2,14,100000,2,0,3,2,2,0,0,0,1
0,3,0,80.0,18,3,1,1,31,2,0,2,14,100000,2,0,3,2,2,1,0,0,1
1,0,0,55.0,18,3,1,1,31,2,0,2,14,100000,2,0,3,2,2,0,0,1,1
1,0,0,55.0,18,4,1,1,31,2,0,2,14,100000,2,0,3,2,2,1,0,0,1
1,0,0,80.0,18,1,0,1,31,2,0,2,14,100000,2,0,3,2,2,0,0,0,0
2,0,0,55.0,7,1,0,1,31,2,0,2,14,100000,2,0,3,2,2,1,1,0,0
2,0,0,55.0,7,3,1,1,31,2,0,2,14,100000,2,0,3,2,2,1,1,0,1
2,0,0,80.0,7,4,1,1,31,2,0,2,14,100000,2,0,3,2,2,1,0,0,1
2,0,0,80.0,7,2,0,1,31,2,0,2,14,100000,2,0,3,2,2,0,0,1,1
2,0,0,55.0,7,0,1,1,31,2,0,2,14,100000,2,0,3,2,2,0,0,0,1
2,0,0,55.0,7,1,0,1,31,2,0,2,14,100000,2,0,3,2,2,1,0,0,0
0,0,0,55.0,14,0,1,1,36,2,1,2,7,50000,1,2,3,2,2,0,0,0,1
0,1,0,80.0,10,1,0,1,36,2,1,2,7,50000,1,2,3,2,2,0,0,0,1
0,1,0,80.0,10,2,0,1,36,2,1,2,7,50000,1,2,3,2,2,1,0,0,1
0,1,0,80.0,14,1,0,1,36,2,1,2,7,50000,1,2,3,2,2,1,0,0,0
0,1,0,80.0,14,1,1,1,36,2,1,2,7,50000,1,2,3,2,2,1,0,0,0
0,1,0,80.0,18,0,0,1,36,2,1,2,7,50000,1,2,3,2,2,1,0,0,1
0,1,0,55.0,14,2,1,1,36,2,1,2,7,50000,1,2,3,2,2,1,0,0,1
0,2,0,80.0,10,0,0,1,36,2,1,2,7,50000,1,2,3,2,2,1,0,0,1
0,2,0,80.0,10,2,0,1,36,2,1,2,7,50000,1,2,3,2,2,1,0,0,1
0,2,0,80.0,10,3,1,1,36,2,1,2,7,50000,1,2,3,2,2,1,0,0,0
0,2,0,80.0,14,0,1,1,36,2,1,2,7,50000,1,2,3,2,2,0,0,0,1
0,2,0,55.0,14,0,1,1,36,2,1,2,7,50000,1,2,3,2,2,1,0,0,1
0,2,0,55.0,18,1,0,1,36,2,1,2,7,50000,1,2,3,2,2,1,0,0,0
1,0,0,55.0,18,3,1,1,36,2,1,2,7,50000,1,2,3,2,2,0,0,1,1
1,0,0,55.0,18,4,1,1,36,2,1,2,7,50000,1,2,3,2,2,1,0,0,0
1,0,0,80.0,18,1,0,1,36,2,1,2,7,50000,1,2,3,2,2,0,0,0,0
2,0,0,55.0,7,1,0,1,36,2,1,2,7,50000,1,2,3,2,2,1,1,0,0
2,0,0,55.0,7,3,1,1,36,2,1,2,7,50000,1,2,3,2,2,1,1,0,0
2,0,0,80.0,7,4,1,1,36,2,1,2,7,50000,1,2,3,2,2,1,0,0,0
2,0,0,80.0,7,2,0,1,36,2,1,2,7,50000,1,2,3,2,2,0,0,1,0
2,0,0,55.0,7,0,1,1,36,2,1,2,7,50000,1,2,3,2,2,0,0,0,1
2,0,0,55.0,7,1,0,1,36,2,1,2,7,50000,1,2,3,2,2,1,0,0,0
0,0,0,55.0,14,0,1,1,36,0,0,4,3,25000,1,0,3,4,1,0,0,0,1
0,1,0,80.0,10,1,0,1,36,0,0,4,3,25000,1,0,3,4,1,0,0,0,0
0,1,0,80.0,10,2,0,1,36,0,0,4,3,25000,1,0,3,4,1,1,0,0,1
0,1,0,80.0,14,1,0,1,36,0,0,4,3,25000,1,0,3,4,1,1,0,0,0
0,1,0,80.0,14,1,1,1,36,0,0,4,3,25000,1,0,3,4,1,1,0,0,0
0,1,0,80.0,18,0,0,1,36,0,0,4,3,25000,1,0,3,4,1,1,0,0,1
0,1,0,55.0,14,2,1,1,36,0,0,4,3,25000,1,0,3,4,1,1,0,0,1
0,3,0,80.0,10,1,0,1,36,0,0,4,3,25000,1,0,3,4,1,0,0,0,0
0,3,0,80.0,10,4,1,1,36,0,0,4,3,25000,1,0,3,4,1,0,0,0,1
0,3,0,80.0,10,3,0,1,36,0,0,4,3,25000,1,0,3,4,1,0,0,0,0
0,3,0,80.0,10,1,0,1,36,0,0,4,3,25000,1,0,3,4,1,1,0,0,0
0,3,0,80.0,18,0,0,1,36,0,0,4,3,25000,1,0,3,4,1,0,0,0,1
0,3,0,80.0,18,3,1,1,36,0,0,4,3,25000,1,0,3,4,1,1,0,0,1
1,0,0,55.0,18,3,1,1,36,0,0,4,3,25000,1,0,3,4,1,0,0,1,1
1,0,0,55.0,18,4,1,1,36,0,0,4,3,25000,1,0,3,4,1,1,0,0,1
1,0,0,80.0,18,1,0,1,36,0,0,4,3,25000,1,0,3,4,1,0,0,0,0
2,0,0,55.0,7,1,0,1,36,0,0,4,3,25000,1,0,3,4,1,1,1,0,0
2,0,0,55.0,7,3,1,1,36,0,0,4,3,25000,1,0,3,4,1,1,1,0,1
2,0,0,80.0,7,4,1,1,36,0,0,4,3,25000,1,0,3,4,1,1,0,0,1
2,0,0,80.0,7,2,0,1,36,0,0,4,3,25000,1,0,3,4,1,0,0,1,1
2,0,0,55.0,7,0,1,1,36,0,0,4,3,25000,1,0,3,4,1,0,0,0,1
2,0,0,55.0,7,1,0,1,36,0,0,4,3,25000,1,0,3,4,1,1,0,0,0
0,0,0,55.0,14,0,1,1,41,1,0,2,6,37500,0,0,3,2,1,0,0,0,1
0,1,0,80.0,10,1,0,1,41,1,0,2,6,37500,0,0,3,2,1,0,0,0,1
0,1,0,80.0,10,3,1,1,41,1,0,2,6,37500,0,0,3,2,1,0,0,0,1
0,1,0,80.0,10,2,0,1,41,1,0,2,6,37500,0,0,3,2,1,1,0,0,0
0,1,0,80.0,14,1,1,1,41,1,0,2,6,37500,0,0,3,2,1,0,0,0,0
0,1,0,80.0,14,1,0,1,41,1,0,2,6,37500,0,0,3,2,1,1,0,0,0
0,1,0,80.0,14,1,1,1,41,1,0,2,6,37500,0,0,3,2,1,1,0,0,0
0,1,0,80.0,14,0,1,1,41,1,0,2,6,37500,0,0,3,2,1,1,0,0,1
0,1,0,80.0,18,1,0,1,41,1,0,2,6,37500,0,0,3,2,1,0,0,0,0
0,1,0,80.0,18,0,0,1,41,1,0,2,6,37500,0,0,3,2,1,1,0,0,1
0,1,0,55.0,14,1,0,1,41,1,0,2,6,37500,0,0,3,2,1,0,0,0,0
0,1,0,55.0,14,2,1,1,41,1,0,2,6,37500,0,0,3,2,1,1,0,0,1
0,0,0,55.0,10,1,0,1,41,1,0,2,6,37500,0,0,3,2,1,0,0,0,1
1,0,0,55.0,18,3,1,1,41,1,0,2,6,37500,0,0,3,2,1,0,0,1,1
1,0,0,55.0,18,4,1,1,41,1,0,2,6,37500,0,0,3,2,1,1,0,0,1
1,0,0,80.0,18,1,0,1,41,1,0,2,6,37500,0,0,3,2,1,0,0,0,1
2,0,0,55.0,7,1,0,1,41,1,0,2,6,37500,0,0,3,2,1,1,1,0,1
2,0,0,55.0,7,3,1,1,41,1,0,2,6,37500,0,0,3,2,1,1,1,0,0
2,0,0,80.0,7,4,1,1,41,1,0,2,6,37500,0,0,3,2,1,1,0,0,1
2,0,0,80.0,7,2,0,1,41,1,0,2,6,37500,0,0,3,2,1,0,0,1,0
2,0,0,55.0,7,0,1,1,41,1,0,2,6,37500,0,0,3,2,1,0,0,0,1
2,0,0,55.0,7,1,0,1,41,1,0,2,6,37500,0,0,3,2,1,1,0,0,1
0,0,0,55.0,14,0,1,0,51,2,0,2,4,25000,2,2,3,3,2,0,0,0,1
0,1,0,80.0,10,1,0,0,51,2,0,2,4,25000,2,2,3,3,2,0,0,0,1
0,1,0,80.0,10,2,0,0,51,2,0,2,4,25000,2,2,3,3,2,1,0,0,1
0,1,0,80.0,14,1,0,0,51,2,0,2,4,25000,2,2,3,3,2,1,0,0,1
0,1,0,80.0,14,1,1,0,51,2,0,2,4,25000,2,2,3,3,2,1,0,0,1
0,1,0,80.0,18,0,0,0,51,2,0,2,4,25000,2,2,3,3,2,1,0,0,1
0,1,0,55.0,14,2,1,0,51,2,0,2,4,25000,2,2,3,3,2,1,0,0,1
0,3,0,80.0,10,1,0,0,51,2,0,2,4,25000,2,2,3,3,2,0,0,0,1
0,3,0,80.0,10,4,1,0,51,2,0,2,4,25000,2,2,3,3,2,0,0,0,1
0,3,0,80.0,10,3,0,0,51,2,0,2,4,25000,2,2,3,3,2,0,0,0,0
0,3,0,80.0,10,1,0,0,51,2,0,2,4,25000,2,2,3,3,2,1,0,0,1
0,3,0,80.0,18,0,0,0,51,2,0,2,4,25000,2,2,3,3,2,0,0,0,1
0,3,0,80.0,18,3,1,0,51,2,0,2,4,25000,2,2,3,3,2,1,0,0,1
1,0,0,55.0,18,3,1,0,51,2,0,2,4,25000,2,2,3,3,2,0,0,1,1
1,0,0,55.0,18,4,1,0,51,2,0,2,4,25000,2,2,3,3,2,1,0,0,1
1,0,0,80.0,18,1,0,0,51,2,0,2,4,25000,2,2,3,3,2,0,0,0,1
2,0,0,55.0,7,1,0,0,51,2,0,2,4,25000,2,2,3,3,2,1,1,0,1
2,0,0,80.0,7,3,1,0,51,2,0,2,4,25000,2,2,3,3,2,1,1,0,1
2,0,0,80.0,7,4,1,0,51,2,0,2,4,25000,2,2,3,3,2,1,0,0,1
2,0,0,80.0,7,2,0,0,51,2,0,2,4,25000,2,2,3,3,2,0,0,1,1
2,0,0,55.0,7,0,1,0,51,2,0,2,4,25000,2,2,3,3,2,0,0,0,1
2,0,0,55.0,7,1,0,0,51,2,0,2,4,25000,2,2,3,3,2,1,0,0,0
0,0,0,55.0,14,0,1,0,26,1,0,5,15,25000,2,2,2,4,2,0,0,0,1
0,1,0,80.0,10,1,0,0,26,1,0,5,15,25000,2,2,2,4,2,0,0,0,1
0,1,0,80.0,10,3,1,0,26,1,0,5,15,25000,2,2,2,4,2,0,0,0,1
0,1,0,80.0,10,2,0,0,26,1,0,5,15,25000,2,2,2,4,2,1,0,0,0
0,1,0,80.0,14,1,1,0,26,1,0,5,15,25000,2,2,2,4,2,0,0,0,1
0,1,0,80.0,14,1,0,0,26,1,0,5,15,25000,2,2,2,4,2,1,0,0,1
0,1,0,80.0,14,1,1,0,26,1,0,5,15,25000,2,2,2,4,2,1,0,0,1
0,1,0,80.0,14,0,1,0,26,1,0,5,15,25000,2,2,2,4,2,1,0,0,1
0,1,0,80.0,18,1,0,0,26,1,0,5,15,25000,2,2,2,4,2,0,0,0,0
0,1,0,80.0,18,0,0,0,26,1,0,5,15,25000,2,2,2,4,2,1,0,0,1
0,1,0,55.0,14,1,0,0,26,1,0,5,15,25000,2,2,2,4,2,0,0,0,1
0,1,0,55.0,14,2,1,0,26,1,0,5,15,25000,2,2,2,4,2,1,0,0,1
0,0,0,55.0,10,1,0,0,26,1,0,5,15,25000,2,2,2,4,2,0,0,0,1
1,0,0,55.0,18,3,1,0,26,1,0,5,15,25000,2,2,2,4,2,0,0,1,1
1,0,0,55.0,18,4,1,0,26,1,0,5,15,25000,2,2,2,4,2,1,0,0,1
1,0,0,80.0,18,1,0,0,26,1,0,5,15,25000,2,2,2,4,2,0,0,0,1
2,0,0,55.0,7,1,0,0,26,1,0,5,15,25000,2,2,2,4,2,1,1,0,0
2,0,0,55.0,7,3,1,0,26,1,0,5,15,25000,2,2,2,4,2,1,1,0,1
2,0,0,80.0,7,4,1,0,26,1,0,5,15,25000,2,2,2,4,2,1,0,0,1
2,0,0,80.0,7,2,0,0,26,1,0,5,15,25000,2,2,2,4,2,0,0,1,1
2,0,0,55.0,7,0,1,0,26,1,0,5,15,25000,2,2,2,4,2,0,0,0,1
2,0,0,55.0,7,1,0,0,26,1,0,5,15,25000,2,2,2,4,2,1,0,0,0
0,0,0,55.0,14,0,1,0,46,2,1,2,6,25000,1,1,2,1,0,0,0,0,1
0,1,0,80.0,10,1,0,0,46,2,1,2,6,25000,1,1,2,1,0,0,0,0,0
0,1,0,80.0,10,2,0,0,46,2,1,2,6,25000,1,1,2,1,0,1,0,0,1
0,1,0,80.0,14,1,0,0,46,2,1,2,6,25000,1,1,2,1,0,1,0,0,1
0,1,0,80.0,14,1,1,0,46,2,1,2,6,25000,1,1,2,1,0,1,0,0,0
0,1,0,80.0,18,0,0,0,46,2,1,2,6,25000,1,1,2,1,0,1,0,0,1
0,1,0,55.0,14,2,1,0,46,2,1,2,6,25000,1,1,2,1,0,1,0,0,1
0,2,0,80.0,10,0,0,0,46,2,1,2,6,25000,1,1,2,1,0,1,0,0,1
0,2,0,80.0,10,2,0,0,46,2,1,2,6,25000,1,1,2,1,0,1,0,0,1
0,2,0,80.0,10,3,1,0,46,2,1,2,6,25000,1,1,2,1,0,1,0,0,0
0,2,0,80.0,14,0,1,0,46,2,1,2,6,25000,1,1,2,1,0,0,0,0,1
0,2,0,55.0,14,0,1,0,46,2,1,2,6,25000,1,1,2,1,0,1,0,0,1
0,2,0,55.0,18,1,0,0,46,2,1,2,6,25000,1,1,2,1,0,1,0,0,0
1,0,0,55.0,18,3,1,0,46,2,1,2,6,25000,1,1,2,1,0,0,0,1,1
1,0,0,55.0,18,4,1,0,46,2,1,2,6,25000,1,1,2,1,0,1,0,0,0
1,0,0,80.0,18,1,0,0,46,2,1,2,6,25000,1,1,2,1,0,0,0,0,0
2,0,0,55.0,7,1,0,0,46,2,1,2,6,25000,1,1,2,1,0,1,1,0,0
2,0,0,55.0,7,3,1,0,46,2,1,2,6,25000,1,1,2,1,0,1,1,0,1
2,0,0,80.0,7,4,1,0,46,2,1,2,6,25000,1,1,2,1,0,1,0,0,0
2,0,0,80.0,7,2,0,0,46,2,1,2,6,25000,1,1,2,1,0,0,0,1,1
2,0,0,55.0,7,0,1,0,46,2,1,2,6,25000,1,1,2,1,0,0,0,0,1
2,0,0,55.0,7,1,0,0,46,2,1,2,6,25000,1,1,2,1,0,1,0,0,0
0,0,0,55.0,14,0,1,1,46,2,1,2,9,62500,0,2,3,2,2,0,0,0,1
0,1,0,80.0,10,1,0,1,46,2,1,2,9,62500,0,2,3,2,2,0,0,0,1
0,1,0,80.0,10,2,0,1,46,2,1,2,9,62500,0,2,3,2,2,1,0,0,1
0,1,0,80.0,14,1,0,1,46,2,1,2,9,62500,0,2,3,2,2,1,0,0,1
0,1,0,80.0,14,1,1,1,46,2,1,2,9,62500,0,2,3,2,2,1,0,0,1
0,1,0,80.0,18,0,0,1,46,2,1,2,9,62500,0,2,3,2,2,1,0,0,1
0,1,0,55.0,14,2,1,1,46,2,1,2,9,62500,0,2,3,2,2,1,0,0,0
0,2,0,80.0,10,0,0,1,46,2,1,2,9,62500,0,2,3,2,2,1,0,0,1
0,2,0,80.0,10,2,0,1,46,2,1,2,9,62500,0,2,3,2,2,1,0,0,1
0,2,0,80.0,10,3,1,1,46,2,1,2,9,62500,0,2,3,2,2,1,0,0,0
0,2,0,80.0,14,0,1,1,46,2,1,2,9,62500,0,2,3,2,2,0,0,0,1
0,2,0,55.0,14,0,1,1,46,2,1,2,9,62500,0,2,3,2,2,1,0,0,1
0,2,0,55.0,18,1,0,1,46,2,1,2,9,62500,0,2,3,2,2,1,0,0,0
1,0,0,55.0,18,3,1,1,46,2,1,2,9,62500,0,2,3,2,2,0,0,1,1
1,0,0,55.0,18,4,1,1,46,2,1,2,9,62500,0,2,3,2,2,1,0,0,1
2,0,0,55.0,7,1,0,1,46,2,1,2,9,62500,0,2,3,2,2,1,1,0,1
2,0,0,55.0,7,3,1,1,46,2,1,2,9,62500,0,2,3,2,2,1,1,0,0
2,0,0,80.0,7,4,1,1,46,2,1,2,9,62500,0,2,3,2,2,1,0,0,1
2,0,0,80.0,7,2,0,1,46,2,1,2,9,62500,0,2,3,2,2,0,0,1,1
2,0,0,55.0,7,0,1,1,46,2,1,2,9,62500,0,2,3,2,2,0,0,0,1
2,0,0,55.0,7,1,0,1,46,2,1,2,9,62500,0,2,3,2,2,1,0,0,1
0,0,0,55.0,14,0,1,1,51,2,1,4,16,87500,0,0,1,2,1,0,0,0,0
0,1,0,80.0,10,1,0,1,51,2,1,4,16,87500,0,0,1,2,1,0,0,0,0
0,1,0,80.0,10,2,0,1,51,2,1,4,16,87500,0,0,1,2,1,1,0,0,1
0,1,0,80.0,14,1,0,1,51,2,1,4,16,87500,0,0,1,2,1,1,0,0,1
0,1,0,80.0,14,1,1,1,51,2,1,4,16,87500,0,0,1,2,1,1,0,0,1
0,1,0,80.0,18,0,0,1,51,2,1,4,16,87500,0,0,1,2,1,1,0,0,1
0,1,0,55.0,14,2,1,1,51,2,1,4,16,87500,0,0,1,2,1,1,0,0,1
0,2,0,80.0,10,0,0,1,51,2,1,4,16,87500,0,0,1,2,1,1,0,0,0
0,2,0,80.0,10,2,0,1,51,2,1,4,16,87500,0,0,1,2,1,1,0,0,0
0,2,0,80.0,10,3,1,1,51,2,1,4,16,87500,0,0,1,2,1,1,0,0,0
0,2,0,80.0,14,0,1,1,51,2,1,4,16,87500,0,0,1,2,1,0,0,0,0
0,2,0,55.0,14,0,1,1,51,2,1,4,16,87500,0,0,1,2,1,1,0,0,0
0,2,0,55.0,18,1,0,1,51,2,1,4,16,87500,0,0,1,2,1,1,0,0,0
1,0,0,55.0,18,3,1,1,51,2,1,4,16,87500,0,0,1,2,1,0,0,1,1
1,0,0,55.0,18,4,1,1,51,2,1,4,16,87500,0,0,1,2,1,1,0,0,1
1,0,0,80.0,18,1,0,1,51,2,1,4,16,87500,0,0,1,2,1,0,0,0,0
2,0,0,55.0,7,1,0,1,51,2,1,4,16,87500,0,0,1,2,1,1,1,0,0
2,0,0,55.0,7,3,1,1,51,2,1,4,16,87500,0,0,1,2,1,1,1,0,0
2,0,0,80.0,7,4,1,1,51,2,1,4,16,87500,0,0,1,2,1,1,0,0,0
2,0,0,80.0,7,2,0,1,51,2,1,4,16,87500,0,0,1,2,1,0,0,1,0
2,0,0,55.0,7,0,1,1,51,2,1,4,16,87500,0,0,1,2,1,0,0,0,0
2,0,0,55.0,7,1,0,1,51,2,1,4,16,87500,0,0,1,2,1,1,0,0,0
0,3,0,80.0,10,1,0,1,41,2,0,4,0,87500,0,1,2,2,1,0,0,0,1
0,3,0,80.0,10,4,1,1,41,2,0,4,0,87500,0,1,2,2,1,0,0,0,1
0,3,0,80.0,10,3,0,1,41,2,0,4,0,87500,0,1,2,2,1,0,0,0,0
0,3,0,80.0,10,1,0,1,41,2,0,4,0,87500,0,1,2,2,1,1,0,0,1
0,3,0,80.0,18,0,0,1,41,2,0,4,0,87500,0,1,2,2,1,0,0,0,1
0,3,0,80.0,18,3,1,1,41,2,0,4,0,87500,0,1,2,2,1,1,0,0,1
0,0,0,55.0,14,0,1,0,26,0,0,3,12,50000,0,2,2,2,1,0,0,0,1
0,1,0,80.0,10,1,0,0,26,0,0,3,12,50000,0,2,2,2,1,0,0,0,1
0,1,0,80.0,10,2,0,0,26,0,0,3,12,50000,0,2,2,2,1,1,0,0,1
0,1,0,80.0,14,1,0,0,26,0,0,3,12,50000,0,2,2,2,1,1,0,0,0
0,1,0,80.0,14,1,1,0,26,0,0,3,12,50000,0,2,2,2,1,1,0,0,0
0,1,0,80.0,18,0,0,0,26,0,0,3,12,50000,0,2,2,2,1,1,0,0,1
0,1,0,55.0,14,2,1,0,26,0,0,3,12,50000,0,2,2,2,1,1,0,0,1
0,3,0,80.0,10,1,0,0,26,0,0,3,12,50000,0,2,2,2,1,0,0,0,1
0,3,0,80.0,10,4,1,0,26,0,0,3,12,50000,0,2,2,2,1,0,0,0,1
0,3,0,80.0,10,3,0,0,26,0,0,3,12,50000,0,2,2,2,1,0,0,0,0
0,3,0,80.0,10,1,0,0,26,0,0,3,12,50000,0,2,2,2,1,1,0,0,1
0,3,0,80.0,18,0,0,0,26,0,0,3,12,50000,0,2,2,2,1,0,0,0,1
0,3,0,80.0,18,3,1,0,26,0,0,3,12,50000,0,2,2,2,1,1,0,0,1
1,0,0,55.0,18,3,1,0,26,0,0,3,12,50000,0,2,2,2,1,0,0,1,1
1,0,0,55.0,18,4,1,0,26,0,0,3,12,50000,0,2,2,2,1,1,0,0,0
1,0,0,80.0,18,1,0,0,26,0,0,3,12,50000,0,2,2,2,1,0,0,0,0
2,0,0,55.0,7,1,0,0,26,0,0,3,12,50000,0,2,2,2,1,1,1,0,0
2,0,0,55.0,7,3,1,0,26,0,0,3,12,50000,0,2,2,2,1,1,1,0,1
2,0,0,80.0,7,4,1,0,26,0,0,3,12,50000,0,2,2,2,1,1,0,0,1
2,0,0,80.0,7,2,0,0,26,0,0,3,12,50000,0,2,2,2,1,0,0,1,1
2,0,0,55.0,7,0,1,0,26,0,0,3,12,50000,0,2,2,2,1,0,0,0,1
2,0,0,55.0,7,1,0,0,26,0,0,3,12,50000,0,2,2,2,1,1,0,0,0
0,0,0,55.0,14,0,1,0,21,1,0,4,13,37500,2,1,3,2,1,0,0,0,1
0,1,0,80.0,10,1,0,0,21,1,0,4,13,37500,2,1,3,2,1,0,0,0,1
0,1,0,80.0,10,3,1,0,21,1,0,4,13,37500,2,1,3,2,1,0,0,0,0
0,1,0,80.0,10,2,0,0,21,1,0,4,13,37500,2,1,3,2,1,1,0,0,0
0,1,0,80.0,14,1,1,0,21,1,0,4,13,37500,2,1,3,2,1,0,0,0,1
0,1,0,80.0,14,1,0,0,21,1,0,4,13,37500,2,1,3,2,1,1,0,0,1
0,1,0,80.0,14,1,1,0,21,1,0,4,13,37500,2,1,3,2,1,1,0,0,1
0,1,0,80.0,14,0,1,0,21,1,0,4,13,37500,2,1,3,2,1,1,0,0,1
0,1,0,80.0,18,1,0,0,21,1,0,4,13,37500,2,1,3,2,1,0,0,0,0
0,1,0,80.0,18,0,0,0,21,1,0,4,13,37500,2,1,3,2,1,1,0,0,1
0,1,0,55.0,14,1,0,0,21,1,0,4,13,37500,2,1,3,2,1,0,0,0,1
0,1,0,55.0,14,2,1,0,21,1,0,4,13,37500,2,1,3,2,1,1,0,0,1
0,0,0,55.0,10,1,0,0,21,1,0,4,13,37500,2,1,3,2,1,0,0,0,0
1,0,0,55.0,18,3,1,0,21,1,0,4,13,37500,2,1,3,2,1,0,0,1,0
1,0,0,55.0,18,4,1,0,21,1,0,4,13,37500,2,1,3,2,1,1,0,0,1
1,0,0,80.0,18,1,0,0,21,1,0,4,13,37500,2,1,3,2,1,0,0,0,0
2,0,0,55.0,7,1,0,0,21,1,0,4,13,37500,2,1,3,2,1,1,1,0,1
2,0,0,55.0,7,3,1,0,21,1,0,4,13,37500,2,1,3,2,1,1,1,0,0
2,0,0,80.0,7,4,1,0,21,1,0,4,13,37500,2,1,3,2,1,1,0,0,1
2,0,0,80.0,7,2,0,0,21,1,0,4,13,37500,2,1,3,2,1,0,0,1,1
2,0,0,55.0,7,0,1,0,21,1,0,4,13,37500,2,1,3,2,1,0,0,0,1
2,0,0,55.0,7,1,0,0,21,1,0,4,13,37500,2,1,3,2,1,1,0,0,0
0,0,0,55.0,14,0,1,0,31,0,1,3,3,50000,0,0,3,2,0,0,0,0,1
0,1,0,80.0,10,1,0,0,31,0,1,3,3,50000,0,0,3,2,0,0,0,0,1
0,1,0,80.0,10,2,0,0,31,0,1,3,3,50000,0,0,3,2,0,1,0,0,1
0,1,0,80.0,14,1,0,0,31,0,1,3,3,50000,0,0,3,2,0,1,0,0,1
0,1,0,80.0,14,1,1,0,31,0,1,3,3,50000,0,0,3,2,0,1,0,0,1
0,1,0,80.0,18,0,0,0,31,0,1,3,3,50000,0,0,3,2,0,1,0,0,1
0,1,0,55.0,14,2,1,0,31,0,1,3,3,50000,0,0,3,2,0,1,0,0,1
0,2,0,80.0,10,0,0,0,31,0,1,3,3,50000,0,0,3,2,0,1,0,0,1
0,2,0,80.0,10,2,0,0,31,0,1,3,3,50000,0,0,3,2,0,1,0,0,1
0,2,0,80.0,10,3,1,0,31,0,1,3,3,50000,0,0,3,2,0,1,0,0,0
0,2,0,80.0,14,0,1,0,31,0,1,3,3,50000,0,0,3,2,0,0,0,0,1
0,2,0,55.0,14,0,1,0,31,0,1,3,3,50000,0,0,3,2,0,1,0,0,1
0,2,0,55.0,18,1,0,0,31,0,1,3,3,50000,0,0,3,2,0,1,0,0,1
1,0,0,55.0,18,3,1,0,31,0,1,3,3,50000,0,0,3,2,0,0,0,1,0
1,0,0,55.0,18,4,1,0,31,0,1,3,3,50000,0,0,3,2,0,1,0,0,1
1,0,0,80.0,18,1,0,0,31,0,1,3,3,50000,0,0,3,2,0,0,0,0,1
2,0,0,55.0,7,1,0,0,31,0,1,3,3,50000,0,0,3,2,0,1,1,0,1
2,0,0,55.0,7,3,1,0,31,0,1,3,3,50000,0,0,3,2,0,1,1,0,0
2,0,0,80.0,7,4,1,0,31,0,1,3,3,50000,0,0,3,2,0,1,0,0,1
2,0,0,80.0,7,2,0,0,31,0,1,3,3,50000,0,0,3,2,0,0,0,1,1
2,0,0,55.0,7,0,1,0,31,0,1,3,3,50000,0,0,3,2,0,0,0,0,1
2,0,0,55.0,7,1,0,0,31,0,1,3,3,50000,0,0,3,2,0,1,0,0,1
0,0,0,55.0,14,0,1,0,31,1,0,5,10,50000,2,3,3,3,3,0,0,0,1
0,1,0,80.0,10,1,0,0,31,1,0,5,10,50000,2,3,3,3,3,0,0,0,1
0,1,0,80.0,10,3,1,0,31,1,0,5,10,50000,2,3,3,3,3,0,0,0,0
0,1,0,80.0,10,2,0,0,31,1,0,5,10,50000,2,3,3,3,3,1,0,0,0
0,1,0,80.0,14,1,1,0,31,1,0,5,10,50000,2,3,3,3,3,0,0,0,1
0,1,0,80.0,14,1,0,0,31,1,0,5,10,50000,2,3,3,3,3,1,0,0,0
0,1,0,80.0,14,1,1,0,31,1,0,5,10,50000,2,3,3,3,3,1,0,0,0
0,1,0,80.0,14,0,1,0,31,1,0,5,10,50000,2,3,3,3,3,1,0,0,1
0,1,0,80.0,18,1,0,0,31,1,0,5,10,50000,2,3,3,3,3,0,0,0,0
0,1,0,80.0,18,0,0,0,31,1,0,5,10,50000,2,3,3,3,3,1,0,0,1
0,1,0,55.0,14,1,0,0,31,1,0,5,10,50000,2,3,3,3,3,0,0,0,1
0,1,0,55.0,14,2,1,0,31,1,0,5,10,50000,2,3,3,3,3,1,0,0,1
0,0,0,55.0,10,1,0,0,31,1,0,5,10,50000,2,3,3,3,3,0,0,0,1
1,0,0,55.0,18,3,1,0,31,1,0,5,10,50000,2,3,3,3,3,0,0,1,1
1,0,0,55.0,18,4,1,0,31,1,0,5,10,50000,2,3,3,3,3,1,0,0,0
1,0,0,80.0,18,1,0,0,31,1,0,5,10,50000,2,3,3,3,3,0,0,0,0
2,0,0,55.0,7,1,0,0,31,1,0,5,10,50000,2,3,3,3,3,1,1,0,1
2,0,0,55.0,7,3,1,0,31,1,0,5,10,50000,2,3,3,3,3,1,1,0,1
2,0,0,80.0,7,4,1,0,31,1,0,5,10,50000,2,3,3,3,3,1,0,0,0
2,0,0,80.0,7,2,0,0,31,1,0,5,10,50000,2,3,3,3,3,0,0,1,0
2,0,0,55.0,7,0,1,0,31,1,0,5,10,50000,2,3,3,3,3,0,0,0,0
2,0,0,55.0,7,1,0,0,31,1,0,5,10,50000,2,3,3,3,3,1,0,0,1
0,0,0,55.0,14,0,1,1,21,2,0,4,1,75000,1,1,2,3,1,0,0,0,1
0,1,0,80.0,10,1,0,1,21,2,0,4,1,75000,1,1,2,3,1,0,0,0,1
0,1,0,80.0,10,2,0,1,21,2,0,4,1,75000,1,1,2,3,1,1,0,0,0
0,1,0,80.0,14,1,0,1,21,2,0,4,1,75000,1,1,2,3,1,1,0,0,1
0,1,0,80.0,14,1,1,1,21,2,0,4,1,75000,1,1,2,3,1,1,0,0,1
0,1,0,80.0,18,0,0,1,21,2,0,4,1,75000,1,1,2,3,1,1,0,0,0
0,1,0,55.0,14,2,1,1,21,2,0,4,1,75000,1,1,2,3,1,1,0,0,0
0,3,0,80.0,10,1,0,1,21,2,0,4,1,75000,1,1,2,3,1,0,0,0,1
0,3,0,80.0,10,4,1,1,21,2,0,4,1,75000,1,1,2,3,1,0,0,0,0
0,3,0,80.0,10,3,0,1,21,2,0,4,1,75000,1,1,2,3,1,0,0,0,0
0,3,0,80.0,10,1,0,1,21,2,0,4,1,75000,1,1,2,3,1,1,0,0,1
0,3,0,80.0,18,0,0,1,21,2,0,4,1,75000,1,1,2,3,1,0,0,0,0
0,3,0,80.0,18,3,1,1,21,2,0,4,1,75000,1,1,2,3,1,1,0,0,1
1,0,0,55.0,18,3,1,1,21,2,0,4,1,75000,1,1,2,3,1,0,0,1,1
1,0,0,80.0,18,4,1,1,21,2,0,4,1,75000,1,1,2,3,1,1,0,0,0
1,0,0,80.0,18,1,0,1,21,2,0,4,1,75000,1,1,2,3,1,0,0,0,0
2,0,0,55.0,7,1,0,1,21,2,0,4,1,75000,1,1,2,3,1,1,1,0,0
2,0,0,55.0,7,3,1,1,21,2,0,4,1,75000,1,1,2,3,1,1,1,0,0
2,0,0,80.0,7,4,1,1,21,2,0,4,1,75000,1,1,2,3,1,1,0,0,0
2,0,0,80.0,7,2,0,1,21,2,0,4,1,75000,1,1,2,3,1,0,0,1,0
2,0,0,55.0,7,0,1,1,21,2,0,4,1,75000,1,1,2,3,1,0,0,0,0
2,0,0,55.0,7,1,0,1,21,2,0,4,1,75000,1,1,2,3,1,1,0,0,0
0,0,0,55.0,14,0,1,0,36,2,1,5,5,87500,1,1,2,3,1,0,0,0,1
0,1,0,80.0,10,1,0,0,36,2,1,5,5,87500,1,1,2,3,1,0,0,0,1
0,1,0,80.0,10,2,0,0,36,2,1,5,5,87500,1,1,2,3,1,1,0,0,1
0,1,0,80.0,14,1,0,0,36,2,1,5,5,87500,1,1,2,3,1,1,0,0,1
0,1,0,80.0,14,1,1,0,36,2,1,5,5,87500,1,1,2,3,1,1,0,0,1
0,1,0,80.0,18,0,0,0,36,2,1,5,5,87500,1,1,2,3,1,1,0,0,1
0,1,0,55.0,14,2,1,0,36,2,1,5,5,87500,1,1,2,3,1,1,0,0,1
0,2,0,80.0,10,0,0,0,36,2,1,5,5,87500,1,1,2,3,1,1,0,0,1
0,2,0,80.0,10,2,0,0,36,2,1,5,5,87500,1,1,2,3,1,1,0,0,1
0,2,0,80.0,10,3,1,0,36,2,1,5,5,87500,1,1,2,3,1,1,0,0,0
0,2,0,80.0,14,0,1,0,36,2,1,5,5,87500,1,1,2,3,1,0,0,0,1
0,2,0,55.0,14,0,1,0,36,2,1,5,5,87500,1,1,2,3,1,1,0,0,1
0,2,0,55.0,18,1,0,0,36,2,1,5,5,87500,1,1,2,3,1,1,0,0,0
1,0,0,55.0,18,3,1,0,36,2,1,5,5,87500,1,1,2,3,1,0,0,1,0
1,0,0,55.0,18,4,1,0,36,2,1,5,5,87500,1,1,2,3,1,1,0,0,0
1,0,0,80.0,18,1,0,0,36,2,1,5,5,87500,1,1,2,3,1,0,0,0,0
2,0,0,55.0,7,1,0,0,36,2,1,5,5,87500,1,1,2,3,1,1,1,0,1
2,0,0,55.0,7,3,1,0,36,2,1,5,5,87500,1,1,2,3,1,1,1,0,0
2,0,0,80.0,7,4,1,0,36,2,1,5,5,87500,1,1,2,3,1,1,0,0,1
2,0,0,80.0,7,2,0,0,36,2,1,5,5,87500,1,1,2,3,1,0,0,1,1
2,0,0,55.0,7,0,1,0,36,2,1,5,5,87500,1,1,2,3,1,0,0,0,1
2,0,0,55.0,7,1,0,0,36,2,1,5,5,87500,1,1,2,3,1,1,0,0,0
0,0,0,55.0,14,0,1,0,31,2,1,4,8,25000,0,0,2,0,0,0,0,0,1
0,1,0,80.0,10,1,0,0,31,2,1,4,8,25000,0,0,2,0,0,0,0,0,1
0,1,0,80.0,10,2,0,0,31,2,1,4,8,25000,0,0,2,0,0,1,0,0,1
0,1,0,80.0,14,1,0,0,31,2,1,4,8,25000,0,0,2,0,0,1,0,0,0
0,1,0,80.0,14,1,1,0,31,2,1,4,8,25000,0,0,2,0,0,1,0,0,0
0,1,0,80.0,18,0,0,0,31,2,1,4,8,25000,0,0,2,0,0,1,0,0,1
0,1,0,55.0,14,2,1,0,31,2,1,4,8,25000,0,0,2,0,0,1,0,0,1
0,2,0,80.0,10,0,0,0,31,2,1,4,8,25000,0,0,2,0,0,1,0,0,1
0,2,0,80.0,10,2,0,0,31,2,1,4,8,25000,0,0,2,0,0,1,0,0,1
0,2,0,80.0,10,3,1,0,31,2,1,4,8,25000,0,0,2,0,0,1,0,0,0
0,2,0,80.0,14,0,1,0,31,2,1,4,8,25000,0,0,2,0,0,0,0,0,1
0,2,0,55.0,14,0,1,0,31,2,1,4,8,25000,0,0,2,0,0,1,0,0,0
0,2,0,55.0,18,1,0,0,31,2,1,4,8,25000,0,0,2,0,0,1,0,0,0
1,0,0,55.0,18,3,1,0,31,2,1,4,8,25000,0,0,2,0,0,0,0,1,0
1,0,0,55.0,18,4,1,0,31,2,1,4,8,25000,0,0,2,0,0,1,0,0,0
1,0,0,80.0,18,1,0,0,31,2,1,4,8,25000,0,0,2,0,0,0,0,0,0
2,0,0,55.0,7,1,0,0,31,2,1,4,8,25000,0,0,2,0,0,1,1,0,0
2,0,0,55.0,7,3,1,0,31,2,1,4,8,25000,0,0,2,0,0,1,1,0,0
2,0,0,80.0,7,4,1,0,31,2,1,4,8,25000,0,0,2,0,0,1,0,0,0
2,0,0,80.0,7,2,0,0,31,2,1,4,8,25000,0,0,2,0,0,0,0,1,1
2,0,0,80.0,7,0,1,0,31,2,1,4,8,25000,0,0,2,0,0,0,0,0,1
2,0,0,55.0,7,1,0,0,31,2,1,4,8,25000,0,0,2,0,0,1,0,0,0
0,0,0,55.0,14,0,1,0,51,3,1,5,16,12500,2,3,3,3,1,0,0,0,1
0,1,0,80.0,10,1,0,0,51,3,1,5,16,12500,2,3,3,3,1,0,0,0,1
0,1,0,80.0,10,3,1,0,51,3,1,5,16,12500,2,3,3,3,1,0,0,0,0
0,1,0,80.0,10,2,0,0,51,3,1,5,16,12500,2,3,3,3,1,1,0,0,0
0,1,0,80.0,14,1,1,0,51,3,1,5,16,12500,2,3,3,3,1,0,0,0,0
0,1,0,80.0,14,1,0,0,51,3,1,5,16,12500,2,3,3,3,1,1,0,0,0
0,1,0,80.0,14,1,1,0,51,3,1,5,16,12500,2,3,3,3,1,1,0,0,0
0,1,0,80.0,14,0,1,0,51,3,1,5,16,12500,2,3,3,3,1,1,0,0,1
0,1,0,80.0,18,1,0,0,51,3,1,5,16,12500,2,3,3,3,1,0,0,0,0
0,1,0,80.0,18,0,0,0,51,3,1,5,16,12500,2,3,3,3,1,1,0,0,0
0,1,0,55.0,14,1,0,0,51,3,1,5,16,12500,2,3,3,3,1,0,0,0,0
0,1,0,55.0,14,2,1,0,51,3,1,5,16,12500,2,3,3,3,1,1,0,0,1
0,0,0,55.0,10,1,0,0,51,3,1,5,16,12500,2,3,3,3,1,0,0,0,1
1,0,0,55.0,18,3,1,0,51,3,1,5,16,12500,2,3,3,3,1,0,0,1,1
1,0,0,55.0,18,4,1,0,51,3,1,5,16,12500,2,3,3,3,1,1,0,0,0
1,0,0,80.0,18,1,0,0,51,3,1,5,16,12500,2,3,3,3,1,0,0,0,0
2,0,0,55.0,7,1,0,0,51,3,1,5,16,12500,2,3,3,3,1,1,1,0,1
2,0,0,55.0,7,3,1,0,51,3,1,5,16,12500,2,3,3,3,1,1,1,0,1
2,0,0,80.0,7,4,1,0,51,3,1,5,16,12500,2,3,3,3,1,1,0,0,0
2,0,0,80.0,7,2,0,0,51,3,1,5,16,12500,2,3,3,3,1,0,0,1,1
2,0,0,55.0,7,0,1,0,51,3,1,5,16,12500,2,3,3,3,1,0,0,0,1
2,0,0,55.0,7,1,0,0,51,3,1,5,16,12500,2,3,3,3,1,1,0,0,0
0,0,0,55.0,14,0,1,1,51,0,0,4,16,100000,0,0,2,4,0,0,0,0,1
0,1,0,80.0,10,1,0,1,51,0,0,4,16,100000,0,0,2,4,0,0,0,0,0
0,1,0,80.0,10,2,0,1,51,0,0,4,16,100000,0,0,2,4,0,1,0,0,1
0,1,0,80.0,14,1,0,1,51,0,0,4,16,100000,0,0,2,4,0,1,0,0,0
0,1,0,80.0,14,1,1,1,51,0,0,4,16,100000,0,0,2,4,0,1,0,0,0
0,1,0,80.0,18,0,0,1,51,0,0,4,16,100000,0,0,2,4,0,1,0,0,1
0,1,0,55.0,14,2,1,1,51,0,0,4,16,100000,0,0,2,4,0,1,0,0,1
0,3,0,80.0,10,1,0,1,51,0,0,4,16,100000,0,0,2,4,0,0,0,0,0
0,3,0,80.0,10,4,1,1,51,0,0,4,16,100000,0,0,2,4,0,0,0,0,0
0,3,0,80.0,10,3,0,1,51,0,0,4,16,100000,0,0,2,4,0,0,0,0,0
0,3,0,80.0,10,1,0,1,51,0,0,4,16,100000,0,0,2,4,0,1,0,0,0
0,3,0,80.0,18,0,0,1,51,0,0,4,16,100000,0,0,2,4,0,0,0,0,1
0,3,0,80.0,18,3,1,1,51,0,0,4,16,100000,0,0,2,4,0,1,0,0,0
1,0,0,55.0,18,3,1,1,51,0,0,4,16,100000,0,0,2,4,0,0,0,1,0
1,0,0,55.0,18,4,1,1,51,0,0,4,16,100000,0,0,2,4,0,1,0,0,0
1,0,0,80.0,18,1,0,1,51,0,0,4,16,100000,0,0,2,4,0,0,0,0,0
2,0,0,55.0,7,1,0,1,51,0,0,4,16,100000,0,0,2,4,0,1,1,0,0
2,0,0,55.0,7,3,1,1,51,0,0,4,16,100000,0,0,2,4,0,1,1,0,0
2,0,0,80.0,7,4,1,1,51,0,0,4,16,100000,0,0,2,4,0,1,0,0,0
2,0,0,80.0,7,2,0,1,51,0,0,4,16,100000,0,0,2,4,0,0,0,1,0
2,0,0,55.0,7,0,1,1,51,0,0,4,16,100000,0,0,2,4,0,0,0,0,1
2,0,0,55.0,7,1,0,1,51,0,0,4,16,100000,0,0,2,4,0,1,0,0,0
0,0,0,55.0,14,0,1,0,31,0,0,2,13,75000,1,2,4,3,2,0,0,0,1
0,1,0,80.0,10,1,0,0,31,0,0,2,13,75000,1,2,4,3,2,0,0,0,1
0,1,0,80.0,10,2,0,0,31,0,0,2,13,75000,1,2,4,3,2,1,0,0,0
0,1,0,80.0,14,1,0,0,31,0,0,2,13,75000,1,2,4,3,2,1,0,0,0
0,1,0,80.0,14,1,1,0,31,0,0,2,13,75000,1,2,4,3,2,1,0,0,0
0,1,0,80.0,18,0,0,0,31,0,0,2,13,75000,1,2,4,3,2,1,0,0,1
0,1,0,55.0,14,2,1,0,31,0,0,2,13,75000,1,2,4,3,2,1,0,0,0
0,3,0,80.0,10,1,0,0,31,0,0,2,13,75000,1,2,4,3,2,0,0,0,1
0,3,0,80.0,10,4,1,0,31,0,0,2,13,75000,1,2,4,3,2,0,0,0,1
0,3,0,80.0,10,3,0,0,31,0,0,2,13,75000,1,2,4,3,2,0,0,0,0
0,3,0,80.0,10,1,0,0,31,0,0,2,13,75000,1,2,4,3,2,1,0,0,1
0,3,0,80.0,18,0,0,0,31,0,0,2,13,75000,1,2,4,3,2,0,0,0,1
0,3,0,80.0,18,3,1,0,31,0,0,2,13,75000,1,2,4,3,2,1,0,0,1
1,0,0,55.0,18,3,1,0,31,0,0,2,13,75000,1,2,4,3,2,0,0,1,1
1,0,0,55.0,18,4,1,0,31,0,0,2,13,75000,1,2,4,3,2,1,0,0,0
1,0,0,80.0,18,1,0,0,31,0,0,2,13,75000,1,2,4,3,2,0,0,0,0
2,0,0,55.0,7,1,0,0,31,0,0,2,13,75000,1,2,4,3,2,1,1,0,0
2,0,0,55.0,7,3,1,0,31,0,0,2,13,75000,1,2,4,3,2,1,1,0,0
2,0,0,80.0,7,4,1,0,31,0,0,2,13,75000,1,2,4,3,2,1,0,0,1
2,0,0,80.0,7,2,0,0,31,0,0,2,13,75000,1,2,4,3,2,0,0,1,1
2,0,0,55.0,7,0,1,0,31,0,0,2,13,75000,1,2,4,3,2,0,0,0,1
2,0,0,55.0,7,1,0,0,31,0,0,2,13,75000,1,2,4,3,2,1,0,0,0
0,0,0,55.0,14,0,1,1,41,2,1,2,8,25000,0,2,4,3,1,0,0,0,1
0,1,0,80.0,10,1,0,1,41,2,1,2,8,25000,0,2,4,3,1,0,0,0,0
0,1,0,80.0,10,2,0,1,41,2,1,2,8,25000,0,2,4,3,1,1,0,0,1
0,1,0,80.0,14,1,0,1,41,2,1,2,8,25000,0,2,4,3,1,1,0,0,0
0,1,0,80.0,14,1,1,1,41,2,1,2,8,25000,0,2,4,3,1,1,0,0,0
0,1,0,80.0,18,0,0,1,41,2,1,2,8,25000,0,2,4,3,1,1,0,0,1
0,1,0,55.0,14,2,1,1,41,2,1,2,8,25000,0,2,4,3,1,1,0,0,1
0,2,0,80.0,10,0,0,1,41,2,1,2,8,25000,0,2,4,3,1,1,0,0,1
0,2,0,80.0,10,2,0,1,41,2,1,2,8,25000,0,2,4,3,1,1,0,0,1
0,2,0,80.0,10,3,1,1,41,2,1,2,8,25000,0,2,4,3,1,1,0,0,0
0,2,0,80.0,14,0,1,1,41,2,1,2,8,25000,0,2,4,3,1,0,0,0,1
0,2,0,55.0,14,0,1,1,41,2,1,2,8,25000,0,2,4,3,1,1,0,0,1
0,2,0,55.0,18,1,0,1,41,2,1,2,8,25000,0,2,4,3,1,1,0,0,0
1,0,0,55.0,18,3,1,1,41,2,1,2,8,25000,0,2,4,3,1,0,0,1,0
1,0,0,55.0,18,4,1,1,41,2,1,2,8,25000,0,2,4,3,1,1,0,0,1
1,0,0,80.0,18,1,0,1,41,2,1,2,8,25000,0,2,4,3,1,0,0,0,0
2,0,0,55.0,7,1,0,1,41,2,1,2,8,25000,0,2,4,3,1,1,1,0,1
2,0,0,55.0,7,3,1,1,41,2,1,2,8,25000,0,2,4,3,1,1,1,0,0
2,0,0,80.0,7,4,1,1,41,2,1,2,8,25000,0,2,4,3,1,1,0,0,0
2,0,0,80.0,7,2,0,1,41,2,1,2,8,25000,0,2,4,3,1,0,0,1,1
2,0,0,55.0,7,0,1,1,41,2,1,2,8,25000,0,2,4,3,1,0,0,0,0
2,0,0,55.0,7,1,0,1,41,2,1,2,8,25000,0,2,4,3,1,1,0,0,0
0,0,0,55.0,14,0,1,0,41,2,1,3,0,75000,0,1,3,2,1,0,0,0,0
0,1,0,80.0,10,1,0,0,41,2,1,3,0,75000,0,1,3,2,1,0,0,0,1
0,1,0,80.0,10,2,0,0,41,2,1,3,0,75000,0,1,3,2,1,1,0,0,1
0,1,0,80.0,14,1,0,0,41,2,1,3,0,75000,0,1,3,2,1,1,0,0,0
0,1,0,80.0,14,1,1,0,41,2,1,3,0,75000,0,1,3,2,1,1,0,0,0
0,1,0,80.0,18,0,0,0,41,2,1,3,0,75000,0,1,3,2,1,1,0,0,0
0,1,0,55.0,14,2,1,0,41,2,1,3,0,75000,0,1,3,2,1,1,0,0,1
0,2,0,80.0,10,0,0,0,41,2,1,3,0,75000,0,1,3,2,1,1,0,0,1
0,2,0,80.0,10,2,0,0,41,2,1,3,0,75000,0,1,3,2,1,1,0,0,1
0,2,0,80.0,10,3,1,0,41,2,1,3,0,75000,0,1,3,2,1,1,0,0,0
0,2,0,80.0,14,0,1,0,41,2,1,3,0,75000,0,1,3,2,1,0,0,0,1
0,2,0,55.0,14,0,1,0,41,2,1,3,0,75000,0,1,3,2,1,1,0,0,0
0,2,0,55.0,18,1,0,0,41,2,1,3,0,75000,0,1,3,2,1,1,0,0,0
1,0,0,55.0,18,3,1,0,41,2,1,3,0,75000,0,1,3,2,1,0,0,1,0
1,0,0,55.0,18,4,1,0,41,2,1,3,0,75000,0,1,3,2,1,1,0,0,0
1,0,0,80.0,18,1,0,0,41,2,1,3,0,75000,0,1,3,2,1,0,0,0,0
2,0,0,55.0,7,1,0,0,41,2,1,3,0,75000,0,1,3,2,1,1,1,0,1
2,0,0,55.0,7,3,1,0,41,2,1,3,0,75000,0,1,3,2,1,1,1,0,0
2,0,0,80.0,7,4,1,0,41,2,1,3,0,75000,0,1,3,2,1,1,0,0,0
2,0,0,80.0,7,2,0,0,41,2,1,3,0,75000,0,1,3,2,1,0,0,1,0
2,0,0,55.0,7,0,1,0,41,2,1,3,0,75000,0,1,3,2,1,0,0,0,1
2,0,0,55.0,7,1,0,0,41,2,1,3,0,75000,0,1,3,2,1,1,0,0,1
0,0,0,55.0,14,0,1,0,36,2,1,4,0,87500,1,2,2,1,1,0,0,0,0
0,1,0,80.0,10,1,0,0,36,2,1,4,0,87500,1,2,2,1,1,0,0,0,1
0,1,0,80.0,10,2,0,0,36,2,1,4,0,87500,1,2,2,1,1,1,0,0,0
0,1,0,80.0,14,1,0,0,36,2,1,4,0,87500,1,2,2,1,1,1,0,0,1
0,1,0,80.0,14,1,1,0,36,2,1,4,0,87500,1,2,2,1,1,1,0,0,0
0,1,0,80.0,18,0,0,0,36,2,1,4,0,87500,1,2,2,1,1,1,0,0,0
0,1,0,55.0,14,2,1,0,36,2,1,4,0,87500,1,2,2,1,1,1,0,0,1
0,2,0,80.0,10,0,0,0,36,2,1,4,0,87500,1,2,2,1,1,1,0,0,0
0,2,0,80.0,10,2,0,0,36,2,1,4,0,87500,1,2,2,1,1,1,0,0,0
0,2,0,80.0,10,3,1,0,36,2,1,4,0,87500,1,2,2,1,1,1,0,0,0
0,2,0,80.0,14,0,1,0,36,2,1,4,0,87500,1,2,2,1,1,0,0,0,0
0,2,0,55.0,14,0,1,0,36,2,1,4,0,87500,1,2,2,1,1,1,0,0,0
0,2,0,55.0,18,1,0,0,36,2,1,4,0,87500,1,2,2,1,1,1,0,0,1
1,0,0,55.0,18,3,1,0,36,2,1,4,0,87500,1,2,2,1,1,0,0,1,0
1,0,0,55.0,18,4,1,0,36,2,1,4,0,87500,1,2,2,1,1,1,0,0,0
1,0,0,80.0,18,1,0,0,36,2,1,4,0,87500,1,2,2,1,1,0,0,0,1
2,0,0,55.0,7,1,0,0,36,2,1,4,0,87500,1,2,2,1,1,1,1,0,0
2,0,0,55.0,7,3,1,0,36,2,1,4,0,87500,1,2,2,1,1,1,1,0,0
2,0,0,80.0,7,4,1,0,36,2,1,4,0,87500,1,2,2,1,1,1,0,0,0
2,0,0,80.0,7,2,0,0,36,2,1,4,0,87500,1,2,2,1,1,0,0,1,0
2,0,0,55.0,7,0,1,0,36,2,1,4,0,87500,1,2,2,1,1,0,0,0,0
2,0,0,55.0,7,1,0,0,36,2,1,4,0,87500,1,2,2,1,1,1,0,0,0
0,0,0,55.0,14,0,1,0,31,2,0,2,9,100000,1,1,4,3,1,0,0,0,1
0,1,0,80.0,10,1,0,0,31,2,0,2,9,100000,1,1,4,3,1,0,0,0,1
0,1,0,80.0,10,2,0,0,31,2,0,2,9,100000,1,1,4,3,1,1,0,0,0
0,1,0,80.0,14,1,0,0,31,2,0,2,9,100000,1,1,4,3,1,1,0,0,0
0,1,0,80.0,14,1,1,0,31,2,0,2,9,100000,1,1,4,3,1,1,0,0,0
0,1,0,80.0,18,0,0,0,31,2,0,2,9,100000,1,1,4,3,1,1,0,0,1
0,1,0,55.0,14,2,1,0,31,2,0,2,9,100000,1,1,4,3,1,1,0,0,1
0,3,0,80.0,10,1,0,0,31,2,0,2,9,100000,1,1,4,3,1,0,0,0,1
0,3,0,80.0,10,4,1,0,31,2,0,2,9,100000,1,1,4,3,1,0,0,0,1
0,3,0,80.0,10,3,0,0,31,2,0,2,9,100000,1,1,4,3,1,0,0,0,0
0,3,0,80.0,10,1,0,0,31,2,0,2,9,100000,1,1,4,3,1,1,0,0,1
0,3,0,80.0,18,0,0,0,31,2,0,2,9,100000,1,1,4,3,1,0,0,0,1
0,3,0,80.0,18,3,1,0,31,2,0,2,9,100000,1,1,4,3,1,1,0,0,1
1,0,0,55.0,18,3,1,0,31,2,0,2,9,100000,1,1,4,3,1,0,0,1,0
1,0,0,55.0,18,4,1,0,31,2,0,2,9,100000,1,1,4,3,1,1,0,0,0
1,0,0,80.0,18,1,0,0,31,2,0,2,9,100000,1,1,4,3,1,0,0,0,0
2,0,0,80.0,7,1,0,0,31,2,0,2,9,100000,1,1,4,3,1,1,1,0,0
2,0,0,55.0,7,3,1,0,31,2,0,2,9,100000,1,1,4,3,1,1,1,0,0
2,0,0,80.0,7,4,1,0,31,2,0,2,9,100000,1,1,4,3,1,1,0,0,1
2,0,0,80.0,7,2,0,0,31,2,0,2,9,100000,1,1,4,3,1,0,0,1,0
2,0,0,55.0,7,0,1,0,31,2,0,2,9,100000,1,1,4,3,1,0,0,0,1
2,0,0,55.0,7,1,0,0,31,2,0,2,9,100000,1,1,4,3,1,1,0,0,0
0,3,0,80.0,10,1,0,1,26,0,0,2,9,50000,0,1,2,2,1,0,0,0,1
0,3,0,80.0,10,4,1,1,26,0,0,2,9,50000,0,1,2,2,1,0,0,0,1
0,3,0,80.0,10,3,0,1,26,0,0,2,9,50000,0,1,2,2,1,0,0,0,1
0,3,0,80.0,10,1,0,1,26,0,0,2,9,50000,0,1,2,2,1,1,0,0,0
0,3,0,80.0,18,0,0,1,26,0,0,2,9,50000,0,1,2,2,1,0,0,0,1
0,3,0,80.0,18,3,1,1,26,0,0,2,9,50000,0,1,2,2,1,1,0,0,1
0,0,0,55.0,14,0,1,1,26,2,1,4,9,100000,2,4,3,4,3,0,0,0,1
0,1,0,80.0,10,1,0,1,26,2,1,4,9,100000,2,4,3,4,3,0,0,0,0
0,1,0,80.0,10,2,0,1,26,2,1,4,9,100000,2,4,3,4,3,1,0,0,1
0,1,0,80.0,14,1,0,1,26,2,1,4,9,100000,2,4,3,4,3,1,0,0,0
0,1,0,80.0,14,1,1,1,26,2,1,4,9,100000,2,4,3,4,3,1,0,0,0
0,1,0,80.0,18,0,0,1,26,2,1,4,9,100000,2,4,3,4,3,1,0,0,0
0,1,0,55.0,14,2,1,1,26,2,1,4,9,100000,2,4,3,4,3,1,0,0,0
0,2,0,80.0,10,0,0,1,26,2,1,4,9,100000,2,4,3,4,3,1,0,0,0
0,2,0,80.0,10,2,0,1,26,2,1,4,9,100000,2,4,3,4,3,1,0,0,0
0,2,0,80.0,10,3,1,1,26,2,1,4,9,100000,2,4,3,4,3,1,0,0,1
0,2,0,80.0,14,0,1,1,26,2,1,4,9,100000,2,4,3,4,3,0,0,0,1
0,2,0,55.0,14,0,1,1,26,2,1,4,9,100000,2,4,3,4,3,1,0,0,1
0,2,0,55.0,18,1,0,1,26,2,1,4,9,100000,2,4,3,4,3,1,0,0,0
1,0,0,55.0,18,3,1,1,26,2,1,4,9,100000,2,4,3,4,3,0,0,1,1
1,0,0,55.0,18,4,1,1,26,2,1,4,9,100000,2,4,3,4,3,1,0,0,1
1,0,0,80.0,18,1,0,1,26,2,1,4,9,100000,2,4,3,4,3,0,0,0,1
2,0,0,55.0,7,1,0,1,26,2,1,4,9,100000,2,4,3,4,3,1,1,0,0
2,0,0,55.0,7,3,1,1,26,2,1,4,9,100000,2,4,3,4,3,1,1,0,1
2,0,0,80.0,7,4,1,1,26,2,1,4,9,100000,2,4,3,4,3,1,0,0,1
2,0,0,80.0,7,2,0,1,26,2,1,4,9,100000,2,4,3,4,3,0,0,1,1
2,0,0,55.0,7,0,1,1,26,2,1,4,9,100000,2,4,3,4,3,0,0,0,0
2,0,0,55.0,7,1,0,1,26,2,1,4,9,100000,2,4,3,4,3,1,0,0,0
0,0,0,55.0,14,0,1,0,31,2,1,2,6,12500,2,1,3,3,1,0,0,0,1
0,1,0,80.0,10,1,0,0,31,2,1,2,6,12500,2,1,3,3,1,0,0,0,0
0,1,0,80.0,10,2,0,0,31,2,1,2,6,12500,2,1,3,3,1,1,0,0,1
0,1,0,80.0,14,1,0,0,31,2,1,2,6,12500,2,1,3,3,1,1,0,0,0
0,1,0,80.0,14,1,1,0,31,2,1,2,6,12500,2,1,3,3,1,1,0,0,0
0,1,0,80.0,18,0,0,0,31,2,1,2,6,12500,2,1,3,3,1,1,0,0,1
0,1,0,55.0,14,2,1,0,31,2,1,2,6,12500,2,1,3,3,1,1,0,0,1
0,2,0,80.0,10,0,0,0,31,2,1,2,6,12500,2,1,3,3,1,1,0,0,1
0,2,0,80.0,10,2,0,0,31,2,1,2,6,12500,2,1,3,3,1,1,0,0,1
0,2,0,80.0,10,3,1,0,31,2,1,2,6,12500,2,1,3,3,1,1,0,0,0
0,2,0,80.0,14,0,1,0,31,2,1,2,6,12500,2,1,3,3,1,0,0,0,1
0,2,0,55.0,18,1,0,0,31,2,1,2,6,12500,2,1,3,3,1,1,0,0,0
1,0,0,55.0,18,3,1,0,31,2,1,2,6,12500,2,1,3,3,1,0,0,1,1
1,0,0,55.0,18,4,1,0,31,2,1,2,6,12500,2,1,3,3,1,1,0,0,1
1,0,0,80.0,18,1,0,0,31,2,1,2,6,12500,2,1,3,3,1,0,0,0,0
2,0,0,55.0,7,1,0,0,31,2,1,2,6,12500,2,1,3,3,1,1,1,0,0
2,0,0,80.0,7,3,1,0,31,2,1,2,6,12500,2,1,3,3,1,1,1,0,1
2,0,0,80.0,7,4,1,0,31,2,1,2,6,12500,2,1,3,3,1,1,0,0,0
2,0,0,80.0,7,2,0,0,31,2,1,2,6,12500,2,1,3,3,1,0,0,1,1
2,0,0,55.0,7,0,1,0,31,2,1,2,6,12500,2,1,3,3,1,0,0,0,0
2,0,0,55.0,7,1,0,0,31,2,1,2,6,12500,2,1,3,3,1,1,0,0,0
0,0,0,55.0,14,0,1,1,16,1,0,2,2,62500,0,2,2,0,2,0,0,0,1
0,1,0,80.0,10,1,0,1,16,1,0,2,2,62500,0,2,2,0,2,0,0,0,1
0,1,0,80.0,10,3,1,1,16,1,0,2,2,62500,0,2,2,0,2,0,0,0,1
0,1,0,80.0,10,2,0,1,16,1,0,2,2,62500,0,2,2,0,2,1,0,0,1
0,1,0,80.0,14,1,1,1,16,1,0,2,2,62500,0,2,2,0,2,0,0,0,1
0,1,0,80.0,14,1,0,1,16,1,0,2,2,62500,0,2,2,0,2,1,0,0,1
0,1,0,80.0,14,1,1,1,16,1,0,2,2,62500,0,2,2,0,2,1,0,0,1
0,1,0,80.0,14,0,1,1,16,1,0,2,2,62500,0,2,2,0,2,1,0,0,1
0,1,0,80.0,18,1,0,1,16,1,0,2,2,62500,0,2,2,0,2,0,0,0,1
0,1,0,80.0,18,0,0,1,16,1,0,2,2,62500,0,2,2,0,2,1,0,0,1
0,1,0,55.0,14,1,0,1,16,1,0,2,2,62500,0,2,2,0,2,0,0,0,1
0,1,0,55.0,14,2,1,1,16,1,0,2,2,62500,0,2,2,0,2,1,0,0,1
0,0,0,55.0,10,1,0,1,16,1,0,2,2,62500,0,2,2,0,2,0,0,0,1
1,0,0,55.0,18,3,1,1,16,1,0,2,2,62500,0,2,2,0,2,0,0,1,1
1,0,0,55.0,18,4,1,1,16,1,0,2,2,62500,0,2,2,0,2,1,0,0,1
1,0,0,80.0,18,1,0,1,16,1,0,2,2,62500,0,2,2,0,2,0,0,0,0
2,0,0,55.0,7,1,0,1,16,1,0,2,2,62500,0,2,2,0,2,1,1,0,0
2,0,0,55.0,7,3,1,1,16,1,0,2,2,62500,0,2,2,0,2,1,1,0,0
2,0,0,80.0,7,4,1,1,16,1,0,2,2,62500,0,2,2,0,2,1,0,0,1
2,0,0,80.0,7,2,0,1,16,1,0,2,2,62500,0,2,2,0,2,0,0,1,1
2,0,0,55.0,7,0,1,1,16,1,0,2,2,62500,0,2,2,0,2,0,0,0,1
2,0,0,55.0,7,1,0,1,16,1,0,2,2,62500,0,2,2,0,2,1,0,0,0
0,0,0,55.0,14,0,1,1,26,1,0,5,6,12500,1,3,3,2,0,0,0,0,1
0,1,0,80.0,10,1,0,1,26,1,0,5,6,12500,1,3,3,2,0,0,0,0,0
0,1,0,80.0,10,3,1,1,26,1,0,5,6,12500,1,3,3,2,0,0,0,0,1
0,1,0,80.0,10,2,0,1,26,1,0,5,6,12500,1,3,3,2,0,1,0,0,0
0,1,0,80.0,14,1,1,1,26,1,0,5,6,12500,1,3,3,2,0,0,0,0,1
0,1,0,80.0,14,1,0,1,26,1,0,5,6,12500,1,3,3,2,0,1,0,0,0
0,1,0,80.0,14,1,1,1,26,1,0,5,6,12500,1,3,3,2,0,1,0,0,1
0,1,0,80.0,14,0,1,1,26,1,0,5,6,12500,1,3,3,2,0,1,0,0,1
0,1,0,80.0,18,1,0,1,26,1,0,5,6,12500,1,3,3,2,0,0,0,0,0
0,1,0,80.0,18,0,0,1,26,1,0,5,6,12500,1,3,3,2,0,1,0,0,1
0,1,0,55.0,14,1,0,1,26,1,0,5,6,12500,1,3,3,2,0,0,0,0,0
0,1,0,55.0,14,2,1,1,26,1,0,5,6,12500,1,3,3,2,0,1,0,0,1
0,0,0,55.0,10,1,0,1,26,1,0,5,6,12500,1,3,3,2,0,0,0,0,1
1,0,0,55.0,18,3,1,1,26,1,0,5,6,12500,1,3,3,2,0,0,0,1,0
1,0,0,55.0,18,4,1,1,26,1,0,5,6,12500,1,3,3,2,0,1,0,0,0
1,0,0,80.0,18,1,0,1,26,1,0,5,6,12500,1,3,3,2,0,0,0,0,1
2,0,0,55.0,7,1,0,1,26,1,0,5,6,12500,1,3,3,2,0,1,1,0,1
2,0,0,55.0,7,3,1,1,26,1,0,5,6,12500,1,3,3,2,0,1,1,0,0
2,0,0,80.0,7,4,1,1,26,1,0,5,6,12500,1,3,3,2,0,1,0,0,0
2,0,0,80.0,7,2,0,1,26,1,0,5,6,12500,1,3,3,2,0,0,0,1,0
2,0,0,55.0,7,0,1,1,26,1,0,5,6,12500,1,3,3,2,0,0,0,0,1
2,0,0,55.0,7,1,0,1,26,1,0,5,6,12500,1,3,3,2,0,1,0,0,0
0,0,0,55.0,14,0,1,1,51,4,0,2,14,0,0,0,1,2,1,0,0,0,1
0,1,0,80.0,10,1,0,1,51,4,0,2,14,0,0,0,1,2,1,0,0,0,0
0,1,0,80.0,10,3,1,1,51,4,0,2,14,0,0,0,1,2,1,0,0,0,0
0,1,0,80.0,10,2,0,1,51,4,0,2,14,0,0,0,1,2,1,1,0,0,1
0,1,0,80.0,14,1,1,1,51,4,0,2,14,0,0,0,1,2,1,0,0,0,1
0,1,0,80.0,14,1,0,1,51,4,0,2,14,0,0,0,1,2,1,1,0,0,0
0,1,0,80.0,14,1,1,1,51,4,0,2,14,0,0,0,1,2,1,1,0,0,0
0,1,0,80.0,14,0,1,1,51,4,0,2,14,0,0,0,1,2,1,1,0,0,1
0,1,0,80.0,18,1,0,1,51,4,0,2,14,0,0,0,1,2,1,0,0,0,0
0,1,0,80.0,18,0,0,1,51,4,0,2,14,0,0,0,1,2,1,1,0,0,1
0,1,0,55.0,14,1,0,1,51,4,0,2,14,0,0,0,1,2,1,0,0,0,0
0,1,0,55.0,14,2,1,1,51,4,0,2,14,0,0,0,1,2,1,1,0,0,1
0,0,0,55.0,10,1,0,1,51,4,0,2,14,0,0,0,1,2,1,0,0,0,1
1,0,0,55.0,18,3,1,1,51,4,0,2,14,0,0,0,1,2,1,0,0,1,0
1,0,0,55.0,18,4,1,1,51,4,0,2,14,0,0,0,1,2,1,1,0,0,0
1,0,0,80.0,18,1,0,1,51,4,0,2,14,0,0,0,1,2,1,0,0,0,0
2,0,0,55.0,7,1,0,1,51,4,0,2,14,0,0,0,1,2,1,1,1,0,0
2,0,0,55.0,7,3,1,1,51,4,0,2,14,0,0,0,1,2,1,1,1,0,0
2,0,0,80.0,7,4,1,1,51,4,0,2,14,0,0,0,1,2,1,1,0,0,0
2,0,0,80.0,7,2,0,1,51,4,0,2,14,0,0,0,1,2,1,0,0,1,0
2,0,0,55.0,7,0,1,1,51,4,0,2,14,0,0,0,1,2,1,0,0,0,1
2,0,0,55.0,7,1,0,1,51,4,0,2,14,0,0,0,1,2,1,1,0,0,0
0,0,0,55.0,14,0,1,1,51,0,1,3,16,50000,0,3,3,2,1,0,0,0,1
0,1,0,80.0,10,1,0,1,51,0,1,3,16,50000,0,3,3,2,1,0,0,0,1
0,1,0,80.0,10,2,0,1,51,0,1,3,16,50000,0,3,3,2,1,1,0,0,1
0,1,0,80.0,14,1,0,1,51,0,1,3,16,50000,0,3,3,2,1,1,0,0,0
0,1,0,80.0,14,1,1,1,51,0,1,3,16,50000,0,3,3,2,1,1,0,0,0
0,1,0,80.0,18,0,0,1,51,0,1,3,16,50000,0,3,3,2,1,1,0,0,0
0,1,0,55.0,14,2,1,1,51,0,1,3,16,50000,0,3,3,2,1,1,0,0,1
0,3,0,80.0,10,1,0,1,51,0,1,3,16,50000,0,3,3,2,1,0,0,0,0
0,3,0,80.0,10,4,1,1,51,0,1,3,16,50000,0,3,3,2,1,0,0,0,1
0,3,0,80.0,10,3,0,1,51,0,1,3,16,50000,0,3,3,2,1,0,0,0,0
0,3,0,80.0,10,1,0,1,51,0,1,3,16,50000,0,3,3,2,1,1,0,0,0
0,3,0,80.0,18,0,0,1,51,0,1,3,16,50000,0,3,3,2,1,0,0,0,1
0,3,0,80.0,18,3,1,1,51,0,1,3,16,50000,0,3,3,2,1,1,0,0,0
1,0,0,55.0,18,3,1,1,51,0,1,3,16,50000,0,3,3,2,1,0,0,1,0
1,0,0,55.0,18,4,1,1,51,0,1,3,16,50000,0,3,3,2,1,1,0,0,0
1,0,0,80.0,18,1,0,1,51,0,1,3,16,50000,0,3,3,2,1,0,0,0,0
2,0,0,55.0,7,1,0,1,51,0,1,3,16,50000,0,3,3,2,1,1,1,0,0
2,0,0,55.0,7,3,1,1,51,0,1,3,16,50000,0,3,3,2,1,1,1,0,0
2,0,0,80.0,7,4,1,1,51,0,1,3,16,50000,0,3,3,2,1,1,0,0,1
2,0,0,80.0,7,2,0,1,51,0,1,3,16,50000,0,3,3,2,1,0,0,1,1
2,0,0,55.0,7,0,1,1,51,0,1,3,16,50000,0,3,3,2,1,0,0,0,1
2,0,0,55.0,7,1,0,1,51,0,1,3,16,50000,0,3,3,2,1,1,0,0,0
0,0,0,55.0,14,0,1,0,21,0,0,1,2,37500,0,2,2,3,0,0,0,0,1
0,1,0,80.0,10,1,0,0,21,0,0,1,2,37500,0,2,2,3,0,0,0,0,1
0,1,0,80.0,10,2,0,0,21,0,0,1,2,37500,0,2,2,3,0,1,0,0,1
0,1,0,80.0,14,1,0,0,21,0,0,1,2,37500,0,2,2,3,0,1,0,0,1
0,1,0,80.0,14,1,1,0,21,0,0,1,2,37500,0,2,2,3,0,1,0,0,1
0,1,0,80.0,18,0,0,0,21,0,0,1,2,37500,0,2,2,3,0,1,0,0,1
0,1,0,55.0,14,2,1,0,21,0,0,1,2,37500,0,2,2,3,0,1,0,0,1
0,3,0,80.0,10,1,0,0,21,0,0,1,2,37500,0,2,2,3,0,0,0,0,1
0,3,0,80.0,10,4,1,0,21,0,0,1,2,37500,0,2,2,3,0,0,0,0,0
0,3,0,80.0,10,3,0,0,21,0,0,1,2,37500,0,2,2,3,0,0,0,0,0
0,3,0,80.0,10,1,0,0,21,0,0,1,2,37500,0,2,2,3,0,1,0,0,1
0,3,0,80.0,18,0,0,0,21,0,0,1,2,37500,0,2,2,3,0,0,0,0,1
0,3,0,80.0,18,3,1,0,21,0,0,1,2,37500,0,2,2,3,0,1,0,0,0
1,0,0,55.0,18,3,1,0,21,0,0,1,2,37500,0,2,2,3,0,0,0,1,0
1,0,0,55.0,18,4,1,0,21,0,0,1,2,37500,0,2,2,3,0,1,0,0,0
1,0,0,80.0,18,1,0,0,21,0,0,1,2,37500,0,2,2,3,0,0,0,0,1
2,0,0,55.0,7,1,0,0,21,0,0,1,2,37500,0,2,2,3,0,1,1,0,1
2,0,0,55.0,7,3,1,0,21,0,0,1,2,37500,0,2,2,3,0,1,1,0,0
2,0,0,80.0,7,4,1,0,21,0,0,1,2,37500,0,2,2,3,0,1,0,0,0
2,0,0,80.0,7,2,0,0,21,0,0,1,2,37500,0,2,2,3,0,0,0,1,0
2,0,0,55.0,7,0,1,0,21,0,0,1,2,37500,0,2,2,3,0,0,0,0,0
2,0,0,55.0,7,1,0,0,21,0,0,1,2,37500,0,2,2,3,0,1,0,0,0
0,0,0,55.0,14,0,1,0,46,1,1,2,6,37500,0,1,2,2,2,0,0,0,1
0,1,0,80.0,10,1,0,0,46,1,1,2,6,37500,0,1,2,2,2,0,0,0,1
0,1,0,80.0,10,3,1,0,46,1,1,2,6,37500,0,1,2,2,2,0,0,0,0
0,1,0,80.0,10,2,0,0,46,1,1,2,6,37500,0,1,2,2,2,1,0,0,1
0,1,0,80.0,14,1,1,0,46,1,1,2,6,37500,0,1,2,2,2,0,0,0,0
0,1,0,80.0,14,1,0,0,46,1,1,2,6,37500,0,1,2,2,2,1,0,0,1
0,1,0,80.0,14,1,1,0,46,1,1,2,6,37500,0,1,2,2,2,1,0,0,0
0,1,0,80.0,14,0,1,0,46,1,1,2,6,37500,0,1,2,2,2,1,0,0,1
0,1,0,80.0,18,1,0,0,46,1,1,2,6,37500,0,1,2,2,2,0,0,0,0
0,1,0,80.0,18,0,0,0,46,1,1,2,6,37500,0,1,2,2,2,1,0,0,1
0,1,0,55.0,14,1,0,0,46,1,1,2,6,37500,0,1,2,2,2,0,0,0,1
0,1,0,55.0,14,2,1,0,46,1,1,2,6,37500,0,1,2,2,2,1,0,0,0
0,0,0,55.0,10,1,0,0,46,1,1,2,6,37500,0,1,2,2,2,0,0,0,1
1,0,0,55.0,18,3,1,0,46,1,1,2,6,37500,0,1,2,2,2,0,0,1,0
1,0,0,55.0,18,4,1,0,46,1,1,2,6,37500,0,1,2,2,2,1,0,0,1
1,0,0,80.0,18,1,0,0,46,1,1,2,6,37500,0,1,2,2,2,0,0,0,1
2,0,0,55.0,7,1,0,0,46,1,1,2,6,37500,0,1,2,2,2,1,1,0,0
2,0,0,55.0,7,3,1,0,46,1,1,2,6,37500,0,1,2,2,2,1,1,0,0
2,0,0,80.0,7,4,1,0,46,1,1,2,6,37500,0,1,2,2,2,1,0,0,0
2,0,0,80.0,7,2,0,0,46,1,1,2,6,37500,0,1,2,2,2,0,0,1,0
2,0,0,55.0,7,0,1,0,46,1,1,2,6,37500,0,1,2,2,2,0,0,0,1
2,0,0,55.0,7,1,0,0,46,1,1,2,6,37500,0,1,2,2,2,1,0,0,0
0,0,0,55.0,14,0,1,1,26,0,0,2,6,50000,2,3,4,2,2,0,0,0,1
0,1,0,80.0,10,1,0,1,26,0,0,2,6,50000,2,3,4,2,2,0,0,0,1
0,1,0,80.0,10,2,0,1,26,0,0,2,6,50000,2,3,4,2,2,1,0,0,1
0,1,0,80.0,14,1,0,1,26,0,0,2,6,50000,2,3,4,2,2,1,0,0,0
0,1,0,80.0,14,1,1,1,26,0,0,2,6,50000,2,3,4,2,2,1,0,0,1
0,1,0,80.0,18,0,0,1,26,0,0,2,6,50000,2,3,4,2,2,1,0,0,1
0,1,0,55.0,14,2,1,1,26,0,0,2,6,50000,2,3,4,2,2,1,0,0,0
0,3,0,80.0,10,1,0,1,26,0,0,2,6,50000,2,3,4,2,2,0,0,0,1
0,3,0,80.0,10,4,1,1,26,0,0,2,6,50000,2,3,4,2,2,0,0,0,1
0,3,0,80.0,10,3,0,1,26,0,0,2,6,50000,2,3,4,2,2,0,0,0,1
0,3,0,80.0,10,1,0,1,26,0,0,2,6,50000,2,3,4,2,2,1,0,0,1
0,3,0,80.0,18,0,0,1,26,0,0,2,6,50000,2,3,4,2,2,0,0,0,1
0,3,0,80.0,18,3,1,1,26,0,0,2,6,50000,2,3,4,2,2,1,0,0,1
1,0,0,80.0,18,3,1,1,26,0,0,2,6,50000,2,3,4,2,2,0,0,1,1
1,0,0,55.0,18,4,1,1,26,0,0,2,6,50000,2,3,4,2,2,1,0,0,0
1,0,0,80.0,18,1,0,1,26,0,0,2,6,50000,2,3,4,2,2,0,0,0,1
2,0,0,55.0,7,1,0,1,26,0,0,2,6,50000,2,3,4,2,2,1,1,0,0
2,0,0,55.0,7,3,1,1,26,0,0,2,6,50000,2,3,4,2,2,1,1,0,0
2,0,0,80.0,7,4,1,1,26,0,0,2,6,50000,2,3,4,2,2,1,0,0,1
2,0,0,80.0,7,2,0,1,26,0,0,2,6,50000,2,3,4,2,2,0,0,1,1
2,0,0,55.0,7,0,1,1,26,0,0,2,6,50000,2,3,4,2,2,0,0,0,1
2,0,0,55.0,7,1,0,1,26,0,0,2,6,50000,2,3,4,2,2,1,0,0,0
0,0,0,55.0,14,0,1,1,41,2,1,2,9,50000,2,1,2,2,1,0,0,0,1
0,1,0,80.0,10,1,0,1,41,2,1,2,9,50000,2,1,2,2,1,0,0,0,1
0,1,0,80.0,10,2,0,1,41,2,1,2,9,50000,2,1,2,2,1,1,0,0,1
0,1,0,80.0,14,1,0,1,41,2,1,2,9,50000,2,1,2,2,1,1,0,0,1
0,1,0,80.0,14,1,1,1,41,2,1,2,9,50000,2,1,2,2,1,1,0,0,1
0,1,0,80.0,18,0,0,1,41,2,1,2,9,50000,2,1,2,2,1,1,0,0,1
0,1,0,55.0,14,2,1,1,41,2,1,2,9,50000,2,1,2,2,1,1,0,0,1
0,3,0,80.0,10,1,0,1,41,2,1,2,9,50000,2,1,2,2,1,0,0,0,1
0,3,0,80.0,10,4,1,1,41,2,1,2,9,50000,2,1,2,2,1,0,0,0,1
0,3,0,80.0,10,3,0,1,41,2,1,2,9,50000,2,1,2,2,1,0,0,0,1
0,3,0,80.0,10,1,0,1,41,2,1,2,9,50000,2,1,2,2,1,1,0,0,1
0,3,0,80.0,18,0,0,1,41,2,1,2,9,50000,2,1,2,2,1,0,0,0,1
0,3,0,80.0,18,3,1,1,41,2,1,2,9,50000,2,1,2,2,1,1,0,0,1
1,0,0,55.0,18,3,1,1,41,2,1,2,9,50000,2,1,2,2,1,0,0,1,1
1,0,0,55.0,18,4,1,1,41,2,1,2,9,50000,2,1,2,2,1,1,0,0,1
1,0,0,80.0,18,1,0,1,41,2,1,2,9,50000,2,1,2,2,1,0,0,0,1
2,0,0,55.0,7,1,0,1,41,2,1,2,9,50000,2,1,2,2,1,1,1,0,1
2,0,0,55.0,7,3,1,1,41,2,1,2,9,50000,2,1,2,2,1,1,1,0,1
2,0,0,80.0,7,4,1,1,41,2,1,2,9,50000,2,1,2,2,1,1,0,0,1
2,0,0,80.0,7,2,0,1,41,2,1,2,9,50000,2,1,2,2,1,0,0,1,1
2,0,0,55.0,7,0,1,1,41,2,1,2,9,50000,2,1,2,2,1,0,0,0,1
2,0,0,55.0,7,1,0,1,41,2,1,2,9,50000,2,1,2,2,1,1,0,0,1
0,0,0,55.0,14,0,1,0,51,4,1,1,16,12500,0,1,2,3,1,0,0,0,1
0,1,0,80.0,10,1,0,0,51,4,1,1,16,12500,0,1,2,3,1,0,0,0,1
0,1,0,80.0,10,3,1,0,51,4,1,1,16,12500,0,1,2,3,1,0,0,0,1
0,1,0,80.0,10,2,0,0,51,4,1,1,16,12500,0,1,2,3,1,1,0,0,0
0,1,0,80.0,14,1,1,0,51,4,1,1,16,12500,0,1,2,3,1,0,0,0,1
0,1,0,80.0,14,1,0,0,51,4,1,1,16,12500,0,1,2,3,1,1,0,0,0
0,1,0,80.0,14,1,1,0,51,4,1,1,16,12500,0,1,2,3,1,1,0,0,1
0,1,0,80.0,14,0,1,0,51,4,1,1,16,12500,0,1,2,3,1,1,0,0,1
0,1,0,80.0,18,1,0,0,51,4,1,1,16,12500,0,1,2,3,1,0,0,0,0
0,1,0,80.0,18,0,0,0,51,4,1,1,16,12500,0,1,2,3,1,1,0,0,1
0,1,0,55.0,14,1,0,0,51,4,1,1,16,12500,0,1,2,3,1,0,0,0,0
0,1,0,55.0,14,2,1,0,51,4,1,1,16,12500,0,1,2,3,1,1,0,0,1
0,0,0,55.0,10,1,0,0,51,4,1,1,16,12500,0,1,2,3,1,0,0,0,1
1,0,0,55.0,18,3,1,0,51,4,1,1,16,12500,0,1,2,3,1,0,0,1,1
1,0,0,55.0,18,4,1,0,51,4,1,1,16,12500,0,1,2,3,1,1,0,0,0
1,0,0,80.0,18,1,0,0,51,4,1,1,16,12500,0,1,2,3,1,0,0,0,0
2,0,0,55.0,7,1,0,0,51,4,1,1,16,12500,0,1,2,3,1,1,1,0,1
2,0,0,55.0,7,3,1,0,51,4,1,1,16,12500,0,1,2,3,1,1,1,0,1
2,0,0,80.0,7,4,1,0,51,4,1,1,16,12500,0,1,2,3,1,1,0,0,1
2,0,0,80.0,7,2,0,0,51,4,1,1,16,12500,0,1,2,3,1,0,0,1,1
2,0,0,55.0,7,0,1,0,51,4,1,1,16,12500,0,1,2,3,1,0,0,0,1
2,0,0,55.0,7,1,0,0,51,4,1,1,16,12500,0,1,2,3,1,1,0,0,0
0,0,0,55.0,14,0,1,0,36,2,1,4,3,87500,1,4,3,2,1,0,0,0,1
0,1,0,80.0,10,1,0,0,36,2,1,4,3,87500,1,4,3,2,1,0,0,0,1
0,1,0,80.0,10,2,0,0,36,2,1,4,3,87500,1,4,3,2,1,1,0,0,0
0,1,0,80.0,14,1,0,0,36,2,1,4,3,87500,1,4,3,2,1,1,0,0,0
0,1,0,80.0,14,1,1,0,36,2,1,4,3,87500,1,4,3,2,1,1,0,0,0
0,1,0,80.0,18,0,0,0,36,2,1,4,3,87500,1,4,3,2,1,1,0,0,0
0,1,0,55.0,14,2,1,0,36,2,1,4,3,87500,1,4,3,2,1,1,0,0,0
0,2,0,80.0,10,0,0,0,36,2,1,4,3,87500,1,4,3,2,1,1,0,0,0
0,2,0,80.0,10,2,0,0,36,2,1,4,3,87500,1,4,3,2,1,1,0,0,0
0,2,0,80.0,10,3,1,0,36,2,1,4,3,87500,1,4,3,2,1,1,0,0,0
0,2,0,80.0,14,0,1,0,36,2,1,4,3,87500,1,4,3,2,1,0,0,0,1
0,2,0,55.0,14,0,1,0,36,2,1,4,3,87500,1,4,3,2,1,1,0,0,0
0,2,0,55.0,18,1,0,0,36,2,1,4,3,87500,1,4,3,2,1,1,0,0,0
1,0,0,55.0,18,3,1,0,36,2,1,4,3,87500,1,4,3,2,1,0,0,1,0
1,0,0,55.0,18,4,1,0,36,2,1,4,3,87500,1,4,3,2,1,1,0,0,0
1,0,0,80.0,18,1,0,0,36,2,1,4,3,87500,1,4,3,2,1,0,0,0,1
2,0,0,55.0,7,1,0,0,36,2,1,4,3,87500,1,4,3,2,1,1,1,0,0
2,0,0,55.0,7,3,1,0,36,2,1,4,3,87500,1,4,3,2,1,1,1,0,0
2,0,0,80.0,7,4,1,0,36,2,1,4,3,87500,1,4,3,2,1,1,0,0,0
2,0,0,80.0,7,2,0,0,36,2,1,4,3,87500,1,4,3,2,1,0,0,1,1
2,0,0,55.0,7,0,1,0,36,2,1,4,3,87500,1,4,3,2,1,0,0,0,0
2,0,0,55.0,7,1,0,0,36,2,1,4,3,87500,1,4,3,2,1,1,0,0,0
0,0,0,55.0,14,0,1,0,46,1,0,2,6,25000,0,0,2,1,1,0,0,0,1
0,1,0,80.0,10,1,0,0,46,1,0,2,6,25000,0,0,2,1,1,0,0,0,0
0,1,0,80.0,10,3,1,0,46,1,0,2,6,25000,0,0,2,1,1,0,0,0,0
0,1,0,80.0,10,2,0,0,46,1,0,2,6,25000,0,0,2,1,1,1,0,0,0
0,1,0,80.0,14,1,1,0,46,1,0,2,6,25000,0,0,2,1,1,0,0,0,0
0,1,0,80.0,14,1,0,0,46,1,0,2,6,25000,0,0,2,1,1,1,0,0,0
0,1,0,80.0,14,1,1,0,46,1,0,2,6,25000,0,0,2,1,1,1,0,0,0
0,1,0,80.0,14,0,1,0,46,1,0,2,6,25000,0,0,2,1,1,1,0,0,1
0,1,0,80.0,18,1,0,0,46,1,0,2,6,25000,0,0,2,1,1,0,0,0,0
0,1,0,80.0,18,0,0,0,46,1,0,2,6,25000,0,0,2,1,1,1,0,0,1
0,1,0,55.0,14,1,0,0,46,1,0,2,6,25000,0,0,2,1,1,0,0,0,0
0,1,0,55.0,14,2,1,0,46,1,0,2,6,25000,0,0,2,1,1,1,0,0,1
0,0,0,55.0,10,1,0,0,46,1,0,2,6,25000,0,0,2,1,1,0,0,0,0
1,0,0,55.0,18,3,1,0,46,1,0,2,6,25000,0,0,2,1,1,0,0,1,0
1,0,0,55.0,18,4,1,0,46,1,0,2,6,25000,0,0,2,1,1,1,0,0,1
1,0,0,80.0,18,1,0,0,46,1,0,2,6,25000,0,0,2,1,1,0,0,0,0
2,0,0,55.0,7,1,0,0,46,1,0,2,6,25000,0,0,2,1,1,1,1,0,0
2,0,0,55.0,7,3,1,0,46,1,0,2,6,25000,0,0,2,1,1,1,1,0,0
2,0,0,80.0,7,4,1,0,46,1,0,2,6,25000,0,0,2,1,1,1,0,0,1
2,0,0,80.0,7,2,0,0,46,1,0,2,6,25000,0,0,2,1,1,0,0,1,1
2,0,0,55.0,7,0,1,0,46,1,0,2,6,25000,0,0,2,1,1,0,0,0,1
2,0,0,55.0,7,1,0,0,46,1,0,2,6,25000,0,0,2,1,1,1,0,0,0
0,0,0,55.0,14,0,1,1,46,2,1,5,7,87500,1,2,2,1,2,0,0,0,1
0,1,0,80.0,10,1,0,1,46,2,1,5,7,87500,1,2,2,1,2,0,0,0,1
0,1,0,80.0,10,2,0,1,46,2,1,5,7,87500,1,2,2,1,2,1,0,0,1
0,1,0,80.0,14,1,0,1,46,2,1,5,7,87500,1,2,2,1,2,1,0,0,1
0,1,0,80.0,14,1,1,1,46,2,1,5,7,87500,1,2,2,1,2,1,0,0,1
0,1,0,80.0,18,0,0,1,46,2,1,5,7,87500,1,2,2,1,2,1,0,0,1
0,1,0,55.0,14,2,1,1,46,2,1,5,7,87500,1,2,2,1,2,1,0,0,1
0,2,0,80.0,10,0,0,1,46,2,1,5,7,87500,1,2,2,1,2,1,0,0,1
0,2,0,80.0,10,2,0,1,46,2,1,5,7,87500,1,2,2,1,2,1,0,0,1
0,2,0,80.0,10,3,1,1,46,2,1,5,7,87500,1,2,2,1,2,1,0,0,0
0,2,0,80.0,14,0,1,1,46,2,1,5,7,87500,1,2,2,1,2,0,0,0,1
0,2,0,55.0,14,0,1,1,46,2,1,5,7,87500,1,2,2,1,2,1,0,0,1
0,2,0,55.0,18,1,0,1,46,2,1,5,7,87500,1,2,2,1,2,1,0,0,1
1,0,0,55.0,18,3,1,1,46,2,1,5,7,87500,1,2,2,1,2,0,0,1,1
1,0,0,55.0,18,4,1,1,46,2,1,5,7,87500,1,2,2,1,2,1,0,0,0
1,0,0,80.0,18,1,0,1,46,2,1,5,7,87500,1,2,2,1,2,0,0,0,0
2,0,0,55.0,7,1,0,1,46,2,1,5,7,87500,1,2,2,1,2,1,1,0,0
2,0,0,55.0,7,3,1,1,46,2,1,5,7,87500,1,2,2,1,2,1,1,0,0
2,0,0,80.0,7,4,1,1,46,2,1,5,7,87500,1,2,2,1,2,1,0,0,0
2,0,0,80.0,7,2,0,1,46,2,1,5,7,87500,1,2,2,1,2,0,0,1,1
2,0,0,55.0,7,0,1,1,46,2,1,5,7,87500,1,2,2,1,2,0,0,0,0
2,0,0,55.0,7,1,0,1,46,2,1,5,7,87500,1,2,2,1,2,1,0,0,0
0,0,0,55.0,14,0,1,0,51,0,1,2,16,37500,0,2,1,2,2,0,0,0,1
0,1,0,80.0,10,1,0,0,51,0,1,2,16,37500,0,2,1,2,2,0,0,0,1
0,1,0,80.0,10,2,0,0,51,0,1,2,16,37500,0,2,1,2,2,1,0,0,0
0,1,0,80.0,14,1,0,0,51,0,1,2,16,37500,0,2,1,2,2,1,0,0,1
0,1,0,80.0,14,1,1,0,51,0,1,2,16,37500,0,2,1,2,2,1,0,0,1
0,1,0,80.0,18,0,0,0,51,0,1,2,16,37500,0,2,1,2,2,1,0,0,0
0,1,0,55.0,14,2,1,0,51,0,1,2,16,37500,0,2,1,2,2,1,0,0,1
0,3,0,80.0,10,1,0,0,51,0,1,2,16,37500,0,2,1,2,2,0,0,0,1
0,3,0,80.0,10,4,1,0,51,0,1,2,16,37500,0,2,1,2,2,0,0,0,0
0,3,0,80.0,10,3,0,0,51,0,1,2,16,37500,0,2,1,2,2,0,0,0,0
0,3,0,80.0,10,1,0,0,51,0,1,2,16,37500,0,2,1,2,2,1,0,0,1
0,3,0,80.0,18,0,0,0,51,0,1,2,16,37500,0,2,1,2,2,0,0,0,1
0,3,0,80.0,18,3,1,0,51,0,1,2,16,37500,0,2,1,2,2,1,0,0,0
1,0,0,55.0,18,3,1,0,51,0,1,2,16,37500,0,2,1,2,2,0,0,1,0
1,0,0,55.0,18,4,1,0,51,0,1,2,16,37500,0,2,1,2,2,1,0,0,0
1,0,0,80.0,18,1,0,0,51,0,1,2,16,37500,0,2,1,2,2,0,0,0,0
2,0,0,55.0,7,1,0,0,51,0,1,2,16,37500,0,2,1,2,2,1,1,0,1
2,0,0,55.0,7,3,1,0,51,0,1,2,16,37500,0,2,1,2,2,1,1,0,1
2,0,0,80.0,7,4,1,0,51,0,1,2,16,37500,0,2,1,2,2,1,0,0,1
2,0,0,80.0,7,2,0,0,51,0,1,2,16,37500,0,2,1,2,2,0,0,1,0
2,0,0,55.0,7,0,1,0,51,0,1,2,16,37500,0,2,1,2,2,0,0,0,1
2,0,0,55.0,7,1,0,0,51,0,1,2,16,37500,0,2,1,2,2,1,0,0,0
0,0,0,55.0,14,0,1,0,31,0,0,4,15,100000,0,1,1,2,2,0,0,0,1
0,1,0,80.0,10,1,0,0,31,0,0,4,15,100000,0,1,1,2,2,0,0,0,1
0,1,0,80.0,10,2,0,0,31,0,0,4,15,100000,0,1,1,2,2,1,0,0,0
0,1,0,80.0,14,1,0,0,31,0,0,4,15,100000,0,1,1,2,2,1,0,0,0
0,1,0,80.0,14,1,1,0,31,0,0,4,15,100000,0,1,1,2,2,1,0,0,1
0,1,0,80.0,18,0,0,0,31,0,0,4,15,100000,0,1,1,2,2,1,0,0,1
0,1,0,55.0,14,2,1,0,31,0,0,4,15,100000,0,1,1,2,2,1,0,0,1
0,3,0,80.0,10,1,0,0,31,0,0,4,15,100000,0,1,1,2,2,0,0,0,1
0,3,0,80.0,10,4,1,0,31,0,0,4,15,100000,0,1,1,2,2,0,0,0,1
0,3,0,80.0,10,3,0,0,31,0,0,4,15,100000,0,1,1,2,2,0,0,0,0
0,3,0,80.0,10,1,0,0,31,0,0,4,15,100000,0,1,1,2,2,1,0,0,0
0,3,0,80.0,18,0,0,0,31,0,0,4,15,100000,0,1,1,2,2,0,0,0,1
0,3,0,80.0,18,3,1,0,31,0,0,4,15,100000,0,1,1,2,2,1,0,0,0
1,0,0,55.0,18,3,1,0,31,0,0,4,15,100000,0,1,1,2,2,0,0,1,0
1,0,0,55.0,18,4,1,0,31,0,0,4,15,100000,0,1,1,2,2,1,0,0,1
1,0,0,80.0,18,1,0,0,31,0,0,4,15,100000,0,1,1,2,2,0,0,0,0
2,0,0,55.0,7,1,0,0,31,0,0,4,15,100000,0,1,1,2,2,1,1,0,0
2,0,0,55.0,7,3,1,0,31,0,0,4,15,100000,0,1,1,2,2,1,1,0,0
2,0,0,80.0,7,4,1,0,31,0,0,4,15,100000,0,1,1,2,2,1,0,0,0
2,0,0,80.0,7,2,0,0,31,0,0,4,15,100000,0,1,1,2,2,0,0,1,1
2,0,0,55.0,7,0,1,0,31,0,0,4,15,100000,0,1,1,2,2,0,0,0,0
2,0,0,55.0,7,1,0,0,31,0,0,4,15,100000,0,1,1,2,2,1,0,0,0
0,0,0,55.0,14,0,1,0,36,2,1,2,14,12500,0,2,2,1,1,0,0,0,1
0,1,0,80.0,10,1,0,0,36,2,1,2,14,12500,0,2,2,1,1,0,0,0,1
0,1,0,80.0,10,2,0,0,36,2,1,2,14,12500,0,2,2,1,1,1,0,0,1
0,1,0,80.0,14,1,0,0,36,2,1,2,14,12500,0,2,2,1,1,1,0,0,1
0,1,0,80.0,14,1,1,0,36,2,1,2,14,12500,0,2,2,1,1,1,0,0,1
0,1,0,80.0,18,0,0,0,36,2,1,2,14,12500,0,2,2,1,1,1,0,0,1
0,1,0,55.0,14,2,1,0,36,2,1,2,14,12500,0,2,2,1,1,1,0,0,1
0,2,0,80.0,10,0,0,0,36,2,1,2,14,12500,0,2,2,1,1,1,0,0,1
0,2,0,80.0,10,2,0,0,36,2,1,2,14,12500,0,2,2,1,1,1,0,0,1
0,2,0,80.0,10,3,1,0,36,2,1,2,14,12500,0,2,2,1,1,1,0,0,0
0,2,0,80.0,14,0,1,0,36,2,1,2,14,12500,0,2,2,1,1,0,0,0,1
0,2,0,55.0,14,0,1,0,36,2,1,2,14,12500,0,2,2,1,1,1,0,0,1
0,2,0,55.0,18,1,0,0,36,2,1,2,14,12500,0,2,2,1,1,1,0,0,1
1,0,0,55.0,18,3,1,0,36,2,1,2,14,12500,0,2,2,1,1,0,0,1,0
1,0,0,55.0,18,4,1,0,36,2,1,2,14,12500,0,2,2,1,1,1,0,0,1
1,0,0,80.0,18,1,0,0,36,2,1,2,14,12500,0,2,2,1,1,0,0,0,1
2,0,0,55.0,7,1,0,0,36,2,1,2,14,12500,0,2,2,1,1,1,1,0,1
2,0,0,55.0,7,3,1,0,36,2,1,2,14,12500,0,2,2,1,1,1,1,0,0
2,0,0,80.0,7,4,1,0,36,2,1,2,14,12500,0,2,2,1,1,1,0,0,1
2,0,0,80.0,7,2,0,0,36,2,1,2,14,12500,0,2,2,1,1,0,0,1,1
2,0,0,55.0,7,0,1,0,36,2,1,2,14,12500,0,2,2,1,1,0,0,0,1
2,0,0,55.0,7,1,0,0,36,2,1,2,14,12500,0,2,2,1,1,1,0,0,1
0,0,0,55.0,14,0,1,0,21,1,0,4,8,100000,1,1,2,2,2,0,0,0,1
0,1,0,80.0,10,1,0,0,21,1,0,4,8,100000,1,1,2,2,2,0,0,0,0
0,1,0,80.0,10,3,1,0,21,1,0,4,8,100000,1,1,2,2,2,0,0,0,1
0,1,0,80.0,10,2,0,0,21,1,0,4,8,100000,1,1,2,2,2,1,0,0,0
0,1,0,80.0,14,1,1,0,21,1,0,4,8,100000,1,1,2,2,2,0,0,0,0
0,1,0,80.0,14,1,0,0,21,1,0,4,8,100000,1,1,2,2,2,1,0,0,0
0,1,0,80.0,14,1,1,0,21,1,0,4,8,100000,1,1,2,2,2,1,0,0,1
0,1,0,80.0,14,0,1,0,21,1,0,4,8,100000,1,1,2,2,2,1,0,0,1
0,1,0,80.0,18,1,0,0,21,1,0,4,8,100000,1,1,2,2,2,0,0,0,1
0,1,0,80.0,18,0,0,0,21,1,0,4,8,100000,1,1,2,2,2,1,0,0,1
0,1,0,55.0,14,1,0,0,21,1,0,4,8,100000,1,1,2,2,2,0,0,0,1
0,1,0,55.0,14,2,1,0,21,1,0,4,8,100000,1,1,2,2,2,1,0,0,1
0,0,0,55.0,10,1,0,0,21,1,0,4,8,100000,1,1,2,2,2,0,0,0,1
1,0,0,55.0,18,3,1,0,21,1,0,4,8,100000,1,1,2,2,2,0,0,1,1
1,0,0,55.0,18,4,1,0,21,1,0,4,8,100000,1,1,2,2,2,1,0,0,0
1,0,0,80.0,18,1,0,0,21,1,0,4,8,100000,1,1,2,2,2,0,0,0,0
2,0,0,55.0,7,1,0,0,21,1,0,4,8,100000,1,1,2,2,2,1,1,0,0
2,0,0,55.0,7,3,1,0,21,1,0,4,8,100000,1,1,2,2,2,1,1,0,1
2,0,0,80.0,7,4,1,0,21,1,0,4,8,100000,1,1,2,2,2,1,0,0,1
2,0,0,80.0,7,2,0,0,21,1,0,4,8,100000,1,1,2,2,2,0,0,1,0
2,0,0,55.0,7,0,1,0,21,1,0,4,8,100000,1,1,2,2,2,0,0,0,1
2,0,0,55.0,7,1,0,0,21,1,0,4,8,100000,1,1,2,2,2,1,0,0,0
0,0,0,55.0,14,0,1,1,31,1,0,1,9,25000,1,0,2,1,0,0,0,0,1
0,1,0,80.0,10,1,0,1,31,1,0,1,9,25000,1,0,2,1,0,0,0,0,0
0,1,0,80.0,10,3,1,1,31,1,0,1,9,25000,1,0,2,1,0,0,0,0,0
0,1,0,80.0,10,2,0,1,31,1,0,1,9,25000,1,0,2,1,0,1,0,0,1
0,1,0,80.0,14,1,1,1,31,1,0,1,9,25000,1,0,2,1,0,0,0,0,0
0,1,0,80.0,14,1,0,1,31,1,0,1,9,25000,1,0,2,1,0,1,0,0,0
0,1,0,80.0,14,1,1,1,31,1,0,1,9,25000,1,0,2,1,0,1,0,0,0
0,1,0,80.0,14,0,1,1,31,1,0,1,9,25000,1,0,2,1,0,1,0,0,1
0,1,0,80.0,18,1,0,1,31,1,0,1,9,25000,1,0,2,1,0,0,0,0,0
0,1,0,80.0,18,0,0,1,31,1,0,1,9,25000,1,0,2,1,0,1,0,0,1
0,1,0,55.0,14,1,0,1,31,1,0,1,9,25000,1,0,2,1,0,0,0,0,0
0,1,0,55.0,14,2,1,1,31,1,0,1,9,25000,1,0,2,1,0,1,0,0,1
0,0,0,55.0,10,1,0,1,31,1,0,1,9,25000,1,0,2,1,0,0,0,0,0
1,0,0,55.0,18,3,1,1,31,1,0,1,9,25000,1,0,2,1,0,0,0,1,1
1,0,0,55.0,18,4,1,1,31,1,0,1,9,25000,1,0,2,1,0,1,0,0,1
1,0,0,80.0,18,1,0,1,31,1,0,1,9,25000,1,0,2,1,0,0,0,0,0
2,0,0,55.0,7,1,0,1,31,1,0,1,9,25000,1,0,2,1,0,1,1,0,0
2,0,0,55.0,7,3,1,1,31,1,0,1,9,25000,1,0,2,1,0,1,1,0,0
2,0,0,80.0,7,4,1,1,31,1,0,1,9,25000,1,0,2,1,0,1,0,0,1
2,0,0,80.0,7,2,0,1,31,1,0,1,9,25000,1,0,2,1,0,0,0,1,1
2,0,0,55.0,7,0,1,1,31,1,0,1,9,25000,1,0,2,1,0,0,0,0,1
2,0,0,55.0,7,1,0,1,31,1,0,1,9,25000,1,0,2,1,0,1,0,0,0
0,0,0,55.0,14,0,1,1,41,2,1,5,1,100000,1,2,2,4,0,0,0,0,1
0,1,0,80.0,10,1,0,1,41,2,1,5,1,100000,1,2,2,4,0,0,0,0,1
0,1,0,80.0,10,2,0,1,41,2,1,5,1,100000,1,2,2,4,0,1,0,0,1
0,1,0,80.0,14,1,0,1,41,2,1,5,1,100000,1,2,2,4,0,1,0,0,1
0,1,0,80.0,14,1,1,1,41,2,1,5,1,100000,1,2,2,4,0,1,0,0,0
0,1,0,80.0,18,0,0,1,41,2,1,5,1,100000,1,2,2,4,0,1,0,0,1
0,1,0,55.0,14,2,1,1,41,2,1,5,1,100000,1,2,2,4,0,1,0,0,1
0,2,0,80.0,10,0,0,1,41,2,1,5,1,100000,1,2,2,4,0,1,0,0,1
0,2,0,80.0,10,2,0,1,41,2,1,5,1,100000,1,2,2,4,0,1,0,0,1
0,2,0,80.0,10,3,1,1,41,2,1,5,1,100000,1,2,2,4,0,1,0,0,0
0,2,0,80.0,14,0,1,1,41,2,1,5,1,100000,1,2,2,4,0,0,0,0,1
0,2,0,55.0,14,0,1,1,41,2,1,5,1,100000,1,2,2,4,0,1,0,0,1
0,2,0,55.0,18,1,0,1,41,2,1,5,1,100000,1,2,2,4,0,1,0,0,0
1,0,0,55.0,18,3,1,1,41,2,1,5,1,100000,1,2,2,4,0,0,0,1,0
1,0,0,55.0,18,4,1,1,41,2,1,5,1,100000,1,2,2,4,0,1,0,0,0
1,0,0,80.0,18,1,0,1,41,2,1,5,1,100000,1,2,2,4,0,0,0,0,0
2,0,0,55.0,7,1,0,1,41,2,1,5,1,100000,1,2,2,4,0,1,1,0,1
2,0,0,55.0,7,3,1,1,41,2,1,5,1,100000,1,2,2,4,0,1,1,0,0
2,0,0,80.0,7,4,1,1,41,2,1,5,1,100000,1,2,2,4,0,1,0,0,0
2,0,0,80.0,7,2,0,1,41,2,1,5,1,100000,1,2,2,4,0,0,0,1,1
2,0,0,55.0,7,0,1,1,41,2,1,5,1,100000,1,2,2,4,0,0,0,0,1
2,0,0,80.0,7,1,0,1,41,2,1,5,1,100000,1,2,2,4,0,1,0,0,0
0,0,0,55.0,14,0,1,0,26,1,0,4,5,37500,2,2,4,4,4,0,0,0,1
0,1,0,80.0,10,1,0,0,26,1,0,4,5,37500,2,2,4,4,4,0,0,0,1
0,1,0,80.0,10,3,1,0,26,1,0,4,5,37500,2,2,4,4,4,0,0,0,1
0,1,0,80.0,10,2,0,0,26,1,0,4,5,37500,2,2,4,4,4,1,0,0,1
0,1,0,80.0,14,1,1,0,26,1,0,4,5,37500,2,2,4,4,4,0,0,0,1
0,1,0,80.0,14,1,0,0,26,1,0,4,5,37500,2,2,4,4,4,1,0,0,1
0,1,0,80.0,14,1,1,0,26,1,0,4,5,37500,2,2,4,4,4,1,0,0,1
0,1,0,80.0,14,0,1,0,26,1,0,4,5,37500,2,2,4,4,4,1,0,0,1
0,1,0,80.0,18,1,0,0,26,1,0,4,5,37500,2,2,4,4,4,0,0,0,1
0,1,0,80.0,18,0,0,0,26,1,0,4,5,37500,2,2,4,4,4,1,0,0,1
0,1,0,55.0,14,1,0,0,26,1,0,4,5,37500,2,2,4,4,4,0,0,0,1
0,1,0,55.0,14,2,1,0,26,1,0,4,5,37500,2,2,4,4,4,1,0,0,1
0,0,0,55.0,10,1,0,0,26,1,0,4,5,37500,2,2,4,4,4,0,0,0,1
1,0,0,55.0,18,3,1,0,26,1,0,4,5,37500,2,2,4,4,4,0,0,1,1
1,0,0,55.0,18,4,1,0,26,1,0,4,5,37500,2,2,4,4,4,1,0,0,1
1,0,0,80.0,18,1,0,0,26,1,0,4,5,37500,2,2,4,4,4,0,0,0,1
2,0,0,55.0,7,1,0,0,26,1,0,4,5,37500,2,2,4,4,4,1,1,0,1
2,0,0,55.0,7,3,1,0,26,1,0,4,5,37500,2,2,4,4,4,1,1,0,1
2,0,0,80.0,7,4,1,0,26,1,0,4,5,37500,2,2,4,4,4,1,0,0,1
2,0,0,80.0,7,2,0,0,26,1,0,4,5,37500,2,2,4,4,4,0,0,1,1
2,0,0,55.0,7,0,1,0,26,1,0,4,5,37500,2,2,4,4,4,0,0,0,1
2,0,0,55.0,7,1,0,0,26,1,0,4,5,37500,2,2,4,4,4,1,0,0,1
0,0,0,55.0,14,0,1,0,26,2,1,2,0,37500,2,3,2,3,1,0,0,0,0
0,1,0,80.0,10,1,0,0,26,2,1,2,0,37500,2,3,2,3,1,0,0,0,1
0,1,0,80.0,10,2,0,0,26,2,1,2,0,37500,2,3,2,3,1,1,0,0,0
0,1,0,80.0,14,1,0,0,26,2,1,2,0,37500,2,3,2,3,1,1,0,0,1
0,1,0,80.0,14,1,1,0,26,2,1,2,0,37500,2,3,2,3,1,1,0,0,1
0,1,0,80.0,18,0,0,0,26,2,1,2,0,37500,2,3,2,3,1,1,0,0,1
0,1,0,55.0,14,2,1,0,26,2,1,2,0,37500,2,3,2,3,1,1,0,0,1
0,2,0,80.0,10,0,0,0,26,2,1,2,0,37500,2,3,2,3,1,1,0,0,0
0,2,0,80.0,10,2,0,0,26,2,1,2,0,37500,2,3,2,3,1,1,0,0,0
0,2,0,80.0,10,3,1,0,26,2,1,2,0,37500,2,3,2,3,1,1,0,0,0
0,2,0,80.0,14,0,1,0,26,2,1,2,0,37500,2,3,2,3,1,0,0,0,1
0,2,0,55.0,14,0,1,0,26,2,1,2,0,37500,2,3,2,3,1,1,0,0,1
0,2,0,55.0,18,1,0,0,26,2,1,2,0,37500,2,3,2,3,1,1,0,0,0
1,0,0,55.0,18,3,1,0,26,2,1,2,0,37500,2,3,2,3,1,0,0,1,1
1,0,0,55.0,18,4,1,0,26,2,1,2,0,37500,2,3,2,3,1,1,0,0,0
1,0,0,80.0,18,1,0,0,26,2,1,2,0,37500,2,3,2,3,1,0,0,0,0
2,0,0,55.0,7,1,0,0,26,2,1,2,0,37500,2,3,2,3,1,1,1,0,1
2,0,0,55.0,7,3,1,0,26,2,1,2,0,37500,2,3,2,3,1,1,1,0,1
2,0,0,80.0,7,4,1,0,26,2,1,2,0,37500,2,3,2,3,1,1,0,0,0
2,0,0,80.0,7,2,0,0,26,2,1,2,0,37500,2,3,2,3,1,0,0,1,1
2,0,0,55.0,7,0,1,0,26,2,1,2,0,37500,2,3,2,3,1,0,0,0,0
2,0,0,55.0,7,1,0,0,26,2,1,2,0,37500,2,3,2,3,1,1,0,0,1
0,0,0,55.0,14,0,1,1,51,0,1,4,11,100000,4,0,2,3,2,0,0,0,1
0,1,0,80.0,10,1,0,1,51,0,1,4,11,100000,4,0,2,3,2,0,0,0,0
0,1,0,80.0,10,2,0,1,51,0,1,4,11,100000,4,0,2,3,2,1,0,0,0
0,1,0,80.0,14,1,0,1,51,0,1,4,11,100000,4,0,2,3,2,1,0,0,0
0,1,0,80.0,14,1,1,1,51,0,1,4,11,100000,4,0,2,3,2,1,0,0,0
0,1,0,80.0,18,0,0,1,51,0,1,4,11,100000,4,0,2,3,2,1,0,0,1
0,1,0,55.0,14,2,1,1,51,0,1,4,11,100000,4,0,2,3,2,1,0,0,0
0,2,0,80.0,10,0,0,1,51,0,1,4,11,100000,4,0,2,3,2,1,0,0,1
0,2,0,80.0,10,2,0,1,51,0,1,4,11,100000,4,0,2,3,2,1,0,0,1
0,2,0,80.0,10,3,1,1,51,0,1,4,11,100000,4,0,2,3,2,1,0,0,1
0,2,0,80.0,14,0,1,1,51,0,1,4,11,100000,4,0,2,3,2,0,0,0,1
0,2,0,55.0,14,0,1,1,51,0,1,4,11,100000,4,0,2,3,2,1,0,0,1
0,2,0,55.0,18,1,0,1,51,0,1,4,11,100000,4,0,2,3,2,1,0,0,0
1,0,0,55.0,18,3,1,1,51,0,1,4,11,100000,4,0,2,3,2,0,0,1,1
1,0,0,55.0,18,4,1,1,51,0,1,4,11,100000,4,0,2,3,2,1,0,0,1
1,0,0,80.0,18,1,0,1,51,0,1,4,11,100000,4,0,2,3,2,0,0,0,0
2,0,0,55.0,7,1,0,1,51,0,1,4,11,100000,4,0,2,3,2,1,1,0,0
2,0,0,55.0,7,3,1,1,51,0,1,4,11,100000,4,0,2,3,2,1,1,0,1
2,0,0,80.0,7,4,1,1,51,0,1,4,11,100000,4,0,2,3,2,1,0,0,1
2,0,0,80.0,7,2,0,1,51,0,1,4,11,100000,4,0,2,3,2,0,0,1,1
2,0,0,55.0,7,0,1,1,51,0,1,4,11,100000,4,0,2,3,2,0,0,0,1
2,0,0,55.0,7,1,0,1,51,0,1,4,11,100000,4,0,2,3,2,1,0,0,0
0,0,0,55.0,14,0,1,1,46,1,0,4,7,100000,0,1,3,2,0,0,0,0,1
0,1,0,80.0,10,1,0,1,46,1,0,4,7,100000,0,1,3,2,0,0,0,0,1
0,1,0,80.0,10,3,1,1,46,1,0,4,7,100000,0,1,3,2,0,0,0,0,1
0,1,0,80.0,10,2,0,1,46,1,0,4,7,100000,0,1,3,2,0,1,0,0,0
0,1,0,80.0,14,1,1,1,46,1,0,4,7,100000,0,1,3,2,0,0,0,0,1
0,1,0,80.0,14,1,0,1,46,1,0,4,7,100000,0,1,3,2,0,1,0,0,1
0,1,0,80.0,14,1,1,1,46,1,0,4,7,100000,0,1,3,2,0,1,0,0,1
0,1,0,80.0,14,0,1,1,46,1,0,4,7,100000,0,1,3,2,0,1,0,0,1
0,1,0,80.0,18,1,0,1,46,1,0,4,7,100000,0,1,3,2,0,0,0,0,0
0,1,0,80.0,18,0,0,1,46,1,0,4,7,100000,0,1,3,2,0,1,0,0,1
0,1,0,55.0,14,1,0,1,46,1,0,4,7,100000,0,1,3,2,0,0,0,0,0
0,1,0,55.0,14,2,1,1,46,1,0,4,7,100000,0,1,3,2,0,1,0,0,0
0,0,0,55.0,10,1,0,1,46,1,0,4,7,100000,0,1,3,2,0,0,0,0,1
1,0,0,55.0,18,3,1,1,46,1,0,4,7,100000,0,1,3,2,0,0,0,1,0
1,0,0,55.0,18,4,1,1,46,1,0,4,7,100000,0,1,3,2,0,1,0,0,0
1,0,0,80.0,18,1,0,1,46,1,0,4,7,100000,0,1,3,2,0,0,0,0,0
2,0,0,55.0,7,1,0,1,46,1,0,4,7,100000,0,1,3,2,0,1,1,0,1
2,0,0,55.0,7,3,1,1,46,1,0,4,7,100000,0,1,3,2,0,1,1,0,1
2,0,0,80.0,7,4,1,1,46,1,0,4,7,100000,0,1,3,2,0,1,0,0,0
2,0,0,80.0,7,2,0,1,46,1,0,4,7,100000,0,1,3,2,0,0,0,1,0
2,0,0,55.0,7,0,1,1,46,1,0,4,7,100000,0,1,3,2,0,0,0,0,1
2,0,0,55.0,7,1,0,1,46,1,0,4,7,100000,0,1,3,2,0,1,0,0,0
0,0,0,55.0,14,0,1,0,26,2,1,2,0,50000,0,1,2,2,0,0,0,0,1
0,1,0,80.0,10,1,0,0,26,2,1,2,0,50000,0,1,2,2,0,0,0,0,0
0,1,0,80.0,10,2,0,0,26,2,1,2,0,50000,0,1,2,2,0,1,0,0,1
0,1,0,80.0,14,1,0,0,26,2,1,2,0,50000,0,1,2,2,0,1,0,0,1
0,1,0,80.0,14,1,1,0,26,2,1,2,0,50000,0,1,2,2,0,1,0,0,1
0,1,0,80.0,18,0,0,0,26,2,1,2,0,50000,0,1,2,2,0,1,0,0,1
0,1,0,55.0,14,2,1,0,26,2,1,2,0,50000,0,1,2,2,0,1,0,0,1
0,2,0,80.0,10,0,0,0,26,2,1,2,0,50000,0,1,2,2,0,1,0,0,1
0,2,0,80.0,10,2,0,0,26,2,1,2,0,50000,0,1,2,2,0,1,0,0,1
0,2,0,80.0,10,3,1,0,26,2,1,2,0,50000,0,1,2,2,0,1,0,0,0
0,2,0,80.0,14,0,1,0,26,2,1,2,0,50000,0,1,2,2,0,0,0,0,1
0,2,0,80.0,14,0,1,0,26,2,1,2,0,50000,0,1,2,2,0,1,0,0,1
0,2,0,55.0,18,1,0,0,26,2,1,2,0,50000,0,1,2,2,0,1,0,0,0
1,0,0,55.0,18,3,1,0,26,2,1,2,0,50000,0,1,2,2,0,0,0,1,0
1,0,0,55.0,18,4,1,0,26,2,1,2,0,50000,0,1,2,2,0,1,0,0,0
1,0,0,80.0,18,1,0,0,26,2,1,2,0,50000,0,1,2,2,0,0,0,0,0
2,0,0,55.0,7,1,0,0,26,2,1,2,0,50000,0,1,2,2,0,1,1,0,0
2,0,0,55.0,7,3,1,0,26,2,1,2,0,50000,0,1,2,2,0,1,1,0,0
2,0,0,80.0,7,4,1,0,26,2,1,2,0,50000,0,1,2,2,0,1,0,0,0
2,0,0,80.0,7,2,0,0,26,2,1,2,0,50000,0,1,2,2,0,0,0,1,0
2,0,0,55.0,7,0,1,0,26,2,1,2,0,50000,0,1,2,2,0,0,0,0,1
2,0,0,55.0,7,1,0,0,26,2,1,2,0,50000,0,1,2,2,0,1,0,0,0
0,0,0,55.0,14,0,1,1,26,2,0,4,9,62500,0,1,1,4,2,0,0,0,1
0,1,0,80.0,10,1,0,1,26,2,0,4,9,62500,0,1,1,4,2,0,0,0,0
0,1,0,80.0,10,2,0,1,26,2,0,4,9,62500,0,1,1,4,2,1,0,0,1
0,1,0,80.0,14,1,0,1,26,2,0,4,9,62500,0,1,1,4,2,1,0,0,0
0,1,0,80.0,14,1,1,1,26,2,0,4,9,62500,0,1,1,4,2,1,0,0,0
0,1,0,80.0,18,0,0,1,26,2,0,4,9,62500,0,1,1,4,2,1,0,0,1
0,1,0,55.0,14,2,1,1,26,2,0,4,9,62500,0,1,1,4,2,1,0,0,1
0,3,0,80.0,10,1,0,1,26,2,0,4,9,62500,0,1,1,4,2,0,0,0,0
0,3,0,80.0,10,4,1,1,26,2,0,4,9,62500,0,1,1,4,2,0,0,0,1
0,3,0,80.0,10,3,0,1,26,2,0,4,9,62500,0,1,1,4,2,0,0,0,0
0,3,0,80.0,10,1,0,1,26,2,0,4,9,62500,0,1,1,4,2,1,0,0,0
0,3,0,80.0,18,0,0,1,26,2,0,4,9,62500,0,1,1,4,2,0,0,0,1
0,3,0,80.0,18,3,1,1,26,2,0,4,9,62500,0,1,1,4,2,1,0,0,0
1,0,0,55.0,18,3,1,1,26,2,0,4,9,62500,0,1,1,4,2,0,0,1,0
1,0,0,55.0,18,4,1,1,26,2,0,4,9,62500,0,1,1,4,2,1,0,0,1
1,0,0,80.0,18,1,0,1,26,2,0,4,9,62500,0,1,1,4,2,0,0,0,0
2,0,0,55.0,7,1,0,1,26,2,0,4,9,62500,0,1,1,4,2,1,1,0,0
2,0,0,55.0,7,3,1,1,26,2,0,4,9,62500,0,1,1,4,2,1,1,0,0
2,0,0,80.0,7,4,1,1,26,2,0,4,9,62500,0,1,1,4,2,1,0,0,1
2,0,0,80.0,7,2,0,1,26,2,0,4,9,62500,0,1,1,4,2,0,0,1,1
2,0,0,55.0,7,0,1,1,26,2,0,4,9,62500,0,1,1,4,2,0,0,0,1
2,0,0,55.0,7,1,0,1,26,2,0,4,9,62500,0,1,1,4,2,1,0,0,0
0,0,0,55.0,14,0,1,0,26,1,0,4,3,25000,0,2,1,2,1,0,0,0,1
0,1,0,80.0,10,1,0,0,26,1,0,4,3,25000,0,2,1,2,1,0,0,0,1
0,1,0,80.0,10,3,1,0,26,1,0,4,3,25000,0,2,1,2,1,0,0,0,1
0,1,0,80.0,10,2,0,0,26,1,0,4,3,25000,0,2,1,2,1,1,0,0,0
0,1,0,80.0,14,1,1,0,26,1,0,4,3,25000,0,2,1,2,1,0,0,0,1
0,1,0,80.0,14,1,0,0,26,1,0,4,3,25000,0,2,1,2,1,1,0,0,1
0,1,0,80.0,14,1,1,0,26,1,0,4,3,25000,0,2,1,2,1,1,0,0,1
0,1,0,80.0,14,0,1,0,26,1,0,4,3,25000,0,2,1,2,1,1,0,0,1
0,1,0,80.0,18,1,0,0,26,1,0,4,3,25000,0,2,1,2,1,0,0,0,1
0,1,0,80.0,18,0,0,0,26,1,0,4,3,25000,0,2,1,2,1,1,0,0,1
0,1,0,55.0,14,1,0,0,26,1,0,4,3,25000,0,2,1,2,1,0,0,0,1
0,1,0,55.0,14,2,1,0,26,1,0,4,3,25000,0,2,1,2,1,1,0,0,1
0,0,0,55.0,10,1,0,0,26,1,0,4,3,25000,0,2,1,2,1,0,0,0,1
1,0,0,55.0,18,3,1,0,26,1,0,4,3,25000,0,2,1,2,1,0,0,1,1
1,0,0,55.0,18,4,1,0,26,1,0,4,3,25000,0,2,1,2,1,1,0,0,1
1,0,0,80.0,18,1,0,0,26,1,0,4,3,25000,0,2,1,2,1,0,0,0,1
2,0,0,55.0,7,1,0,0,26,1,0,4,3,25000,0,2,1,2,1,1,1,0,0
2,0,0,80.0,7,3,1,0,26,1,0,4,3,25000,0,2,1,2,1,1,1,0,1
2,0,0,80.0,7,4,1,0,26,1,0,4,3,25000,0,2,1,2,1,1,0,0,1
2,0,0,80.0,7,2,0,0,26,1,0,4,3,25000,0,2,1,2,1,0,0,1,0
2,0,0,55.0,7,0,1,0,26,1,0,4,3,25000,0,2,1,2,1,0,0,0,1
2,0,0,55.0,7,1,0,0,26,1,0,4,3,25000,0,2,1,2,1,1,0,0,0
0,0,0,55.0,14,0,1,1,21,0,0,2,2,12500,3,2,3,3,2,0,0,0,1
0,1,0,80.0,10,1,0,1,21,0,0,2,2,12500,3,2,3,3,2,0,0,0,1
0,1,0,80.0,10,2,0,1,21,0,0,2,2,12500,3,2,3,3,2,1,0,0,0
0,1,0,80.0,14,1,0,1,21,0,0,2,2,12500,3,2,3,3,2,1,0,0,0
0,1,0,80.0,14,1,1,1,21,0,0,2,2,12500,3,2,3,3,2,1,0,0,0
0,1,0,80.0,18,0,0,1,21,0,0,2,2,12500,3,2,3,3,2,1,0,0,1
0,1,0,55.0,14,2,1,1,21,0,0,2,2,12500,3,2,3,3,2,1,0,0,1
0,3,0,80.0,10,1,0,1,21,0,0,2,2,12500,3,2,3,3,2,0,0,0,0
0,3,0,80.0,10,4,1,1,21,0,0,2,2,12500,3,2,3,3,2,0,0,0,1
0,3,0,80.0,10,3,0,1,21,0,0,2,2,12500,3,2,3,3,2,0,0,0,0
0,3,0,80.0,10,1,0,1,21,0,0,2,2,12500,3,2,3,3,2,1,0,0,1
0,3,0,80.0,18,0,0,1,21,0,0,2,2,12500,3,2,3,3,2,0,0,0,1
0,3,0,80.0,18,3,1,1,21,0,0,2,2,12500,3,2,3,3,2,1,0,0,1
1,0,0,55.0,18,3,1,1,21,0,0,2,2,12500,3,2,3,3,2,0,0,1,1
1,0,0,55.0,18,4,1,1,21,0,0,2,2,12500,3,2,3,3,2,1,0,0,1
1,0,0,80.0,18,1,0,1,21,0,0,2,2,12500,3,2,3,3,2,0,0,0,1
2,0,0,55.0,7,1,0,1,21,0,0,2,2,12500,3,2,3,3,2,1,1,0,0
2,0,0,55.0,7,3,1,1,21,0,0,2,2,12500,3,2,3,3,2,1,1,0,1
2,0,0,80.0,7,4,1,1,21,0,0,2,2,12500,3,2,3,3,2,1,0,0,1
2,0,0,80.0,7,2,0,1,21,0,0,2,2,12500,3,2,3,3,2,0,0,1,1
2,0,0,55.0,7,0,1,1,21,0,0,2,2,12500,3,2,3,3,2,0,0,0,1
2,0,0,55.0,7,1,0,1,21,0,0,2,2,12500,3,2,3,3,2,1,0,0,1
0,0,0,55.0,14,0,1,1,36,0,1,2,0,87500,2,1,3,2,1,0,0,0,1
0,1,0,80.0,10,1,0,1,36,0,1,2,0,87500,2,1,3,2,1,0,0,0,1
0,1,0,80.0,10,2,0,1,36,0,1,2,0,87500,2,1,3,2,1,1,0,0,1
0,1,0,80.0,14,1,0,1,36,0,1,2,0,87500,2,1,3,2,1,1,0,0,1
0,1,0,80.0,14,1,1,1,36,0,1,2,0,87500,2,1,3,2,1,1,0,0,1
0,1,0,80.0,18,0,0,1,36,0,1,2,0,87500,2,1,3,2,1,1,0,0,1
0,1,0,55.0,14,2,1,1,36,0,1,2,0,87500,2,1,3,2,1,1,0,0,1
0,2,0,80.0,10,0,0,1,36,0,1,2,0,87500,2,1,3,2,1,1,0,0,0
0,2,0,80.0,10,2,0,1,36,0,1,2,0,87500,2,1,3,2,1,1,0,0,1
0,2,0,80.0,10,3,1,1,36,0,1,2,0,87500,2,1,3,2,1,1,0,0,0
0,2,0,80.0,14,0,1,1,36,0,1,2,0,87500,2,1,3,2,1,0,0,0,1
0,2,0,55.0,14,0,1,1,36,0,1,2,0,87500,2,1,3,2,1,1,0,0,1
0,2,0,55.0,18,1,0,1,36,0,1,2,0,87500,2,1,3,2,1,1,0,0,0
1,0,0,55.0,18,3,1,1,36,0,1,2,0,87500,2,1,3,2,1,0,0,1,1
1,0,0,55.0,18,4,1,1,36,0,1,2,0,87500,2,1,3,2,1,1,0,0,1
1,0,0,80.0,18,1,0,1,36,0,1,2,0,87500,2,1,3,2,1,0,0,0,1
2,0,0,55.0,7,1,0,1,36,0,1,2,0,87500,2,1,3,2,1,1,1,0,1
2,0,0,55.0,7,3,1,1,36,0,1,2,0,87500,2,1,3,2,1,1,1,0,1
2,0,0,80.0,7,4,1,1,36,0,1,2,0,87500,2,1,3,2,1,1,0,0,1
2,0,0,80.0,7,2,0,1,36,0,1,2,0,87500,2,1,3,2,1,0,0,1,1
2,0,0,55.0,7,0,1,1,36,0,1,2,0,87500,2,1,3,2,1,0,0,0,1
2,0,0,55.0,7,1,0,1,36,0,1,2,0,87500,2,1,3,2,1,1,0,0,1
0,0,0,55.0,14,0,1,0,51,2,1,4,16,50000,0,1,3,2,1,0,0,0,1
0,1,0,80.0,10,1,0,0,51,2,1,4,16,50000,0,1,3,2,1,0,0,0,1
0,1,0,80.0,10,2,0,0,51,2,1,4,16,50000,0,1,3,2,1,1,0,0,1
0,1,0,80.0,14,1,0,0,51,2,1,4,16,50000,0,1,3,2,1,1,0,0,0
0,1,0,80.0,14,1,1,0,51,2,1,4,16,50000,0,1,3,2,1,1,0,0,1
0,1,0,80.0,18,0,0,0,51,2,1,4,16,50000,0,1,3,2,1,1,0,0,0
0,1,0,55.0,14,2,1,0,51,2,1,4,16,50000,0,1,3,2,1,1,0,0,1
0,2,0,80.0,10,0,0,0,51,2,1,4,16,50000,0,1,3,2,1,1,0,0,0
0,2,0,80.0,10,2,0,0,51,2,1,4,16,50000,0,1,3,2,1,1,0,0,1
0,2,0,80.0,10,3,1,0,51,2,1,4,16,50000,0,1,3,2,1,1,0,0,0
0,2,0,80.0,14,0,1,0,51,2,1,4,16,50000,0,1,3,2,1,0,0,0,0
0,2,0,55.0,14,0,1,0,51,2,1,4,16,50000,0,1,3,2,1,1,0,0,0
0,2,0,55.0,18,1,0,0,51,2,1,4,16,50000,0,1,3,2,1,1,0,0,0
1,0,0,55.0,18,3,1,0,51,2,1,4,16,50000,0,1,3,2,1,0,0,1,0
1,0,0,55.0,18,4,1,0,51,2,1,4,16,50000,0,1,3,2,1,1,0,0,1
1,0,0,80.0,18,1,0,0,51,2,1,4,16,50000,0,1,3,2,1,0,0,0,0
2,0,0,55.0,7,1,0,0,51,2,1,4,16,50000,0,1,3,2,1,1,1,0,0
2,0,0,55.0,7,3,1,0,51,2,1,4,16,50000,0,1,3,2,1,1,1,0,0
2,0,0,80.0,7,4,1,0,51,2,1,4,16,50000,0,1,3,2,1,1,0,0,1
2,0,0,80.0,7,2,0,0,51,2,1,4,16,50000,0,1,3,2,1,0,0,1,1
2,0,0,55.0,7,0,1,0,51,2,1,4,16,50000,0,1,3,2,1,0,0,0,1
2,0,0,55.0,7,1,0,0,51,2,1,4,16,50000,0,1,3,2,1,1,0,0,0
0,0,0,55.0,14,0,1,1,41,1,0,1,17,12500,1,2,2,1,0,0,0,0,1
0,1,0,80.0,10,1,0,1,41,1,0,1,17,12500,1,2,2,1,0,0,0,0,1
0,1,0,80.0,10,3,1,1,41,1,0,1,17,12500,1,2,2,1,0,0,0,0,1
0,1,0,80.0,10,2,0,1,41,1,0,1,17,12500,1,2,2,1,0,1,0,0,1
0,1,0,80.0,14,1,1,1,41,1,0,1,17,12500,1,2,2,1,0,0,0,0,1
0,1,0,80.0,14,1,0,1,41,1,0,1,17,12500,1,2,2,1,0,1,0,0,1
0,1,0,80.0,14,1,1,1,41,1,0,1,17,12500,1,2,2,1,0,1,0,0,1
0,1,0,80.0,14,0,1,1,41,1,0,1,17,12500,1,2,2,1,0,1,0,0,1
0,1,0,80.0,18,1,0,1,41,1,0,1,17,12500,1,2,2,1,0,0,0,0,1
0,1,0,80.0,18,0,0,1,41,1,0,1,17,12500,1,2,2,1,0,1,0,0,1
0,1,0,55.0,14,1,0,1,41,1,0,1,17,12500,1,2,2,1,0,0,0,0,1
0,1,0,55.0,14,2,1,1,41,1,0,1,17,12500,1,2,2,1,0,1,0,0,1
0,0,0,55.0,10,1,0,1,41,1,0,1,17,12500,1,2,2,1,0,0,0,0,1
1,0,0,55.0,18,3,1,1,41,1,0,1,17,12500,1,2,2,1,0,0,0,1,1
1,0,0,55.0,18,4,1,1,41,1,0,1,17,12500,1,2,2,1,0,1,0,0,0
1,0,0,80.0,18,1,0,1,41,1,0,1,17,12500,1,2,2,1,0,0,0,0,1
2,0,0,55.0,7,1,0,1,41,1,0,1,17,12500,1,2,2,1,0,1,1,0,1
2,0,0,55.0,7,3,1,1,41,1,0,1,17,12500,1,2,2,1,0,1,1,0,1
2,0,0,80.0,7,4,1,1,41,1,0,1,17,12500,1,2,2,1,0,1,0,0,0
2,0,0,80.0,7,2,0,1,41,1,0,1,17,12500,1,2,2,1,0,0,0,1,0
2,0,0,55.0,7,0,1,1,41,1,0,1,17,12500,1,2,2,1,0,0,0,0,0
2,0,0,55.0,7,1,0,1,41,1,0,1,17,12500,1,2,2,1,0,1,0,0,1
0,0,0,55.0,14,0,1,1,21,1,0,4,1,50000,2,0,1,3,0,0,0,0,1
0,1,0,80.0,10,1,0,1,21,1,0,4,1,50000,2,0,1,3,0,0,0,0,1
0,1,0,80.0,10,3,1,1,21,1,0,4,1,50000,2,0,1,3,0,0,0,0,1
0,1,0,80.0,10,2,0,1,21,1,0,4,1,50000,2,0,1,3,0,1,0,0,1
0,1,0,80.0,14,1,1,1,21,1,0,4,1,50000,2,0,1,3,0,0,0,0,1
0,1,0,80.0,14,1,0,1,21,1,0,4,1,50000,2,0,1,3,0,1,0,0,1
0,1,0,80.0,14,1,1,1,21,1,0,4,1,50000,2,0,1,3,0,1,0,0,1
0,1,0,80.0,14,0,1,1,21,1,0,4,1,50000,2,0,1,3,0,1,0,0,1
0,1,0,80.0,18,1,0,1,21,1,0,4,1,50000,2,0,1,3,0,0,0,0,1
0,1,0,80.0,18,0,0,1,21,1,0,4,1,50000,2,0,1,3,0,1,0,0,1
0,1,0,55.0,14,1,0,1,21,1,0,4,1,50000,2,0,1,3,0,0,0,0,1
0,1,0,55.0,14,2,1,1,21,1,0,4,1,50000,2,0,1,3,0,1,0,0,1
0,0,0,55.0,10,1,0,1,21,1,0,4,1,50000,2,0,1,3,0,0,0,0,0
1,0,0,55.0,18,3,1,1,21,1,0,4,1,50000,2,0,1,3,0,0,0,1,1
1,0,0,55.0,18,4,1,1,21,1,0,4,1,50000,2,0,1,3,0,1,0,0,0
1,0,0,80.0,18,1,0,1,21,1,0,4,1,50000,2,0,1,3,0,0,0,0,0
2,0,0,55.0,7,1,0,1,21,1,0,4,1,50000,2,0,1,3,0,1,1,0,0
2,0,0,55.0,7,3,1,1,21,1,0,4,1,50000,2,0,1,3,0,1,1,0,1
2,0,0,80.0,7,4,1,1,21,1,0,4,1,50000,2,0,1,3,0,1,0,0,1
2,0,0,80.0,7,2,0,1,21,1,0,4,1,50000,2,0,1,3,0,0,0,1,0
2,0,0,55.0,7,0,1,1,21,1,0,4,1,50000,2,0,1,3,0,0,0,0,1
2,0,0,55.0,7,1,0,1,21,1,0,4,1,50000,2,0,1,3,0,1,0,0,0
0,0,0,55.0,14,0,1,1,21,1,0,2,2,12500,1,1,3,3,1,0,0,0,1
0,1,0,80.0,10,1,0,1,21,1,0,2,2,12500,1,1,3,3,1,0,0,0,1
0,1,0,80.0,10,3,1,1,21,1,0,2,2,12500,1,1,3,3,1,0,0,0,1
0,1,0,80.0,10,2,0,1,21,1,0,2,2,12500,1,1,3,3,1,1,0,0,1
0,1,0,80.0,14,1,1,1,21,1,0,2,2,12500,1,1,3,3,1,0,0,0,1
0,1,0,80.0,14,1,0,1,21,1,0,2,2,12500,1,1,3,3,1,1,0,0,1
0,1,0,80.0,14,1,1,1,21,1,0,2,2,12500,1,1,3,3,1,1,0,0,1
0,1,0,80.0,14,0,1,1,21,1,0,2,2,12500,1,1,3,3,1,1,0,0,1
0,1,0,80.0,18,1,0,1,21,1,0,2,2,12500,1,1,3,3,1,0,0,0,1
0,1,0,80.0,18,0,0,1,21,1,0,2,2,12500,1,1,3,3,1,1,0,0,1
0,1,0,55.0,14,1,0,1,21,1,0,2,2,12500,1,1,3,3,1,0,0,0,1
0,1,0,55.0,14,2,1,1,21,1,0,2,2,12500,1,1,3,3,1,1,0,0,1
0,0,0,55.0,10,1,0,1,21,1,0,2,2,12500,1,1,3,3,1,0,0,0,1
1,0,0,55.0,18,3,1,1,21,1,0,2,2,12500,1,1,3,3,1,0,0,1,1
1,0,0,55.0,18,4,1,1,21,1,0,2,2,12500,1,1,3,3,1,1,0,0,1
1,0,0,80.0,18,1,0,1,21,1,0,2,2,12500,1,1,3,3,1,0,0,0,1
2,0,0,55.0,7,1,0,1,21,1,0,2,2,12500,1,1,3,3,1,1,1,0,0
2,0,0,55.0,7,3,1,1,21,1,0,2,2,12500,1,1,3,3,1,1,1,0,1
2,0,0,80.0,7,4,1,1,21,1,0,2,2,12500,1,1,3,3,1,1,0,0,1
2,0,0,80.0,7,2,0,1,21,1,0,2,2,12500,1,1,3,3,1,0,0,1,0
2,0,0,55.0,7,0,1,1,21,1,0,2,2,12500,1,1,3,3,1,0,0,0,1
2,0,0,55.0,7,1,0,1,21,1,0,2,2,12500,1,1,3,3,1,1,0,0,0
0,0,0,55.0,14,0,1,1,31,1,0,4,0,0,1,2,4,2,0,0,0,0,1
0,1,0,80.0,10,1,0,1,31,1,0,4,0,0,1,2,4,2,0,0,0,0,1
0,1,0,80.0,10,3,1,1,31,1,0,4,0,0,1,2,4,2,0,0,0,0,0
0,1,0,80.0,10,2,0,1,31,1,0,4,0,0,1,2,4,2,0,1,0,0,1
0,1,0,80.0,14,1,1,1,31,1,0,4,0,0,1,2,4,2,0,0,0,0,1
0,1,0,80.0,14,1,0,1,31,1,0,4,0,0,1,2,4,2,0,1,0,0,1
0,1,0,80.0,14,1,1,1,31,1,0,4,0,0,1,2,4,2,0,1,0,0,1
0,1,0,80.0,14,0,1,1,31,1,0,4,0,0,1,2,4,2,0,1,0,0,1
0,1,0,80.0,18,1,0,1,31,1,0,4,0,0,1,2,4,2,0,0,0,0,1
0,1,0,80.0,18,0,0,1,31,1,0,4,0,0,1,2,4,2,0,1,0,0,1
0,1,0,55.0,14,1,0,1,31,1,0,4,0,0,1,2,4,2,0,0,0,0,1
0,1,0,55.0,14,2,1,1,31,1,0,4,0,0,1,2,4,2,0,1,0,0,1
0,0,0,55.0,10,1,0,1,31,1,0,4,0,0,1,2,4,2,0,0,0,0,0
1,0,0,80.0,18,3,1,1,31,1,0,4,0,0,1,2,4,2,0,0,0,1,0
1,0,0,55.0,18,4,1,1,31,1,0,4,0,0,1,2,4,2,0,1,0,0,0
1,0,0,80.0,18,1,0,1,31,1,0,4,0,0,1,2,4,2,0,0,0,0,0
2,0,0,55.0,7,1,0,1,31,1,0,4,0,0,1,2,4,2,0,1,1,0,0
2,0,0,55.0,7,3,1,1,31,1,0,4,0,0,1,2,4,2,0,1,1,0,0
2,0,0,80.0,7,4,1,1,31,1,0,4,0,0,1,2,4,2,0,1,0,0,0
2,0,0,80.0,7,2,0,1,31,1,0,4,0,0,1,2,4,2,0,0,0,1,1
2,0,0,55.0,7,0,1,1,31,1,0,4,0,0,1,2,4,2,0,0,0,0,1
2,0,0,55.0,7,1,0,1,31,1,0,4,0,0,1,2,4,2,0,1,0,0,0
0,0,0,55.0,14,0,1,0,31,1,0,4,18,25000,1,2,3,4,1,0,0,0,1
0,1,0,80.0,10,1,0,0,31,1,0,4,18,25000,1,2,3,4,1,0,0,0,1
0,1,0,80.0,10,3,1,0,31,1,0,4,18,25000,1,2,3,4,1,0,0,0,0
0,1,0,80.0,10,2,0,0,31,1,0,4,18,25000,1,2,3,4,1,1,0,0,1
0,1,0,80.0,14,1,1,0,31,1,0,4,18,25000,1,2,3,4,1,0,0,0,1
0,1,0,80.0,14,1,0,0,31,1,0,4,18,25000,1,2,3,4,1,1,0,0,1
0,1,0,80.0,14,1,1,0,31,1,0,4,18,25000,1,2,3,4,1,1,0,0,1
0,1,0,80.0,14,0,1,0,31,1,0,4,18,25000,1,2,3,4,1,1,0,0,1
0,1,0,80.0,18,1,0,0,31,1,0,4,18,25000,1,2,3,4,1,0,0,0,1
0,1,0,80.0,18,0,0,0,31,1,0,4,18,25000,1,2,3,4,1,1,0,0,1
0,1,0,55.0,14,1,0,0,31,1,0,4,18,25000,1,2,3,4,1,0,0,0,1
0,1,0,55.0,14,2,1,0,31,1,0,4,18,25000,1,2,3,4,1,1,0,0,1
0,0,0,55.0,10,1,0,0,31,1,0,4,18,25000,1,2,3,4,1,0,0,0,1
1,0,0,55.0,18,3,1,0,31,1,0,4,18,25000,1,2,3,4,1,0,0,1,0
1,0,0,55.0,18,4,1,0,31,1,0,4,18,25000,1,2,3,4,1,1,0,0,1
1,0,0,80.0,18,1,0,0,31,1,0,4,18,25000,1,2,3,4,1,0,0,0,1
2,0,0,55.0,7,1,0,0,31,1,0,4,18,25000,1,2,3,4,1,1,1,0,0
2,0,0,55.0,7,3,1,0,31,1,0,4,18,25000,1,2,3,4,1,1,1,0,0
2,0,0,80.0,7,4,1,0,31,1,0,4,18,25000,1,2,3,4,1,1,0,0,0
2,0,0,80.0,7,2,0,0,31,1,0,4,18,25000,1,2,3,4,1,0,0,1,1
2,0,0,55.0,7,0,1,0,31,1,0,4,18,25000,1,2,3,4,1,0,0,0,1
2,0,0,55.0,7,1,0,0,31,1,0,4,18,25000,1,2,3,4,1,1,0,0,0
0,0,0,55.0,14,0,1,1,41,2,1,5,3,50000,1,3,3,2,1,0,0,0,1
0,1,0,80.0,10,1,0,1,41,2,1,5,3,50000,1,3,3,2,1,0,0,0,0
0,1,0,80.0,10,2,0,1,41,2,1,5,3,50000,1,3,3,2,1,1,0,0,1
0,1,0,80.0,14,1,0,1,41,2,1,5,3,50000,1,3,3,2,1,1,0,0,0
0,1,0,80.0,14,1,1,1,41,2,1,5,3,50000,1,3,3,2,1,1,0,0,0
0,1,0,80.0,18,0,0,1,41,2,1,5,3,50000,1,3,3,2,1,1,0,0,1
0,1,0,55.0,14,2,1,1,41,2,1,5,3,50000,1,3,3,2,1,1,0,0,1
0,2,0,80.0,10,0,0,1,41,2,1,5,3,50000,1,3,3,2,1,1,0,0,1
0,2,0,80.0,10,2,0,1,41,2,1,5,3,50000,1,3,3,2,1,1,0,0,1
0,2,0,80.0,10,3,1,1,41,2,1,5,3,50000,1,3,3,2,1,1,0,0,0
0,2,0,80.0,14,0,1,1,41,2,1,5,3,50000,1,3,3,2,1,0,0,0,1
0,2,0,55.0,14,0,1,1,41,2,1,5,3,50000,1,3,3,2,1,1,0,0,1
0,2,0,55.0,18,1,0,1,41,2,1,5,3,50000,1,3,3,2,1,1,0,0,1
1,0,0,55.0,18,3,1,1,41,2,1,5,3,50000,1,3,3,2,1,0,0,1,1
1,0,0,55.0,18,4,1,1,41,2,1,5,3,50000,1,3,3,2,1,1,0,0,0
1,0,0,80.0,18,1,0,1,41,2,1,5,3,50000,1,3,3,2,1,0,0,0,0
2,0,0,55.0,7,1,0,1,41,2,1,5,3,50000,1,3,3,2,1,1,1,0,0
2,0,0,55.0,7,3,1,1,41,2,1,5,3,50000,1,3,3,2,1,1,1,0,1
2,0,0,80.0,7,4,1,1,41,2,1,5,3,50000,1,3,3,2,1,1,0,0,0
2,0,0,80.0,7,2,0,1,41,2,1,5,3,50000,1,3,3,2,1,0,0,1,1
2,0,0,55.0,7,0,1,1,41,2,1,5,3,50000,1,3,3,2,1,0,0,0,1
2,0,0,55.0,7,1,0,1,41,2,1,5,3,50000,1,3,3,2,1,1,0,0,0
0,0,0,55.0,14,0,1,1,36,2,1,2,7,75000,2,2,2,3,1,0,0,0,1
0,1,0,80.0,10,1,0,1,36,2,1,2,7,75000,2,2,2,3,1,0,0,0,1
0,1,0,80.0,10,2,0,1,36,2,1,2,7,75000,2,2,2,3,1,1,0,0,1
0,1,0,80.0,14,1,0,1,36,2,1,2,7,75000,2,2,2,3,1,1,0,0,0
0,1,0,80.0,14,1,1,1,36,2,1,2,7,75000,2,2,2,3,1,1,0,0,0
0,1,0,80.0,18,0,0,1,36,2,1,2,7,75000,2,2,2,3,1,1,0,0,1
0,1,0,55.0,14,2,1,1,36,2,1,2,7,75000,2,2,2,3,1,1,0,0,1
0,2,0,80.0,10,0,0,1,36,2,1,2,7,75000,2,2,2,3,1,1,0,0,1
0,2,0,80.0,10,2,0,1,36,2,1,2,7,75000,2,2,2,3,1,1,0,0,1
0,2,0,80.0,10,3,1,1,36,2,1,2,7,75000,2,2,2,3,1,1,0,0,0
0,2,0,80.0,14,0,1,1,36,2,1,2,7,75000,2,2,2,3,1,0,0,0,1
0,2,0,55.0,14,0,1,1,36,2,1,2,7,75000,2,2,2,3,1,1,0,0,1
0,2,0,55.0,18,1,0,1,36,2,1,2,7,75000,2,2,2,3,1,1,0,0,0
1,0,0,55.0,18,3,1,1,36,2,1,2,7,75000,2,2,2,3,1,0,0,1,1
1,0,0,55.0,18,4,1,1,36,2,1,2,7,75000,2,2,2,3,1,1,0,0,0
1,0,0,80.0,18,1,0,1,36,2,1,2,7,75000,2,2,2,3,1,0,0,0,0
2,0,0,55.0,7,1,0,1,36,2,1,2,7,75000,2,2,2,3,1,1,1,0,1
2,0,0,55.0,7,3,1,1,36,2,1,2,7,75000,2,2,2,3,1,1,1,0,1
2,0,0,80.0,7,4,1,1,36,2,1,2,7,75000,2,2,2,3,1,1,0,0,0
2,0,0,80.0,7,2,0,1,36,2,1,2,7,75000,2,2,2,3,1,0,0,1,1
2,0,0,55.0,7,0,1,1,36,2,1,2,7,75000,2,2,2,3,1,0,0,0,1
2,0,0,55.0,7,1,0,1,36,2,1,2,7,75000,2,2,2,3,1,1,0,0,0
0,0,0,55.0,14,0,1,1,21,2,0,4,7,50000,0,0,3,3,2,0,0,0,1
0,1,0,80.0,10,1,0,1,21,2,0,4,7,50000,0,0,3,3,2,0,0,0,1
0,1,0,80.0,10,2,0,1,21,2,0,4,7,50000,0,0,3,3,2,1,0,0,1
0,1,0,80.0,14,1,0,1,21,2,0,4,7,50000,0,0,3,3,2,1,0,0,1
0,1,0,80.0,14,1,1,1,21,2,0,4,7,50000,0,0,3,3,2,1,0,0,0
0,1,0,80.0,18,0,0,1,21,2,0,4,7,50000,0,0,3,3,2,1,0,0,1
0,1,0,55.0,14,2,1,1,21,2,0,4,7,50000,0,0,3,3,2,1,0,0,1
0,3,0,80.0,10,1,0,1,21,2,0,4,7,50000,0,0,3,3,2,0,0,0,1
0,3,0,80.0,10,4,1,1,21,2,0,4,7,50000,0,0,3,3,2,0,0,0,1
0,3,0,80.0,10,3,0,1,21,2,0,4,7,50000,0,0,3,3,2,0,0,0,1
0,3,0,80.0,10,1,0,1,21,2,0,4,7,50000,0,0,3,3,2,1,0,0,1
0,3,0,80.0,18,0,0,1,21,2,0,4,7,50000,0,0,3,3,2,0,0,0,1
0,3,0,80.0,18,3,1,1,21,2,0,4,7,50000,0,0,3,3,2,1,0,0,0
1,0,0,55.0,18,3,1,1,21,2,0,4,7,50000,0,0,3,3,2,0,0,1,1
1,0,0,55.0,18,4,1,1,21,2,0,4,7,50000,0,0,3,3,2,1,0,0,1
1,0,0,80.0,18,1,0,1,21,2,0,4,7,50000,0,0,3,3,2,0,0,0,0
2,0,0,55.0,7,1,0,1,21,2,0,4,7,50000,0,0,3,3,2,1,1,0,1
2,0,0,55.0,7,3,1,1,21,2,0,4,7,50000,0,0,3,3,2,1,1,0,1
2,0,0,80.0,7,4,1,1,21,2,0,4,7,50000,0,0,3,3,2,1,0,0,0
2,0,0,80.0,7,2,0,1,21,2,0,4,7,50000,0,0,3,3,2,0,0,1,1
2,0,0,55.0,7,0,1,1,21,2,0,4,7,50000,0,0,3,3,2,0,0,0,1
2,0,0,55.0,7,1,0,1,21,2,0,4,7,50000,0,0,3,3,2,1,0,0,0
0,0,0,55.0,14,0,1,0,51,2,1,3,15,100000,1,0,4,3,2,0,0,0,1
0,1,0,80.0,10,1,0,0,51,2,1,3,15,100000,1,0,4,3,2,0,0,0,1
0,1,0,80.0,10,2,0,0,51,2,1,3,15,100000,1,0,4,3,2,1,0,0,0
0,1,0,80.0,14,1,0,0,51,2,1,3,15,100000,1,0,4,3,2,1,0,0,0
0,1,0,80.0,14,1,1,0,51,2,1,3,15,100000,1,0,4,3,2,1,0,0,0
0,1,0,80.0,18,0,0,0,51,2,1,3,15,100000,1,0,4,3,2,1,0,0,1
0,1,0,55.0,14,2,1,0,51,2,1,3,15,100000,1,0,4,3,2,1,0,0,1
0,3,0,80.0,10,1,0,0,51,2,1,3,15,100000,1,0,4,3,2,0,0,0,0
0,3,0,80.0,10,4,1,0,51,2,1,3,15,100000,1,0,4,3,2,0,0,0,1
0,3,0,80.0,10,3,0,0,51,2,1,3,15,100000,1,0,4,3,2,0,0,0,0
0,3,0,80.0,10,1,0,0,51,2,1,3,15,100000,1,0,4,3,2,1,0,0,0
0,3,0,80.0,18,0,0,0,51,2,1,3,15,100000,1,0,4,3,2,0,0,0,1
0,3,0,80.0,18,3,1,0,51,2,1,3,15,100000,1,0,4,3,2,1,0,0,1
1,0,0,55.0,18,3,1,0,51,2,1,3,15,100000,1,0,4,3,2,0,0,1,1
1,0,0,55.0,18,4,1,0,51,2,1,3,15,100000,1,0,4,3,2,1,0,0,1
1,0,0,80.0,18,1,0,0,51,2,1,3,15,100000,1,0,4,3,2,0,0,0,0
2,0,0,55.0,7,1,0,0,51,2,1,3,15,100000,1,0,4,3,2,1,1,0,0
2,0,0,55.0,7,3,1,0,51,2,1,3,15,100000,1,0,4,3,2,1,1,0,0
2,0,0,80.0,7,4,1,0,51,2,1,3,15,100000,1,0,4,3,2,1,0,0,0
2,0,0,80.0,7,2,0,0,51,2,1,3,15,100000,1,0,4,3,2,0,0,1,1
2,0,0,55.0,7,0,1,0,51,2,1,3,15,100000,1,0,4,3,2,0,0,0,0
2,0,0,55.0,7,1,0,0,51,2,1,3,15,100000,1,0,4,3,2,1,0,0,0
0,0,0,55.0,14,0,1,0,26,2,1,2,7,25000,1,2,2,3,2,0,0,0,1
0,1,0,80.0,10,1,0,0,26,2,1,2,7,25000,1,2,2,3,2,0,0,0,1
0,1,0,80.0,10,2,0,0,26,2,1,2,7,25000,1,2,2,3,2,1,0,0,1
0,1,0,80.0,14,1,0,0,26,2,1,2,7,25000,1,2,2,3,2,1,0,0,0
0,1,0,80.0,14,1,1,0,26,2,1,2,7,25000,1,2,2,3,2,1,0,0,1
0,1,0,80.0,18,0,0,0,26,2,1,2,7,25000,1,2,2,3,2,1,0,0,1
0,1,0,55.0,14,2,1,0,26,2,1,2,7,25000,1,2,2,3,2,1,0,0,1
0,2,0,80.0,10,0,0,0,26,2,1,2,7,25000,1,2,2,3,2,1,0,0,1
0,2,0,80.0,10,2,0,0,26,2,1,2,7,25000,1,2,2,3,2,1,0,0,1
0,2,0,80.0,10,3,1,0,26,2,1,2,7,25000,1,2,2,3,2,1,0,0,0
0,2,0,80.0,14,0,1,0,26,2,1,2,7,25000,1,2,2,3,2,0,0,0,1
0,2,0,55.0,14,0,1,0,26,2,1,2,7,25000,1,2,2,3,2,1,0,0,1
0,2,0,55.0,18,1,0,0,26,2,1,2,7,25000,1,2,2,3,2,1,0,0,0
1,0,0,55.0,18,3,1,0,26,2,1,2,7,25000,1,2,2,3,2,0,0,1,1
1,0,0,55.0,18,4,1,0,26,2,1,2,7,25000,1,2,2,3,2,1,0,0,1
1,0,0,80.0,18,1,0,0,26,2,1,2,7,25000,1,2,2,3,2,0,0,0,0
2,0,0,55.0,7,1,0,0,26,2,1,2,7,25000,1,2,2,3,2,1,1,0,1
2,0,0,55.0,7,3,1,0,26,2,1,2,7,25000,1,2,2,3,2,1,1,0,1
2,0,0,80.0,7,4,1,0,26,2,1,2,7,25000,1,2,2,3,2,1,0,0,1
2,0,0,80.0,7,2,0,0,26,2,1,2,7,25000,1,2,2,3,2,0,0,1,1
2,0,0,55.0,7,0,1,0,26,2,1,2,7,25000,1,2,2,3,2,0,0,0,1
2,0,0,55.0,7,1,0,0,26,2,1,2,7,25000,1,2,2,3,2,1,0,0,0
0,0,0,55.0,14,0,1,0,36,2,1,5,8,50000,3,4,3,3,2,0,0,0,1
0,1,0,80.0,10,1,0,0,36,2,1,5,8,50000,3,4,3,3,2,0,0,0,1
0,1,0,80.0,10,2,0,0,36,2,1,5,8,50000,3,4,3,3,2,1,0,0,0
0,1,0,80.0,14,1,0,0,36,2,1,5,8,50000,3,4,3,3,2,1,0,0,0
0,1,0,80.0,14,1,1,0,36,2,1,5,8,50000,3,4,3,3,2,1,0,0,1
0,1,0,80.0,18,0,0,0,36,2,1,5,8,50000,3,4,3,3,2,1,0,0,1
0,1,0,55.0,14,2,1,0,36,2,1,5,8,50000,3,4,3,3,2,1,0,0,1
0,2,0,80.0,10,0,0,0,36,2,1,5,8,50000,3,4,3,3,2,1,0,0,0
0,2,0,80.0,10,2,0,0,36,2,1,5,8,50000,3,4,3,3,2,1,0,0,0
0,2,0,80.0,10,3,1,0,36,2,1,5,8,50000,3,4,3,3,2,1,0,0,1
0,2,0,80.0,14,0,1,0,36,2,1,5,8,50000,3,4,3,3,2,0,0,0,1
0,2,0,55.0,14,0,1,0,36,2,1,5,8,50000,3,4,3,3,2,1,0,0,1
0,2,0,55.0,18,1,0,0,36,2,1,5,8,50000,3,4,3,3,2,1,0,0,0
1,0,0,55.0,18,3,1,0,36,2,1,5,8,50000,3,4,3,3,2,0,0,1,1
1,0,0,55.0,18,4,1,0,36,2,1,5,8,50000,3,4,3,3,2,1,0,0,1
1,0,0,80.0,18,1,0,0,36,2,1,5,8,50000,3,4,3,3,2,0,0,0,1
2,0,0,55.0,7,1,0,0,36,2,1,5,8,50000,3,4,3,3,2,1,1,0,0
2,0,0,55.0,7,3,1,0,36,2,1,5,8,50000,3,4,3,3,2,1,1,0,1
2,0,0,80.0,7,4,1,0,36,2,1,5,8,50000,3,4,3,3,2,1,0,0,1
2,0,0,80.0,7,2,0,0,36,2,1,5,8,50000,3,4,3,3,2,0,0,1,1
2,0,0,55.0,7,0,1,0,36,2,1,5,8,50000,3,4,3,3,2,0,0,0,1
2,0,0,55.0,7,1,0,0,36,2,1,5,8,50000,3,4,3,3,2,1,0,0,0
0,0,0,55.0,14,0,1,0,36,3,1,5,2,12500,0,4,4,4,2,0,0,0,0
0,1,0,80.0,10,1,0,0,36,3,1,5,2,12500,0,4,4,4,2,0,0,0,1
0,1,0,80.0,10,2,0,0,36,3,1,5,2,12500,0,4,4,4,2,1,0,0,1
0,1,0,80.0,14,1,0,0,36,3,1,5,2,12500,0,4,4,4,2,1,0,0,1
0,1,0,80.0,14,1,1,0,36,3,1,5,2,12500,0,4,4,4,2,1,0,0,1
0,1,0,80.0,18,0,0,0,36,3,1,5,2,12500,0,4,4,4,2,1,0,0,1
0,1,0,55.0,14,2,1,0,36,3,1,5,2,12500,0,4,4,4,2,1,0,0,0
0,2,0,80.0,10,0,0,0,36,3,1,5,2,12500,0,4,4,4,2,1,0,0,0
0,2,0,80.0,10,2,0,0,36,3,1,5,2,12500,0,4,4,4,2,1,0,0,0
0,2,0,80.0,10,3,1,0,36,3,1,5,2,12500,0,4,4,4,2,1,0,0,0
0,2,0,80.0,14,0,1,0,36,3,1,5,2,12500,0,4,4,4,2,0,0,0,0
0,2,0,55.0,14,0,1,0,36,3,1,5,2,12500,0,4,4,4,2,1,0,0,0
0,2,0,55.0,18,1,0,0,36,3,1,5,2,12500,0,4,4,4,2,1,0,0,0
1,0,0,55.0,18,3,1,0,36,3,1,5,2,12500,0,4,4,4,2,0,0,1,0
1,0,0,55.0,18,4,1,0,36,3,1,5,2,12500,0,4,4,4,2,1,0,0,0
1,0,0,80.0,18,1,0,0,36,3,1,5,2,12500,0,4,4,4,2,0,0,0,0
2,0,0,55.0,7,1,0,0,36,3,1,5,2,12500,0,4,4,4,2,1,1,0,0
2,0,0,55.0,7,3,1,0,36,3,1,5,2,12500,0,4,4,4,2,1,1,0,0
2,0,0,80.0,7,4,1,0,36,3,1,5,2,12500,0,4,4,4,2,1,0,0,0
2,0,0,80.0,7,2,0,0,36,3,1,5,2,12500,0,4,4,4,2,0,0,1,0
2,0,0,55.0,7,0,1,0,36,3,1,5,2,12500,0,4,4,4,2,0,0,0,0
2,0,0,55.0,7,1,0,0,36,3,1,5,2,12500,0,4,4,4,2,1,0,0,0
0,0,0,55.0,14,0,1,0,26,1,0,4,0,0,3,2,4,3,2,0,0,0,1
0,1,0,80.0,10,1,0,0,26,1,0,4,0,0,3,2,4,3,2,0,0,0,1
0,1,0,80.0,10,3,1,0,26,1,0,4,0,0,3,2,4,3,2,0,0,0,1
0,1,0,80.0,10,2,0,0,26,1,0,4,0,0,3,2,4,3,2,1,0,0,0
0,1,0,80.0,14,1,1,0,26,1,0,4,0,0,3,2,4,3,2,0,0,0,1
0,1,0,80.0,14,1,0,0,26,1,0,4,0,0,3,2,4,3,2,1,0,0,1
0,1,0,80.0,14,1,1,0,26,1,0,4,0,0,3,2,4,3,2,1,0,0,1
0,1,0,80.0,14,0,1,0,26,1,0,4,0,0,3,2,4,3,2,1,0,0,1
0,1,0,80.0,18,1,0,0,26,1,0,4,0,0,3,2,4,3,2,0,0,0,1
0,1,0,80.0,18,0,0,0,26,1,0,4,0,0,3,2,4,3,2,1,0,0,1
0,1,0,55.0,14,1,0,0,26,1,0,4,0,0,3,2,4,3,2,0,0,0,1
0,1,0,55.0,14,2,1,0,26,1,0,4,0,0,3,2,4,3,2,1,0,0,1
0,0,0,55.0,10,1,0,0,26,1,0,4,0,0,3,2,4,3,2,0,0,0,1
1,0,0,55.0,18,3,1,0,26,1,0,4,0,0,3,2,4,3,2,0,0,1,1
1,0,0,55.0,18,4,1,0,26,1,0,4,0,0,3,2,4,3,2,1,0,0,1
1,0,0,80.0,18,1,0,0,26,1,0,4,0,0,3,2,4,3,2,0,0,0,1
2,0,0,55.0,7,1,0,0,26,1,0,4,0,0,3,2,4,3,2,1,1,0,0
2,0,0,55.0,7,3,1,0,26,1,0,4,0,0,3,2,4,3,2,1,1,0,0
2,0,0,80.0,7,4,1,0,26,1,0,4,0,0,3,2,4,3,2,1,0,0,0
2,0,0,80.0,7,2,0,0,26,1,0,4,0,0,3,2,4,3,2,0,0,1,1
2,0,0,55.0,7,0,1,0,26,1,0,4,0,0,3,2,4,3,2,0,0,0,1
2,0,0,55.0,7,1,0,0,26,1,0,4,0,0,3,2,4,3,2,1,0,0,0
0,0,0,55.0,14,0,1,0,21,1,0,2,10,0,1,2,3,4,1,0,0,0,1
0,1,0,80.0,10,1,0,0,21,1,0,2,10,0,1,2,3,4,1,0,0,0,1
0,1,0,80.0,10,3,1,0,21,1,0,2,10,0,1,2,3,4,1,0,0,0,1
0,1,0,80.0,10,2,0,0,21,1,0,2,10,0,1,2,3,4,1,1,0,0,0
0,1,0,80.0,14,1,1,0,21,1,0,2,10,0,1,2,3,4,1,0,0,0,1
0,1,0,80.0,14,1,0,0,21,1,0,2,10,0,1,2,3,4,1,1,0,0,1
0,1,0,80.0,14,1,1,0,21,1,0,2,10,0,1,2,3,4,1,1,0,0,1
0,1,0,80.0,14,0,1,0,21,1,0,2,10,0,1,2,3,4,1,1,0,0,1
0,1,0,80.0,18,1,0,0,21,1,0,2,10,0,1,2,3,4,1,0,0,0,1
0,1,0,80.0,18,0,0,0,21,1,0,2,10,0,1,2,3,4,1,1,0,0,1
0,1,0,55.0,14,1,0,0,21,1,0,2,10,0,1,2,3,4,1,0,0,0,1
0,1,0,55.0,14,2,1,0,21,1,0,2,10,0,1,2,3,4,1,1,0,0,1
0,0,0,55.0,10,1,0,0,21,1,0,2,10,0,1,2,3,4,1,0,0,0,1
1,0,0,55.0,18,3,1,0,21,1,0,2,10,0,1,2,3,4,1,0,0,1,1
1,0,0,55.0,18,4,1,0,21,1,0,2,10,0,1,2,3,4,1,1,0,0,0
1,0,0,80.0,18,1,0,0,21,1,0,2,10,0,1,2,3,4,1,0,0,0,0
2,0,0,55.0,7,1,0,0,21,1,0,2,10,0,1,2,3,4,1,1,1,0,0
2,0,0,55.0,7,3,1,0,21,1,0,2,10,0,1,2,3,4,1,1,1,0,1
2,0,0,80.0,7,4,1,0,21,1,0,2,10,0,1,2,3,4,1,1,0,0,0
2,0,0,80.0,7,2,0,0,21,1,0,2,10,0,1,2,3,4,1,0,0,1,0
2,0,0,55.0,7,0,1,0,21,1,0,2,10,0,1,2,3,4,1,0,0,0,1
2,0,0,55.0,7,1,0,0,21,1,0,2,10,0,1,2,3,4,1,1,0,0,0
0,0,0,55.0,14,0,1,0,36,2,1,5,19,100000,0,3,2,3,2,0,0,0,1
0,1,0,80.0,10,1,0,0,36,2,1,5,19,100000,0,3,2,3,2,0,0,0,1
0,1,0,80.0,10,2,0,0,36,2,1,5,19,100000,0,3,2,3,2,1,0,0,1
0,1,0,80.0,14,1,0,0,36,2,1,5,19,100000,0,3,2,3,2,1,0,0,1
0,1,0,80.0,14,1,1,0,36,2,1,5,19,100000,0,3,2,3,2,1,0,0,1
0,1,0,80.0,18,0,0,0,36,2,1,5,19,100000,0,3,2,3,2,1,0,0,1
0,1,0,55.0,14,2,1,0,36,2,1,5,19,100000,0,3,2,3,2,1,0,0,1
0,2,0,80.0,10,0,0,0,36,2,1,5,19,100000,0,3,2,3,2,1,0,0,1
0,2,0,80.0,10,2,0,0,36,2,1,5,19,100000,0,3,2,3,2,1,0,0,1
0,2,0,80.0,10,3,1,0,36,2,1,5,19,100000,0,3,2,3,2,1,0,0,0
0,2,0,80.0,14,0,1,0,36,2,1,5,19,100000,0,3,2,3,2,0,0,0,1
0,2,0,55.0,14,0,1,0,36,2,1,5,19,100000,0,3,2,3,2,1,0,0,1
0,2,0,55.0,18,1,0,0,36,2,1,5,19,100000,0,3,2,3,2,1,0,0,1
1,0,0,55.0,18,3,1,0,36,2,1,5,19,100000,0,3,2,3,2,0,0,1,1
1,0,0,55.0,18,4,1,0,36,2,1,5,19,100000,0,3,2,3,2,1,0,0,1
1,0,0,80.0,18,1,0,0,36,2,1,5,19,100000,0,3,2,3,2,0,0,0,0
2,0,0,55.0,7,1,0,0,36,2,1,5,19,100000,0,3,2,3,2,1,1,0,1
2,0,0,55.0,7,3,1,0,36,2,1,5,19,100000,0,3,2,3,2,1,1,0,0
2,0,0,80.0,7,4,1,0,36,2,1,5,19,100000,0,3,2,3,2,1,0,0,0
2,0,0,80.0,7,2,0,0,36,2,1,5,19,100000,0,3,2,3,2,0,0,1,1
2,0,0,55.0,7,0,1,0,36,2,1,5,19,100000,0,3,2,3,2,0,0,0,1
2,0,0,80.0,7,1,0,0,36,2,1,5,19,100000,0,3,2,3,2,1,0,0,1
0,0,0,55.0,14,0,1,1,21,1,0,4,2,100000,3,4,3,4,2,0,0,0,1
0,1,0,80.0,10,1,0,1,21,1,0,4,2,100000,3,4,3,4,2,0,0,0,1
0,1,0,80.0,10,3,1,1,21,1,0,4,2,100000,3,4,3,4,2,0,0,0,1
0,1,0,80.0,10,2,0,1,21,1,0,4,2,100000,3,4,3,4,2,1,0,0,1
0,1,0,80.0,14,1,1,1,21,1,0,4,2,100000,3,4,3,4,2,0,0,0,1
0,1,0,80.0,14,1,0,1,21,1,0,4,2,100000,3,4,3,4,2,1,0,0,1
0,1,0,80.0,14,1,1,1,21,1,0,4,2,100000,3,4,3,4,2,1,0,0,1
0,1,0,80.0,14,0,1,1,21,1,0,4,2,100000,3,4,3,4,2,1,0,0,1
0,1,0,80.0,18,1,0,1,21,1,0,4,2,100000,3,4,3,4,2,0,0,0,1
0,1,0,80.0,18,0,0,1,21,1,0,4,2,100000,3,4,3,4,2,1,0,0,1
0,1,0,55.0,14,1,0,1,21,1,0,4,2,100000,3,4,3,4,2,0,0,0,1
0,1,0,55.0,14,2,1,1,21,1,0,4,2,100000,3,4,3,4,2,1,0,0,1
0,0,0,55.0,10,1,0,1,21,1,0,4,2,100000,3,4,3,4,2,0,0,0,1
1,0,0,55.0,18,3,1,1,21,1,0,4,2,100000,3,4,3,4,2,0,0,1,1
1,0,0,55.0,18,4,1,1,21,1,0,4,2,100000,3,4,3,4,2,1,0,0,1
1,0,0,80.0,18,1,0,1,21,1,0,4,2,100000,3,4,3,4,2,0,0,0,0
2,0,0,55.0,7,1,0,1,21,1,0,4,2,100000,3,4,3,4,2,1,1,0,1
2,0,0,55.0,7,3,1,1,21,1,0,4,2,100000,3,4,3,4,2,1,1,0,1
2,0,0,80.0,7,4,1,1,21,1,0,4,2,100000,3,4,3,4,2,1,0,0,1
2,0,0,80.0,7,2,0,1,21,1,0,4,2,100000,3,4,3,4,2,0,0,1,0
2,0,0,55.0,7,0,1,1,21,1,0,4,2,100000,3,4,3,4,2,0,0,0,1
2,0,0,55.0,7,1,0,1,21,1,0,4,2,100000,3,4,3,4,2,1,0,0,0
0,0,0,55.0,14,0,1,1,21,1,0,4,6,12500,2,1,2,2,1,0,0,0,1
0,1,0,80.0,10,1,0,1,21,1,0,4,6,12500,2,1,2,2,1,0,0,0,1
0,1,0,80.0,10,3,1,1,21,1,0,4,6,12500,2,1,2,2,1,0,0,0,0
0,1,0,80.0,10,2,0,1,21,1,0,4,6,12500,2,1,2,2,1,1,0,0,1
0,1,0,80.0,14,1,1,1,21,1,0,4,6,12500,2,1,2,2,1,0,0,0,0
0,1,0,80.0,14,1,0,1,21,1,0,4,6,12500,2,1,2,2,1,1,0,0,0
0,1,0,80.0,14,1,1,1,21,1,0,4,6,12500,2,1,2,2,1,1,0,0,0
0,1,0,80.0,14,0,1,1,21,1,0,4,6,12500,2,1,2,2,1,1,0,0,1
0,1,0,80.0,18,1,0,1,21,1,0,4,6,12500,2,1,2,2,1,0,0,0,0
0,1,0,80.0,18,0,0,1,21,1,0,4,6,12500,2,1,2,2,1,1,0,0,1
0,1,0,55.0,14,1,0,1,21,1,0,4,6,12500,2,1,2,2,1,0,0,0,0
0,1,0,55.0,14,2,1,1,21,1,0,4,6,12500,2,1,2,2,1,1,0,0,1
0,0,0,55.0,10,1,0,1,21,1,0,4,6,12500,2,1,2,2,1,0,0,0,1
1,0,0,55.0,18,3,1,1,21,1,0,4,6,12500,2,1,2,2,1,0,0,1,1
1,0,0,55.0,18,4,1,1,21,1,0,4,6,12500,2,1,2,2,1,1,0,0,0
1,0,0,80.0,18,1,0,1,21,1,0,4,6,12500,2,1,2,2,1,0,0,0,0
2,0,0,55.0,7,1,0,1,21,1,0,4,6,12500,2,1,2,2,1,1,1,0,0
2,0,0,55.0,7,3,1,1,21,1,0,4,6,12500,2,1,2,2,1,1,1,0,1
2,0,0,80.0,7,4,1,1,21,1,0,4,6,12500,2,1,2,2,1,1,0,0,1
2,0,0,80.0,7,2,0,1,21,1,0,4,6,12500,2,1,2,2,1,0,0,1,1
2,0,0,55.0,7,0,1,1,21,1,0,4,6,12500,2,1,2,2,1,0,0,0,1
2,0,0,55.0,7,1,0,1,21,1,0,4,6,12500,2,1,2,2,1,1,0,0,0
0,0,0,55.0,14,0,1,1,36,2,0,3,20,100000,3,0,3,3,2,0,0,0,1
0,1,0,80.0,10,1,0,1,36,2,0,3,20,100000,3,0,3,3,2,0,0,0,0
0,1,0,80.0,10,2,0,1,36,2,0,3,20,100000,3,0,3,3,2,1,0,0,1
0,1,0,80.0,14,1,0,1,36,2,0,3,20,100000,3,0,3,3,2,1,0,0,0
0,1,0,80.0,14,1,1,1,36,2,0,3,20,100000,3,0,3,3,2,1,0,0,0
0,1,0,80.0,18,0,0,1,36,2,0,3,20,100000,3,0,3,3,2,1,0,0,0
0,1,0,55.0,14,2,1,1,36,2,0,3,20,100000,3,0,3,3,2,1,0,0,1
0,3,0,80.0,10,1,0,1,36,2,0,3,20,100000,3,0,3,3,2,0,0,0,1
0,3,0,80.0,10,4,1,1,36,2,0,3,20,100000,3,0,3,3,2,0,0,0,1
0,3,0,80.0,10,3,0,1,36,2,0,3,20,100000,3,0,3,3,2,0,0,0,0
0,3,0,80.0,10,1,0,1,36,2,0,3,20,100000,3,0,3,3,2,1,0,0,1
0,3,0,80.0,18,0,0,1,36,2,0,3,20,100000,3,0,3,3,2,0,0,0,1
0,3,0,80.0,18,3,1,1,36,2,0,3,20,100000,3,0,3,3,2,1,0,0,1
1,0,0,55.0,18,3,1,1,36,2,0,3,20,100000,3,0,3,3,2,0,0,1,1
1,0,0,55.0,18,4,1,1,36,2,0,3,20,100000,3,0,3,3,2,1,0,0,1
1,0,0,80.0,18,1,0,1,36,2,0,3,20,100000,3,0,3,3,2,0,0,0,0
2,0,0,55.0,7,1,0,1,36,2,0,3,20,100000,3,0,3,3,2,1,1,0,0
2,0,0,55.0,7,3,1,1,36,2,0,3,20,100000,3,0,3,3,2,1,1,0,1
2,0,0,80.0,7,4,1,1,36,2,0,3,20,100000,3,0,3,3,2,1,0,0,1
2,0,0,80.0,7,2,0,1,36,2,0,3,20,100000,3,0,3,3,2,0,0,1,1
2,0,0,55.0,7,0,1,1,36,2,0,3,20,100000,3,0,3,3,2,0,0,0,1
2,0,0,55.0,7,1,0,1,36,2,0,3,20,100000,3,0,3,3,2,1,0,0,0
0,0,0,55.0,14,0,1,0,26,2,0,3,7,12500,0,1,4,3,0,0,0,0,1
0,1,0,80.0,10,1,0,0,26,2,0,3,7,12500,0,1,4,3,0,0,0,0,0
0,1,0,80.0,10,2,0,0,26,2,0,3,7,12500,0,1,4,3,0,1,0,0,0
0,1,0,80.0,14,1,0,0,26,2,0,3,7,12500,0,1,4,3,0,1,0,0,0
0,1,0,80.0,14,1,1,0,26,2,0,3,7,12500,0,1,4,3,0,1,0,0,0
0,1,0,80.0,18,0,0,0,26,2,0,3,7,12500,0,1,4,3,0,1,0,0,0
0,1,0,55.0,14,2,1,0,26,2,0,3,7,12500,0,1,4,3,0,1,0,0,1
0,3,0,80.0,10,1,0,0,26,2,0,3,7,12500,0,1,4,3,0,0,0,0,0
0,3,0,80.0,10,4,1,0,26,2,0,3,7,12500,0,1,4,3,0,0,0,0,0
0,3,0,80.0,10,3,0,0,26,2,0,3,7,12500,0,1,4,3,0,0,0,0,0
0,3,0,80.0,10,1,0,0,26,2,0,3,7,12500,0,1,4,3,0,1,0,0,0
0,3,0,80.0,18,0,0,0,26,2,0,3,7,12500,0,1,4,3,0,0,0,0,1
0,3,0,80.0,18,3,1,0,26,2,0,3,7,12500,0,1,4,3,0,1,0,0,1
1,0,0,55.0,18,3,1,0,26,2,0,3,7,12500,0,1,4,3,0,0,0,1,0
1,0,0,55.0,18,4,1,0,26,2,0,3,7,12500,0,1,4,3,0,1,0,0,0
1,0,0,80.0,18,1,0,0,26,2,0,3,7,12500,0,1,4,3,0,0,0,0,0
2,0,0,55.0,7,1,0,0,26,2,0,3,7,12500,0,1,4,3,0,1,1,0,1
2,0,0,55.0,7,3,1,0,26,2,0,3,7,12500,0,1,4,3,0,1,1,0,0
2,0,0,80.0,7,4,1,0,26,2,0,3,7,12500,0,1,4,3,0,1,0,0,0
2,0,0,80.0,7,2,0,0,26,2,0,3,7,12500,0,1,4,3,0,0,0,1,1
2,0,0,55.0,7,0,1,0,26,2,0,3,7,12500,0,1,4,3,0,0,0,0,1
2,0,0,55.0,7,1,0,0,26,2,0,3,7,12500,0,1,4,3,0,1,0,0,0
0,0,0,55.0,14,0,1,1,21,1,0,5,9,50000,0,0,2,1,0,0,0,0,1
0,1,0,80.0,10,1,0,1,21,1,0,5,9,50000,0,0,2,1,0,0,0,0,0
0,1,0,80.0,10,3,1,1,21,1,0,5,9,50000,0,0,2,1,0,0,0,0,0
0,1,0,80.0,10,2,0,1,21,1,0,5,9,50000,0,0,2,1,0,1,0,0,1
0,1,0,80.0,14,1,1,1,21,1,0,5,9,50000,0,0,2,1,0,0,0,0,0
0,1,0,80.0,14,1,0,1,21,1,0,5,9,50000,0,0,2,1,0,1,0,0,0
0,1,0,80.0,14,1,1,1,21,1,0,5,9,50000,0,0,2,1,0,1,0,0,0
0,1,0,80.0,14,0,1,1,21,1,0,5,9,50000,0,0,2,1,0,1,0,0,1
0,1,0,80.0,18,1,0,1,21,1,0,5,9,50000,0,0,2,1,0,0,0,0,0
0,1,0,80.0,18,0,0,1,21,1,0,5,9,50000,0,0,2,1,0,1,0,0,1
0,1,0,55.0,14,1,0,1,21,1,0,5,9,50000,0,0,2,1,0,0,0,0,0
0,1,0,80.0,14,2,1,1,21,1,0,5,9,50000,0,0,2,1,0,1,0,0,1
0,0,0,55.0,10,1,0,1,21,1,0,5,9,50000,0,0,2,1,0,0,0,0,0
1,0,0,55.0,18,3,1,1,21,1,0,5,9,50000,0,0,2,1,0,0,0,1,0
1,0,0,55.0,18,4,1,1,21,1,0,5,9,50000,0,0,2,1,0,1,0,0,0
1,0,0,80.0,18,1,0,1,21,1,0,5,9,50000,0,0,2,1,0,0,0,0,0
2,0,0,55.0,7,1,0,1,21,1,0,5,9,50000,0,0,2,1,0,1,1,0,0
2,0,0,55.0,7,3,1,1,21,1,0,5,9,50000,0,0,2,1,0,1,1,0,0
2,0,0,80.0,7,4,1,1,21,1,0,5,9,50000,0,0,2,1,0,1,0,0,1
2,0,0,80.0,7,2,0,1,21,1,0,5,9,50000,0,0,2,1,0,0,0,1,0
2,0,0,55.0,7,0,1,1,21,1,0,5,9,50000,0,0,2,1,0,0,0,0,1
2,0,0,55.0,7,1,0,1,21,1,0,5,9,50000,0,0,2,1,0,1,0,0,0
0,0,0,55.0,14,0,1,0,41,1,1,2,13,25000,1,1,1,1,0,0,0,0,1
0,1,0,80.0,10,1,0,0,41,1,1,2,13,25000,1,1,1,1,0,0,0,0,1
0,1,0,80.0,10,3,1,0,41,1,1,2,13,25000,1,1,1,1,0,0,0,0,1
0,1,0,80.0,10,2,0,0,41,1,1,2,13,25000,1,1,1,1,0,1,0,0,1
0,1,0,80.0,14,1,1,0,41,1,1,2,13,25000,1,1,1,1,0,0,0,0,0
0,1,0,80.0,14,1,0,0,41,1,1,2,13,25000,1,1,1,1,0,1,0,0,1
0,1,0,80.0,14,1,1,0,41,1,1,2,13,25000,1,1,1,1,0,1,0,0,1
0,1,0,80.0,14,0,1,0,41,1,1,2,13,25000,1,1,1,1,0,1,0,0,1
0,1,0,80.0,18,1,0,0,41,1,1,2,13,25000,1,1,1,1,0,0,0,0,0
0,1,0,80.0,18,0,0,0,41,1,1,2,13,25000,1,1,1,1,0,1,0,0,1
0,1,0,55.0,14,1,0,0,41,1,1,2,13,25000,1,1,1,1,0,0,0,0,1
0,1,0,55.0,14,2,1,0,41,1,1,2,13,25000,1,1,1,1,0,1,0,0,1
0,0,0,55.0,10,1,0,0,41,1,1,2,13,25000,1,1,1,1,0,0,0,0,0
1,0,0,55.0,18,3,1,0,41,1,1,2,13,25000,1,1,1,1,0,0,0,1,1
1,0,0,55.0,18,4,1,0,41,1,1,2,13,25000,1,1,1,1,0,1,0,0,0
1,0,0,80.0,18,1,0,0,41,1,1,2,13,25000,1,1,1,1,0,0,0,0,1
2,0,0,55.0,7,1,0,0,41,1,1,2,13,25000,1,1,1,1,0,1,1,0,0
2,0,0,55.0,7,3,1,0,41,1,1,2,13,25000,1,1,1,1,0,1,1,0,1
2,0,0,80.0,7,4,1,0,41,1,1,2,13,25000,1,1,1,1,0,1,0,0,1
2,0,0,80.0,7,2,0,0,41,1,1,2,13,25000,1,1,1,1,0,0,0,1,0
2,0,0,55.0,7,0,1,0,41,1,1,2,13,25000,1,1,1,1,0,0,0,0,1
2,0,0,55.0,7,1,0,0,41,1,1,2,13,25000,1,1,1,1,0,1,0,0,1
0,0,0,55.0,14,0,1,1,51,2,1,2,9,50000,0,4,0,3,1,0,0,0,1
0,1,0,80.0,10,1,0,1,51,2,1,2,9,50000,0,4,0,3,1,0,0,0,1
0,1,0,80.0,10,2,0,1,51,2,1,2,9,50000,0,4,0,3,1,1,0,0,0
0,1,0,80.0,14,1,0,1,51,2,1,2,9,50000,0,4,0,3,1,1,0,0,1
0,1,0,80.0,14,1,1,1,51,2,1,2,9,50000,0,4,0,3,1,1,0,0,1
0,1,0,80.0,18,0,0,1,51,2,1,2,9,50000,0,4,0,3,1,1,0,0,1
0,1,0,55.0,14,2,1,1,51,2,1,2,9,50000,0,4,0,3,1,1,0,0,0
0,3,0,80.0,10,1,0,1,51,2,1,2,9,50000,0,4,0,3,1,0,0,0,1
0,3,0,80.0,10,4,1,1,51,2,1,2,9,50000,0,4,0,3,1,0,0,0,1
0,3,0,80.0,10,3,0,1,51,2,1,2,9,50000,0,4,0,3,1,0,0,0,0
0,3,0,80.0,10,1,0,1,51,2,1,2,9,50000,0,4,0,3,1,1,0,0,1
0,3,0,80.0,18,0,0,1,51,2,1,2,9,50000,0,4,0,3,1,0,0,0,1
0,3,0,80.0,18,3,1,1,51,2,1,2,9,50000,0,4,0,3,1,1,0,0,0
1,0,0,55.0,18,3,1,1,51,2,1,2,9,50000,0,4,0,3,1,0,0,1,0
1,0,0,55.0,18,4,1,1,51,2,1,2,9,50000,0,4,0,3,1,1,0,0,0
1,0,0,80.0,18,1,0,1,51,2,1,2,9,50000,0,4,0,3,1,0,0,0,1
2,0,0,55.0,7,1,0,1,51,2,1,2,9,50000,0,4,0,3,1,1,1,0,0
2,0,0,80.0,7,3,1,1,51,2,1,2,9,50000,0,4,0,3,1,1,1,0,0
2,0,0,80.0,7,4,1,1,51,2,1,2,9,50000,0,4,0,3,1,1,0,0,1
2,0,0,80.0,7,2,0,1,51,2,1,2,9,50000,0,4,0,3,1,0,0,1,1
2,0,0,55.0,7,0,1,1,51,2,1,2,9,50000,0,4,0,3,1,0,0,0,1
2,0,0,55.0,7,1,0,1,51,2,1,2,9,50000,0,4,0,3,1,1,0,0,0
0,0,0,55.0,14,0,1,0,31,1,0,4,6,25000,3,2,2,3,2,0,0,0,1
0,1,0,80.0,10,1,0,0,31,1,0,4,6,25000,3,2,2,3,2,0,0,0,0
0,1,0,80.0,10,3,1,0,31,1,0,4,6,25000,3,2,2,3,2,0,0,0,1
0,1,0,80.0,10,2,0,0,31,1,0,4,6,25000,3,2,2,3,2,1,0,0,1
0,1,0,80.0,14,1,1,0,31,1,0,4,6,25000,3,2,2,3,2,0,0,0,0
0,1,0,80.0,14,1,0,0,31,1,0,4,6,25000,3,2,2,3,2,1,0,0,0
0,1,0,80.0,14,0,1,0,31,1,0,4,6,25000,3,2,2,3,2,1,0,0,1
0,1,0,80.0,18,1,0,0,31,1,0,4,6,25000,3,2,2,3,2,0,0,0,0
0,1,0,80.0,18,0,0,0,31,1,0,4,6,25000,3,2,2,3,2,1,0,0,1
0,1,0,55.0,14,1,0,0,31,1,0,4,6,25000,3,2,2,3,2,0,0,0,0
0,1,0,55.0,14,2,1,0,31,1,0,4,6,25000,3,2,2,3,2,1,0,0,1
0,0,0,55.0,10,1,0,0,31,1,0,4,6,25000,3,2,2,3,2,0,0,0,0
1,0,0,55.0,18,3,1,0,31,1,0,4,6,25000,3,2,2,3,2,0,0,1,1
1,0,0,55.0,18,4,1,0,31,1,0,4,6,25000,3,2,2,3,2,1,0,0,1
1,0,0,80.0,18,1,0,0,31,1,0,4,6,25000,3,2,2,3,2,0,0,0,1
2,0,0,55.0,7,1,0,0,31,1,0,4,6,25000,3,2,2,3,2,1,1,0,0
2,0,0,55.0,7,3,1,0,31,1,0,4,6,25000,3,2,2,3,2,1,1,0,0
2,0,0,80.0,7,4,1,0,31,1,0,4,6,25000,3,2,2,3,2,1,0,0,1
2,0,0,80.0,7,2,0,0,31,1,0,4,6,25000,3,2,2,3,2,0,0,1,1
2,0,0,55.0,7,0,1,0,31,1,0,4,6,25000,3,2,2,3,2,0,0,0,1
2,0,0,55.0,7,1,0,0,31,1,0,4,6,25000,3,2,2,3,2,1,0,0,0
0,0,0,55.0,14,0,1,0,31,2,1,2,3,50000,1,2,3,3,1,0,0,0,1
0,1,0,80.0,10,1,0,0,31,2,1,2,3,50000,1,2,3,3,1,0,0,0,1
0,1,0,80.0,10,2,0,0,31,2,1,2,3,50000,1,2,3,3,1,1,0,0,1
0,1,0,80.0,14,1,0,0,31,2,1,2,3,50000,1,2,3,3,1,1,0,0,0
0,1,0,80.0,14,1,1,0,31,2,1,2,3,50000,1,2,3,3,1,1,0,0,1
0,1,0,80.0,18,0,0,0,31,2,1,2,3,50000,1,2,3,3,1,1,0,0,1
0,1,0,55.0,14,2,1,0,31,2,1,2,3,50000,1,2,3,3,1,1,0,0,1
0,2,0,80.0,10,0,0,0,31,2,1,2,3,50000,1,2,3,3,1,1,0,0,1
0,2,0,80.0,10,2,0,0,31,2,1,2,3,50000,1,2,3,3,1,1,0,0,1
0,2,0,80.0,10,3,1,0,31,2,1,2,3,50000,1,2,3,3,1,1,0,0,0
0,2,0,80.0,14,0,1,0,31,2,1,2,3,50000,1,2,3,3,1,0,0,0,1
0,2,0,55.0,14,0,1,0,31,2,1,2,3,50000,1,2,3,3,1,1,0,0,1
0,2,0,55.0,18,1,0,0,31,2,1,2,3,50000,1,2,3,3,1,1,0,0,0
1,0,0,55.0,18,3,1,0,31,2,1,2,3,50000,1,2,3,3,1,0,0,1,1
1,0,0,55.0,18,4,1,0,31,2,1,2,3,50000,1,2,3,3,1,1,0,0,1
1,0,0,80.0,18,1,0,0,31,2,1,2,3,50000,1,2,3,3,1,0,0,0,0
2,0,0,55.0,7,1,0,0,31,2,1,2,3,50000,1,2,3,3,1,1,1,0,0
2,0,0,55.0,7,3,1,0,31,2,1,2,3,50000,1,2,3,3,1,1,1,0,1
2,0,0,80.0,7,4,1,0,31,2,1,2,3,50000,1,2,3,3,1,1,0,0,1
2,0,0,80.0,7,2,0,0,31,2,1,2,3,50000,1,2,3,3,1,0,0,1,1
2,0,0,55.0,7,0,1,0,31,2,1,2,3,50000,1,2,3,3,1,0,0,0,1
2,0,0,55.0,7,1,0,0,31,2,1,2,3,50000,1,2,3,3,1,1,0,0,0
0,0,0,55.0,14,0,1,0,21,1,0,2,7,25000,3,1,4,2,2,0,0,0,1
0,1,0,80.0,10,1,0,0,21,1,0,2,7,25000,3,1,4,2,2,0,0,0,0
0,1,0,80.0,10,3,1,0,21,1,0,2,7,25000,3,1,4,2,2,0,0,0,0
0,1,0,80.0,10,2,0,0,21,1,0,2,7,25000,3,1,4,2,2,1,0,0,0
0,1,0,80.0,14,1,1,0,21,1,0,2,7,25000,3,1,4,2,2,0,0,0,0
0,1,0,80.0,14,1,0,0,21,1,0,2,7,25000,3,1,4,2,2,1,0,0,0
0,1,0,80.0,14,1,1,0,21,1,0,2,7,25000,3,1,4,2,2,1,0,0,0
0,1,0,80.0,14,0,1,0,21,1,0,2,7,25000,3,1,4,2,2,1,0,0,1
0,1,0,80.0,18,1,0,0,21,1,0,2,7,25000,3,1,4,2,2,0,0,0,0
0,1,0,80.0,18,0,0,0,21,1,0,2,7,25000,3,1,4,2,2,1,0,0,0
0,1,0,55.0,14,1,0,0,21,1,0,2,7,25000,3,1,4,2,2,0,0,0,0
0,1,0,55.0,14,2,1,0,21,1,0,2,7,25000,3,1,4,2,2,1,0,0,1
0,0,0,55.0,10,1,0,0,21,1,0,2,7,25000,3,1,4,2,2,0,0,0,0
1,0,0,55.0,18,3,1,0,21,1,0,2,7,25000,3,1,4,2,2,0,0,1,1
1,0,0,55.0,18,4,1,0,21,1,0,2,7,25000,3,1,4,2,2,1,0,0,1
1,0,0,80.0,18,1,0,0,21,1,0,2,7,25000,3,1,4,2,2,0,0,0,0
2,0,0,55.0,7,1,0,0,21,1,0,2,7,25000,3,1,4,2,2,1,1,0,0
2,0,0,55.0,7,3,1,0,21,1,0,2,7,25000,3,1,4,2,2,1,1,0,1
2,0,0,80.0,7,4,1,0,21,1,0,2,7,25000,3,1,4,2,2,1,0,0,1
2,0,0,80.0,7,2,0,0,21,1,0,2,7,25000,3,1,4,2,2,0,0,1,1
2,0,0,55.0,7,0,1,0,21,1,0,2,7,25000,3,1,4,2,2,0,0,0,1
2,0,0,55.0,7,1,0,0,21,1,0,2,7,25000,3,1,4,2,2,1,0,0,0
0,1,0,80.0,10,3,1,1,26,1,0,2,9,87500,0,1,2,2,1,0,0,0,1
0,1,0,80.0,14,1,1,1,26,1,0,2,9,87500,0,1,2,2,1,0,0,0,0
0,1,0,80.0,14,0,1,1,26,1,0,2,9,87500,0,1,2,2,1,1,0,0,1
0,1,0,80.0,18,1,0,1,26,1,0,2,9,87500,0,1,2,2,1,0,0,0,0
0,1,0,55.0,14,1,0,1,26,1,0,2,9,87500,0,1,2,2,1,0,0,0,0
0,0,0,55.0,10,1,0,1,26,1,0,2,9,87500,0,1,2,2,1,0,0,0,1
0,0,0,55.0,14,0,1,0,51,2,1,2,18,75000,0,0,3,4,1,0,0,0,1
0,1,0,80.0,10,1,0,0,51,2,1,2,18,75000,0,0,3,4,1,0,0,0,0
0,1,0,80.0,10,2,0,0,51,2,1,2,18,75000,0,0,3,4,1,1,0,0,1
0,1,0,80.0,14,1,0,0,51,2,1,2,18,75000,0,0,3,4,1,1,0,0,0
0,1,0,80.0,14,1,1,0,51,2,1,2,18,75000,0,0,3,4,1,1,0,0,0
0,1,0,80.0,18,0,0,0,51,2,1,2,18,75000,0,0,3,4,1,1,0,0,1
0,1,0,55.0,14,2,1,0,51,2,1,2,18,75000,0,0,3,4,1,1,0,0,1
0,2,0,80.0,10,0,0,0,51,2,1,2,18,75000,0,0,3,4,1,1,0,0,1
0,2,0,80.0,10,2,0,0,51,2,1,2,18,75000,0,0,3,4,1,1,0,0,0
0,2,0,80.0,10,3,1,0,51,2,1,2,18,75000,0,0,3,4,1,1,0,0,0
0,2,0,80.0,14,0,1,0,51,2,1,2,18,75000,0,0,3,4,1,0,0,0,1
0,2,0,55.0,14,0,1,0,51,2,1,2,18,75000,0,0,3,4,1,1,0,0,1
0,2,0,55.0,18,1,0,0,51,2,1,2,18,75000,0,0,3,4,1,1,0,0,0
1,0,0,55.0,18,3,1,0,51,2,1,2,18,75000,0,0,3,4,1,0,0,1,0
1,0,0,55.0,18,4,1,0,51,2,1,2,18,75000,0,0,3,4,1,1,0,0,0
1,0,0,80.0,18,1,0,0,51,2,1,2,18,75000,0,0,3,4,1,0,0,0,0
2,0,0,55.0,7,1,0,0,51,2,1,2,18,75000,0,0,3,4,1,1,1,0,0
2,0,0,55.0,7,3,1,0,51,2,1,2,18,75000,0,0,3,4,1,1,1,0,0
2,0,0,80.0,7,4,1,0,51,2,1,2,18,75000,0,0,3,4,1,1,0,0,0
2,0,0,80.0,7,2,0,0,51,2,1,2,18,75000,0,0,3,4,1,0,0,1,1
2,0,0,55.0,7,0,1,0,51,2,1,2,18,75000,0,0,3,4,1,0,0,0,1
2,0,0,55.0,7,1,0,0,51,2,1,2,18,75000,0,0,3,4,1,1,0,0,0
0,0,0,55.0,14,0,1,0,21,1,0,4,8,12500,3,3,3,3,1,0,0,0,1
0,1,0,80.0,10,1,0,0,21,1,0,4,8,12500,3,3,3,3,1,0,0,0,1
0,1,0,80.0,10,3,1,0,21,1,0,4,8,12500,3,3,3,3,1,0,0,0,0
0,1,0,80.0,10,2,0,0,21,1,0,4,8,12500,3,3,3,3,1,1,0,0,1
0,1,0,80.0,14,1,1,0,21,1,0,4,8,12500,3,3,3,3,1,0,0,0,1
0,1,0,80.0,14,1,0,0,21,1,0,4,8,12500,3,3,3,3,1,1,0,0,1
0,1,0,80.0,14,1,1,0,21,1,0,4,8,12500,3,3,3,3,1,1,0,0,1
0,1,0,80.0,14,0,1,0,21,1,0,4,8,12500,3,3,3,3,1,1,0,0,1
0,1,0,80.0,18,1,0,0,21,1,0,4,8,12500,3,3,3,3,1,0,0,0,1
0,1,0,80.0,18,0,0,0,21,1,0,4,8,12500,3,3,3,3,1,1,0,0,1
0,1,0,55.0,14,1,0,0,21,1,0,4,8,12500,3,3,3,3,1,0,0,0,1
0,1,0,55.0,14,2,1,0,21,1,0,4,8,12500,3,3,3,3,1,1,0,0,1
0,0,0,55.0,10,1,0,0,21,1,0,4,8,12500,3,3,3,3,1,0,0,0,1
1,0,0,55.0,18,3,1,0,21,1,0,4,8,12500,3,3,3,3,1,0,0,1,0
1,0,0,55.0,18,4,1,0,21,1,0,4,8,12500,3,3,3,3,1,1,0,0,0
1,0,0,80.0,18,1,0,0,21,1,0,4,8,12500,3,3,3,3,1,0,0,0,1
2,0,0,55.0,7,1,0,0,21,1,0,4,8,12500,3,3,3,3,1,1,1,0,0
2,0,0,55.0,7,3,1,0,21,1,0,4,8,12500,3,3,3,3,1,1,1,0,1
2,0,0,80.0,7,4,1,0,21,1,0,4,8,12500,3,3,3,3,1,1,0,0,0
2,0,0,80.0,7,2,0,0,21,1,0,4,8,12500,3,3,3,3,1,0,0,1,0
2,0,0,55.0,7,0,1,0,21,1,0,4,8,12500,3,3,3,3,1,0,0,0,0
2,0,0,55.0,7,1,0,0,21,1,0,4,8,12500,3,3,3,3,1,1,0,0,0
0,0,0,55.0,14,0,1,0,21,0,0,4,7,12500,2,4,4,2,1,0,0,0,1
0,1,0,80.0,10,1,0,0,21,0,0,4,7,12500,2,4,4,2,1,0,0,0,1
0,1,0,80.0,10,2,0,0,21,0,0,4,7,12500,2,4,4,2,1,1,0,0,0
0,1,0,80.0,14,1,0,0,21,0,0,4,7,12500,2,4,4,2,1,1,0,0,1
0,1,0,80.0,14,1,1,0,21,0,0,4,7,12500,2,4,4,2,1,1,0,0,1
0,1,0,80.0,18,0,0,0,21,0,0,4,7,12500,2,4,4,2,1,1,0,0,0
0,1,0,55.0,14,2,1,0,21,0,0,4,7,12500,2,4,4,2,1,1,0,0,1
0,3,0,80.0,10,1,0,0,21,0,0,4,7,12500,2,4,4,2,1,0,0,0,1
0,3,0,80.0,10,4,1,0,21,0,0,4,7,12500,2,4,4,2,1,0,0,0,1
0,3,0,80.0,10,3,0,0,21,0,0,4,7,12500,2,4,4,2,1,0,0,0,0
0,3,0,80.0,10,1,0,0,21,0,0,4,7,12500,2,4,4,2,1,1,0,0,1
0,3,0,80.0,18,0,0,0,21,0,0,4,7,12500,2,4,4,2,1,0,0,0,1
0,3,0,80.0,18,3,1,0,21,0,0,4,7,12500,2,4,4,2,1,1,0,0,1
1,0,0,55.0,18,3,1,0,21,0,0,4,7,12500,2,4,4,2,1,0,0,1,1
1,0,0,55.0,18,4,1,0,21,0,0,4,7,12500,2,4,4,2,1,1,0,0,0
1,0,0,80.0,18,1,0,0,21,0,0,4,7,12500,2,4,4,2,1,0,0,0,0
2,0,0,55.0,7,1,0,0,21,0,0,4,7,12500,2,4,4,2,1,1,1,0,1
2,0,0,55.0,7,3,1,0,21,0,0,4,7,12500,2,4,4,2,1,1,1,0,1
2,0,0,80.0,7,4,1,0,21,0,0,4,7,12500,2,4,4,2,1,1,0,0,0
2,0,0,80.0,7,2,0,0,21,0,0,4,7,12500,2,4,4,2,1,0,0,1,1
2,0,0,55.0,7,0,1,0,21,0,0,4,7,12500,2,4,4,2,1,0,0,0,1
2,0,0,55.0,7,1,0,0,21,0,0,4,7,12500,2,4,4,2,1,1,0,0,0
0,0,0,55.0,14,0,1,0,21,0,0,2,0,12500,2,1,2,2,1,0,0,0,1
0,1,0,80.0,10,1,0,0,21,0,0,2,0,12500,2,1,2,2,1,0,0,0,1
0,1,0,80.0,10,2,0,0,21,0,0,2,0,12500,2,1,2,2,1,1,0,0,1
0,1,0,80.0,14,1,0,0,21,0,0,2,0,12500,2,1,2,2,1,1,0,0,1
0,1,0,80.0,14,1,1,0,21,0,0,2,0,12500,2,1,2,2,1,1,0,0,1
0,1,0,80.0,18,0,0,0,21,0,0,2,0,12500,2,1,2,2,1,1,0,0,1
0,1,0,55.0,14,2,1,0,21,0,0,2,0,12500,2,1,2,2,1,1,0,0,1
0,3,0,80.0,10,1,0,0,21,0,0,2,0,12500,2,1,2,2,1,0,0,0,1
0,3,0,80.0,10,4,1,0,21,0,0,2,0,12500,2,1,2,2,1,0,0,0,0
0,3,0,80.0,10,3,0,0,21,0,0,2,0,12500,2,1,2,2,1,0,0,0,0
0,3,0,80.0,10,1,0,0,21,0,0,2,0,12500,2,1,2,2,1,1,0,0,1
0,3,0,80.0,18,0,0,0,21,0,0,2,0,12500,2,1,2,2,1,0,0,0,1
0,3,0,80.0,18,3,1,0,21,0,0,2,0,12500,2,1,2,2,1,1,0,0,1
1,0,0,55.0,18,3,1,0,21,0,0,2,0,12500,2,1,2,2,1,0,0,1,1
1,0,0,55.0,18,4,1,0,21,0,0,2,0,12500,2,1,2,2,1,1,0,0,0
1,0,0,80.0,18,1,0,0,21,0,0,2,0,12500,2,1,2,2,1,0,0,0,0
2,0,0,55.0,7,1,0,0,21,0,0,2,0,12500,2,1,2,2,1,1,1,0,0
2,0,0,55.0,7,3,1,0,21,0,0,2,0,12500,2,1,2,2,1,1,1,0,1
2,0,0,80.0,7,4,1,0,21,0,0,2,0,12500,2,1,2,2,1,1,0,0,0
2,0,0,80.0,7,2,0,0,21,0,0,2,0,12500,2,1,2,2,1,0,0,1,1
2,0,0,55.0,7,0,1,0,21,0,0,2,0,12500,2,1,2,2,1,0,0,0,1
2,0,0,55.0,7,1,0,0,21,0,0,2,0,12500,2,1,2,2,1,1,0,0,0
0,0,0,55.0,14,0,1,0,46,1,1,5,7,75000,0,0,4,3,1,0,0,0,1
0,1,0,80.0,10,1,0,0,46,1,1,5,7,75000,0,0,4,3,1,0,0,0,0
0,1,0,80.0,10,3,1,0,46,1,1,5,7,75000,0,0,4,3,1,0,0,0,0
0,1,0,80.0,10,2,0,0,46,1,1,5,7,75000,0,0,4,3,1,1,0,0,1
0,1,0,80.0,14,1,1,0,46,1,1,5,7,75000,0,0,4,3,1,0,0,0,0
0,1,0,80.0,14,1,0,0,46,1,1,5,7,75000,0,0,4,3,1,1,0,0,0
0,1,0,80.0,14,1,1,0,46,1,1,5,7,75000,0,0,4,3,1,1,0,0,1
0,1,0,80.0,18,1,0,0,46,1,1,5,7,75000,0,0,4,3,1,0,0,0,0
0,1,0,80.0,18,0,0,0,46,1,1,5,7,75000,0,0,4,3,1,1,0,0,1
0,1,0,55.0,14,1,0,0,46,1,1,5,7,75000,0,0,4,3,1,0,0,0,0
0,1,0,55.0,14,2,1,0,46,1,1,5,7,75000,0,0,4,3,1,1,0,0,1
0,0,0,55.0,10,1,0,0,46,1,1,5,7,75000,0,0,4,3,1,0,0,0,0
1,0,0,55.0,18,3,1,0,46,1,1,5,7,75000,0,0,4,3,1,0,0,1,0
1,0,0,55.0,18,4,1,0,46,1,1,5,7,75000,0,0,4,3,1,1,0,0,1
1,0,0,80.0,18,1,0,0,46,1,1,5,7,75000,0,0,4,3,1,0,0,0,0
2,0,0,55.0,7,3,1,0,46,1,1,5,7,75000,0,0,4,3,1,1,1,0,0
2,0,0,80.0,7,4,1,0,46,1,1,5,7,75000,0,0,4,3,1,1,0,0,1
2,0,0,80.0,7,2,0,0,46,1,1,5,7,75000,0,0,4,3,1,0,0,1,1
2,0,0,55.0,7,0,1,0,46,1,1,5,7,75000,0,0,4,3,1,0,0,0,1
2,0,0,55.0,7,1,0,0,46,1,1,5,7,75000,0,0,4,3,1,1,0,0,0
0,0,0,55.0,14,0,1,1,21,1,0,2,2,100000,1,1,2,1,0,0,0,0,1
0,1,0,80.0,10,1,0,1,21,1,0,2,2,100000,1,1,2,1,0,0,0,0,1
0,1,0,80.0,10,3,1,1,21,1,0,2,2,100000,1,1,2,1,0,0,0,0,0
0,1,0,80.0,10,2,0,1,21,1,0,2,2,100000,1,1,2,1,0,1,0,0,0
0,1,0,80.0,14,1,1,1,21,1,0,2,2,100000,1,1,2,1,0,0,0,0,1
0,1,0,80.0,14,1,0,1,21,1,0,2,2,100000,1,1,2,1,0,1,0,0,0
0,1,0,80.0,14,1,1,1,21,1,0,2,2,100000,1,1,2,1,0,1,0,0,1
0,1,0,80.0,14,0,1,1,21,1,0,2,2,100000,1,1,2,1,0,1,0,0,1
0,1,0,80.0,18,1,0,1,21,1,0,2,2,100000,1,1,2,1,0,0,0,0,1
0,1,0,80.0,18,0,0,1,21,1,0,2,2,100000,1,1,2,1,0,1,0,0,1
0,1,0,55.0,14,1,0,1,21,1,0,2,2,100000,1,1,2,1,0,0,0,0,1
0,1,0,55.0,14,2,1,1,21,1,0,2,2,100000,1,1,2,1,0,1,0,0,0
0,0,0,55.0,10,1,0,1,21,1,0,2,2,100000,1,1,2,1,0,0,0,0,1
1,0,0,55.0,18,3,1,1,21,1,0,2,2,100000,1,1,2,1,0,0,0,1,1
1,0,0,55.0,18,4,1,1,21,1,0,2,2,100000,1,1,2,1,0,1,0,0,0
1,0,0,80.0,18,1,0,1,21,1,0,2,2,100000,1,1,2,1,0,0,0,0,1
2,0,0,80.0,7,1,0,1,21,1,0,2,2,100000,1,1,2,1,0,1,1,0,1
2,0,0,55.0,7,3,1,1,21,1,0,2,2,100000,1,1,2,1,0,1,1,0,1
2,0,0,80.0,7,4,1,1,21,1,0,2,2,100000,1,1,2,1,0,1,0,0,0
2,0,0,80.0,7,2,0,1,21,1,0,2,2,100000,1,1,2,1,0,0,0,1,0
2,0,0,55.0,7,0,1,1,21,1,0,2,2,100000,1,1,2,1,0,0,0,0,1
2,0,0,55.0,7,1,0,1,21,1,0,2,2,100000,1,1,2,1,0,1,0,0,1
0,0,0,55.0,14,0,1,1,51,2,1,3,7,12500,3,3,3,4,4,0,0,0,1
0,1,0,80.0,10,1,0,1,51,2,1,3,7,12500,3,3,3,4,4,0,0,0,1
0,1,0,80.0,10,2,0,1,51,2,1,3,7,12500,3,3,3,4,4,1,0,0,0
0,1,0,80.0,14,1,0,1,51,2,1,3,7,12500,3,3,3,4,4,1,0,0,1
0,1,0,80.0,14,1,1,1,51,2,1,3,7,12500,3,3,3,4,4,1,0,0,1
0,1,0,80.0,18,0,0,1,51,2,1,3,7,12500,3,3,3,4,4,1,0,0,1
0,1,0,55.0,14,2,1,1,51,2,1,3,7,12500,3,3,3,4,4,1,0,0,1
0,2,0,80.0,10,0,0,1,51,2,1,3,7,12500,3,3,3,4,4,1,0,0,1
0,2,0,80.0,10,2,0,1,51,2,1,3,7,12500,3,3,3,4,4,1,0,0,1
0,2,0,80.0,10,3,1,1,51,2,1,3,7,12500,3,3,3,4,4,1,0,0,1
0,2,0,80.0,14,0,1,1,51,2,1,3,7,12500,3,3,3,4,4,0,0,0,0
0,2,0,55.0,14,0,1,1,51,2,1,3,7,12500,3,3,3,4,4,1,0,0,0
0,2,0,55.0,18,1,0,1,51,2,1,3,7,12500,3,3,3,4,4,1,0,0,1
1,0,0,55.0,18,3,1,1,51,2,1,3,7,12500,3,3,3,4,4,0,0,1,1
1,0,0,55.0,18,4,1,1,51,2,1,3,7,12500,3,3,3,4,4,1,0,0,0
1,0,0,80.0,18,1,0,1,51,2,1,3,7,12500,3,3,3,4,4,0,0,0,1
2,0,0,55.0,7,1,0,1,51,2,1,3,7,12500,3,3,3,4,4,1,1,0,0
2,0,0,55.0,7,3,1,1,51,2,1,3,7,12500,3,3,3,4,4,1,1,0,1
2,0,0,80.0,7,4,1,1,51,2,1,3,7,12500,3,3,3,4,4,1,0,0,1
2,0,0,80.0,7,2,0,1,51,2,1,3,7,12500,3,3,3,4,4,0,0,1,1
2,0,0,55.0,7,0,1,1,51,2,1,3,7,12500,3,3,3,4,4,0,0,0,1
2,0,0,55.0,7,1,0,1,51,2,1,3,7,12500,3,3,3,4,4,1,0,0,1
0,0,0,55.0,14,0,1,0,26,1,0,2,13,37500,3,3,3,3,1,0,0,0,1
0,1,0,80.0,10,1,0,0,26,1,0,2,13,37500,3,3,3,3,1,0,0,0,1
0,1,0,80.0,10,3,1,0,26,1,0,2,13,37500,3,3,3,3,1,0,0,0,1
0,1,0,80.0,10,2,0,0,26,1,0,2,13,37500,3,3,3,3,1,1,0,0,1
0,1,0,80.0,14,1,1,0,26,1,0,2,13,37500,3,3,3,3,1,0,0,0,1
0,1,0,80.0,14,1,0,0,26,1,0,2,13,37500,3,3,3,3,1,1,0,0,1
0,1,0,80.0,14,1,1,0,26,1,0,2,13,37500,3,3,3,3,1,1,0,0,1
0,1,0,80.0,14,0,1,0,26,1,0,2,13,37500,3,3,3,3,1,1,0,0,1
0,1,0,80.0,18,1,0,0,26,1,0,2,13,37500,3,3,3,3,1,0,0,0,1
0,1,0,80.0,18,0,0,0,26,1,0,2,13,37500,3,3,3,3,1,1,0,0,1
0,1,0,55.0,14,1,0,0,26,1,0,2,13,37500,3,3,3,3,1,0,0,0,1
0,1,0,55.0,14,2,1,0,26,1,0,2,13,37500,3,3,3,3,1,1,0,0,1
0,0,0,55.0,10,1,0,0,26,1,0,2,13,37500,3,3,3,3,1,0,0,0,1
1,0,0,55.0,18,3,1,0,26,1,0,2,13,37500,3,3,3,3,1,0,0,1,1
1,0,0,55.0,18,4,1,0,26,1,0,2,13,37500,3,3,3,3,1,1,0,0,1
1,0,0,80.0,18,1,0,0,26,1,0,2,13,37500,3,3,3,3,1,0,0,0,1
2,0,0,55.0,7,1,0,0,26,1,0,2,13,37500,3,3,3,3,1,1,1,0,1
2,0,0,55.0,7,3,1,0,26,1,0,2,13,37500,3,3,3,3,1,1,1,0,1
2,0,0,80.0,7,4,1,0,26,1,0,2,13,37500,3,3,3,3,1,1,0,0,1
2,0,0,80.0,7,2,0,0,26,1,0,2,13,37500,3,3,3,3,1,0,0,1,1
2,0,0,55.0,7,0,1,0,26,1,0,2,13,37500,3,3,3,3,1,0,0,0,1
2,0,0,55.0,7,1,0,0,26,1,0,2,13,37500,3,3,3,3,1,1,0,0,1
0,0,0,80.0,14,0,1,0,51,2,1,2,3,25000,0,1,4,3,1,0,0,0,1
0,1,0,80.0,10,1,0,0,51,2,1,2,3,25000,0,1,4,3,1,0,0,0,1
0,1,0,80.0,10,2,0,0,51,2,1,2,3,25000,0,1,4,3,1,1,0,0,0
0,1,0,80.0,14,1,0,0,51,2,1,2,3,25000,0,1,4,3,1,1,0,0,0
0,1,0,80.0,14,1,1,0,51,2,1,2,3,25000,0,1,4,3,1,1,0,0,0
0,1,0,80.0,18,0,0,0,51,2,1,2,3,25000,0,1,4,3,1,1,0,0,0
0,1,0,55.0,14,2,1,0,51,2,1,2,3,25000,0,1,4,3,1,1,0,0,0
0,2,0,80.0,10,0,0,0,51,2,1,2,3,25000,0,1,4,3,1,1,0,0,1
0,2,0,80.0,10,2,0,0,51,2,1,2,3,25000,0,1,4,3,1,1,0,0,1
0,2,0,80.0,10,3,1,0,51,2,1,2,3,25000,0,1,4,3,1,1,0,0,0
0,2,0,80.0,14,0,1,0,51,2,1,2,3,25000,0,1,4,3,1,0,0,0,1
0,2,0,55.0,14,0,1,0,51,2,1,2,3,25000,0,1,4,3,1,1,0,0,0
0,2,0,55.0,18,1,0,0,51,2,1,2,3,25000,0,1,4,3,1,1,0,0,0
1,0,0,55.0,18,3,1,0,51,2,1,2,3,25000,0,1,4,3,1,0,0,1,0
1,0,0,55.0,18,4,1,0,51,2,1,2,3,25000,0,1,4,3,1,1,0,0,0
1,0,0,80.0,18,1,0,0,51,2,1,2,3,25000,0,1,4,3,1,0,0,0,0
2,0,0,55.0,7,1,0,0,51,2,1,2,3,25000,0,1,4,3,1,1,1,0,0
2,0,0,55.0,7,3,1,0,51,2,1,2,3,25000,0,1,4,3,1,1,1,0,0
2,0,0,80.0,7,4,1,0,51,2,1,2,3,25000,0,1,4,3,1,1,0,0,0
2,0,0,80.0,7,2,0,0,51,2,1,2,3,25000,0,1,4,3,1,0,0,1,1
2,0,0,55.0,7,0,1,0,51,2,1,2,3,25000,0,1,4,3,1,0,0,0,1
2,0,0,55.0,7,1,0,0,51,2,1,2,3,25000,0,1,4,3,1,1,0,0,0
0,0,0,55.0,14,0,1,1,51,1,0,2,13,12500,2,2,1,2,1,0,0,0,1
0,1,0,80.0,10,1,0,1,51,1,0,2,13,12500,2,2,1,2,1,0,0,0,1
0,1,0,80.0,10,3,1,1,51,1,0,2,13,12500,2,2,1,2,1,0,0,0,1
0,1,0,80.0,10,2,0,1,51,1,0,2,13,12500,2,2,1,2,1,1,0,0,1
0,1,0,80.0,14,1,1,1,51,1,0,2,13,12500,2,2,1,2,1,0,0,0,1
0,1,0,80.0,14,1,0,1,51,1,0,2,13,12500,2,2,1,2,1,1,0,0,1
0,1,0,80.0,14,1,1,1,51,1,0,2,13,12500,2,2,1,2,1,1,0,0,1
0,1,0,80.0,14,0,1,1,51,1,0,2,13,12500,2,2,1,2,1,1,0,0,1
0,1,0,80.0,18,1,0,1,51,1,0,2,13,12500,2,2,1,2,1,0,0,0,0
0,1,0,80.0,18,0,0,1,51,1,0,2,13,12500,2,2,1,2,1,1,0,0,1
0,1,0,55.0,14,1,0,1,51,1,0,2,13,12500,2,2,1,2,1,0,0,0,1
0,1,0,55.0,14,2,1,1,51,1,0,2,13,12500,2,2,1,2,1,1,0,0,1
0,0,0,55.0,10,1,0,1,51,1,0,2,13,12500,2,2,1,2,1,0,0,0,1
1,0,0,55.0,18,3,1,1,51,1,0,2,13,12500,2,2,1,2,1,0,0,1,1
1,0,0,55.0,18,4,1,1,51,1,0,2,13,12500,2,2,1,2,1,1,0,0,0
1,0,0,80.0,18,1,0,1,51,1,0,2,13,12500,2,2,1,2,1,0,0,0,0
2,0,0,55.0,7,1,0,1,51,1,0,2,13,12500,2,2,1,2,1,1,1,0,1
2,0,0,55.0,7,3,1,1,51,1,0,2,13,12500,2,2,1,2,1,1,1,0,0
2,0,0,80.0,7,4,1,1,51,1,0,2,13,12500,2,2,1,2,1,1,0,0,1
2,0,0,80.0,7,2,0,1,51,1,0,2,13,12500,2,2,1,2,1,0,0,1,1
2,0,0,55.0,7,0,1,1,51,1,0,2,13,12500,2,2,1,2,1,0,0,0,0
2,0,0,55.0,7,1,0,1,51,1,0,2,13,12500,2,2,1,2,1,1,0,0,0
0,0,0,55.0,14,0,1,0,41,2,1,4,15,100000,0,2,2,2,1,0,0,0,1
0,1,0,80.0,10,1,0,0,41,2,1,4,15,100000,0,2,2,2,1,0,0,0,1
0,1,0,80.0,10,2,0,0,41,2,1,4,15,100000,0,2,2,2,1,1,0,0,0
0,1,0,80.0,14,1,0,0,41,2,1,4,15,100000,0,2,2,2,1,1,0,0,1
0,1,0,80.0,14,1,1,0,41,2,1,4,15,100000,0,2,2,2,1,1,0,0,0
0,1,0,80.0,18,0,0,0,41,2,1,4,15,100000,0,2,2,2,1,1,0,0,0
0,1,0,80.0,14,2,1,0,41,2,1,4,15,100000,0,2,2,2,1,1,0,0,1
0,2,0,80.0,10,0,0,0,41,2,1,4,15,100000,0,2,2,2,1,1,0,0,0
0,2,0,80.0,10,2,0,0,41,2,1,4,15,100000,0,2,2,2,1,1,0,0,0
0,2,0,80.0,10,3,1,0,41,2,1,4,15,100000,0,2,2,2,1,1,0,0,0
0,2,0,80.0,14,0,1,0,41,2,1,4,15,100000,0,2,2,2,1,0,0,0,0
0,2,0,55.0,14,0,1,0,41,2,1,4,15,100000,0,2,2,2,1,1,0,0,0
0,2,0,55.0,18,1,0,0,41,2,1,4,15,100000,0,2,2,2,1,1,0,0,0
1,0,0,55.0,18,3,1,0,41,2,1,4,15,100000,0,2,2,2,1,0,0,1,0
1,0,0,55.0,18,4,1,0,41,2,1,4,15,100000,0,2,2,2,1,1,0,0,1
1,0,0,80.0,18,1,0,0,41,2,1,4,15,100000,0,2,2,2,1,0,0,0,1
2,0,0,55.0,7,1,0,0,41,2,1,4,15,100000,0,2,2,2,1,1,1,0,1
2,0,0,55.0,7,3,1,0,41,2,1,4,15,100000,0,2,2,2,1,1,1,0,0
2,0,0,80.0,7,4,1,0,41,2,1,4,15,100000,0,2,2,2,1,1,0,0,0
2,0,0,80.0,7,2,0,0,41,2,1,4,15,100000,0,2,2,2,1,0,0,1,1
2,0,0,55.0,7,1,0,0,41,2,1,4,15,100000,0,2,2,2,1,1,0,0,0
0,0,0,55.0,14,0,1,1,46,2,1,4,7,100000,3,0,3,3,2,0,0,0,1
0,1,0,80.0,10,1,0,1,46,2,1,4,7,100000,3,0,3,3,2,0,0,0,0
0,1,0,80.0,10,2,0,1,46,2,1,4,7,100000,3,0,3,3,2,1,0,0,0
0,1,0,80.0,14,1,0,1,46,2,1,4,7,100000,3,0,3,3,2,1,0,0,0
0,1,0,80.0,14,1,1,1,46,2,1,4,7,100000,3,0,3,3,2,1,0,0,0
0,1,0,80.0,18,0,0,1,46,2,1,4,7,100000,3,0,3,3,2,1,0,0,0
0,1,0,55.0,14,2,1,1,46,2,1,4,7,100000,3,0,3,3,2,1,0,0,0
0,2,0,80.0,10,0,0,1,46,2,1,4,7,100000,3,0,3,3,2,1,0,0,0
0,2,0,80.0,10,2,0,1,46,2,1,4,7,100000,3,0,3,3,2,1,0,0,1
0,2,0,80.0,10,3,1,1,46,2,1,4,7,100000,3,0,3,3,2,1,0,0,0
0,2,0,80.0,14,0,1,1,46,2,1,4,7,100000,3,0,3,3,2,0,0,0,1
0,2,0,55.0,14,0,1,1,46,2,1,4,7,100000,3,0,3,3,2,1,0,0,1
0,2,0,55.0,18,1,0,1,46,2,1,4,7,100000,3,0,3,3,2,1,0,0,0
1,0,0,55.0,18,3,1,1,46,2,1,4,7,100000,3,0,3,3,2,0,0,1,1
1,0,0,55.0,18,4,1,1,46,2,1,4,7,100000,3,0,3,3,2,1,0,0,1
1,0,0,80.0,18,1,0,1,46,2,1,4,7,100000,3,0,3,3,2,0,0,0,0
2,0,0,55.0,7,1,0,1,46,2,1,4,7,100000,3,0,3,3,2,1,1,0,0
2,0,0,55.0,7,3,1,1,46,2,1,4,7,100000,3,0,3,3,2,1,1,0,1
2,0,0,80.0,7,4,1,1,46,2,1,4,7,100000,3,0,3,3,2,1,0,0,0
2,0,0,80.0,7,2,0,1,46,2,1,4,7,100000,3,0,3,3,2,0,0,1,1
2,0,0,55.0,7,0,1,1,46,2,1,4,7,100000,3,0,3,3,2,0,0,0,1
2,0,0,55.0,7,1,0,1,46,2,1,4,7,100000,3,0,3,3,2,1,0,0,0
0,0,0,55.0,14,0,1,0,26,2,1,4,1,37500,0,2,2,2,1,0,0,0,1
0,1,0,80.0,10,1,0,0,26,2,1,4,1,37500,0,2,2,2,1,0,0,0,1
0,1,0,80.0,10,2,0,0,26,2,1,4,1,37500,0,2,2,2,1,1,0,0,1
0,1,0,80.0,14,1,0,0,26,2,1,4,1,37500,0,2,2,2,1,1,0,0,1
0,1,0,80.0,14,1,1,0,26,2,1,4,1,37500,0,2,2,2,1,1,0,0,1
0,1,0,80.0,18,0,0,0,26,2,1,4,1,37500,0,2,2,2,1,1,0,0,1
0,1,0,55.0,14,2,1,0,26,2,1,4,1,37500,0,2,2,2,1,1,0,0,1
0,2,0,80.0,10,0,0,0,26,2,1,4,1,37500,0,2,2,2,1,1,0,0,1
0,2,0,80.0,10,2,0,0,26,2,1,4,1,37500,0,2,2,2,1,1,0,0,1
0,2,0,80.0,10,3,1,0,26,2,1,4,1,37500,0,2,2,2,1,1,0,0,1
0,2,0,55.0,14,0,1,0,26,2,1,4,1,37500,0,2,2,2,1,1,0,0,1
0,2,0,55.0,18,1,0,0,26,2,1,4,1,37500,0,2,2,2,1,1,0,0,1
1,0,0,55.0,18,3,1,0,26,2,1,4,1,37500,0,2,2,2,1,0,0,1,0
1,0,0,80.0,18,4,1,0,26,2,1,4,1,37500,0,2,2,2,1,1,0,0,1
1,0,0,80.0,18,1,0,0,26,2,1,4,1,37500,0,2,2,2,1,0,0,0,0
2,0,0,55.0,7,1,0,0,26,2,1,4,1,37500,0,2,2,2,1,1,1,0,1
2,0,0,55.0,7,3,1,0,26,2,1,4,1,37500,0,2,2,2,1,1,1,0,0
2,0,0,80.0,7,4,1,0,26,2,1,4,1,37500,0,2,2,2,1,1,0,0,1
2,0,0,80.0,7,2,0,0,26,2,1,4,1,37500,0,2,2,2,1,0,0,1,1
2,0,0,55.0,7,0,1,0,26,2,1,4,1,37500,0,2,2,2,1,0,0,0,1
2,0,0,55.0,7,1,0,0,26,2,1,4,1,37500,0,2,2,2,1,1,0,0,1
0,0,0,55.0,14,0,1,1,41,3,1,2,18,50000,1,1,2,2,2,0,0,0,1
0,1,0,80.0,10,1,0,1,41,3,1,2,18,50000,1,1,2,2,2,0,0,0,1
0,1,0,80.0,10,2,0,1,41,3,1,2,18,50000,1,1,2,2,2,1,0,0,1
0,1,0,80.0,14,1,0,1,41,3,1,2,18,50000,1,1,2,2,2,1,0,0,1
0,1,0,80.0,14,1,1,1,41,3,1,2,18,50000,1,1,2,2,2,1,0,0,1
0,1,0,80.0,18,0,0,1,41,3,1,2,18,50000,1,1,2,2,2,1,0,0,1
0,1,0,55.0,14,2,1,1,41,3,1,2,18,50000,1,1,2,2,2,1,0,0,1
0,3,0,80.0,10,1,0,1,41,3,1,2,18,50000,1,1,2,2,2,0,0,0,1
0,3,0,80.0,10,4,1,1,41,3,1,2,18,50000,1,1,2,2,2,0,0,0,1
0,3,0,80.0,10,3,0,1,41,3,1,2,18,50000,1,1,2,2,2,0,0,0,0
0,3,0,80.0,10,1,0,1,41,3,1,2,18,50000,1,1,2,2,2,1,0,0,1
0,3,0,80.0,18,0,0,1,41,3,1,2,18,50000,1,1,2,2,2,0,0,0,1
0,3,0,80.0,18,3,1,1,41,3,1,2,18,50000,1,1,2,2,2,1,0,0,0
1,0,0,55.0,18,3,1,1,41,3,1,2,18,50000,1,1,2,2,2,0,0,1,0
1,0,0,55.0,18,4,1,1,41,3,1,2,18,50000,1,1,2,2,2,1,0,0,0
1,0,0,80.0,18,1,0,1,41,3,1,2,18,50000,1,1,2,2,2,0,0,0,1
2,0,0,55.0,7,1,0,1,41,3,1,2,18,50000,1,1,2,2,2,1,1,0,1
2,0,0,55.0,7,3,1,1,41,3,1,2,18,50000,1,1,2,2,2,1,1,0,0
2,0,0,80.0,7,4,1,1,41,3,1,2,18,50000,1,1,2,2,2,1,0,0,0
2,0,0,80.0,7,2,0,1,41,3,1,2,18,50000,1,1,2,2,2,0,0,1,1
2,0,0,55.0,7,0,1,1,41,3,1,2,18,50000,1,1,2,2,2,0,0,0,1
2,0,0,55.0,7,1,0,1,41,3,1,2,18,50000,1,1,2,2,2,1,0,0,0
0,0,0,55.0,14,0,1,0,41,2,1,4,3,100000,1,2,2,3,1,0,0,0,1
0,1,0,80.0,10,1,0,0,41,2,1,4,3,100000,1,2,2,3,1,0,0,0,1
0,1,0,80.0,10,2,0,0,41,2,1,4,3,100000,1,2,2,3,1,1,0,0,0
0,1,0,80.0,14,1,0,0,41,2,1,4,3,100000,1,2,2,3,1,1,0,0,0
0,1,0,80.0,14,1,1,0,41,2,1,4,3,100000,1,2,2,3,1,1,0,0,0
0,1,0,80.0,18,0,0,0,41,2,1,4,3,100000,1,2,2,3,1,1,0,0,1
0,1,0,55.0,14,2,1,0,41,2,1,4,3,100000,1,2,2,3,1,1,0,0,1
0,2,0,80.0,10,0,0,0,41,2,1,4,3,100000,1,2,2,3,1,1,0,0,0
0,2,0,80.0,10,2,0,0,41,2,1,4,3,100000,1,2,2,3,1,1,0,0,0
0,2,0,80.0,10,3,1,0,41,2,1,4,3,100000,1,2,2,3,1,1,0,0,0
0,2,0,80.0,14,0,1,0,41,2,1,4,3,100000,1,2,2,3,1,0,0,0,1
0,2,0,55.0,14,0,1,0,41,2,1,4,3,100000,1,2,2,3,1,1,0,0,1
0,2,0,55.0,18,1,0,0,41,2,1,4,3,100000,1,2,2,3,1,1,0,0,0
1,0,0,55.0,18,3,1,0,41,2,1,4,3,100000,1,2,2,3,1,0,0,1,1
1,0,0,55.0,18,4,1,0,41,2,1,4,3,100000,1,2,2,3,1,1,0,0,1
1,0,0,80.0,18,1,0,0,41,2,1,4,3,100000,1,2,2,3,1,0,0,0,1
2,0,0,55.0,7,1,0,0,41,2,1,4,3,100000,1,2,2,3,1,1,1,0,1
2,0,0,55.0,7,3,1,0,41,2,1,4,3,100000,1,2,2,3,1,1,1,0,0
2,0,0,80.0,7,4,1,0,41,2,1,4,3,100000,1,2,2,3,1,1,0,0,1
2,0,0,80.0,7,2,0,0,41,2,1,4,3,100000,1,2,2,3,1,0,0,1,1
2,0,0,80.0,7,0,1,0,41,2,1,4,3,100000,1,2,2,3,1,0,0,0,1
2,0,0,55.0,7,1,0,0,41,2,1,4,3,100000,1,2,2,3,1,1,0,0,0
0,0,0,55.0,14,0,1,1,21,1,0,4,9,87500,2,2,2,3,2,0,0,0,1
0,1,0,80.0,10,1,0,1,21,1,0,4,9,87500,2,2,2,3,2,0,0,0,1
0,1,0,80.0,10,3,1,1,21,1,0,4,9,87500,2,2,2,3,2,0,0,0,1
0,1,0,80.0,10,2,0,1,21,1,0,4,9,87500,2,2,2,3,2,1,0,0,1
0,1,0,80.0,14,1,1,1,21,1,0,4,9,87500,2,2,2,3,2,0,0,0,1
0,1,0,80.0,14,1,0,1,21,1,0,4,9,87500,2,2,2,3,2,1,0,0,0
0,1,0,80.0,14,1,1,1,21,1,0,4,9,87500,2,2,2,3,2,1,0,0,1
0,1,0,80.0,14,0,1,1,21,1,0,4,9,87500,2,2,2,3,2,1,0,0,1
0,1,0,80.0,18,1,0,1,21,1,0,4,9,87500,2,2,2,3,2,0,0,0,0
0,1,0,80.0,18,0,0,1,21,1,0,4,9,87500,2,2,2,3,2,1,0,0,1
0,1,0,55.0,14,1,0,1,21,1,0,4,9,87500,2,2,2,3,2,0,0,0,0
0,1,0,55.0,14,2,1,1,21,1,0,4,9,87500,2,2,2,3,2,1,0,0,1
0,0,0,55.0,10,1,0,1,21,1,0,4,9,87500,2,2,2,3,2,0,0,0,0
1,0,0,55.0,18,3,1,1,21,1,0,4,9,87500,2,2,2,3,2,0,0,1,1
1,0,0,55.0,18,4,1,1,21,1,0,4,9,87500,2,2,2,3,2,1,0,0,1
1,0,0,80.0,18,1,0,1,21,1,0,4,9,87500,2,2,2,3,2,0,0,0,0
2,0,0,55.0,7,1,0,1,21,1,0,4,9,87500,2,2,2,3,2,1,1,0,0
2,0,0,55.0,7,3,1,1,21,1,0,4,9,87500,2,2,2,3,2,1,1,0,0
2,0,0,80.0,7,4,1,1,21,1,0,4,9,87500,2,2,2,3,2,1,0,0,0
2,0,0,80.0,7,2,0,1,21,1,0,4,9,87500,2,2,2,3,2,0,0,1,1
2,0,0,55.0,7,0,1,1,21,1,0,4,9,87500,2,2,2,3,2,0,0,0,1
2,0,0,55.0,7,1,0,1,21,1,0,4,9,87500,2,2,2,3,2,1,0,0,0
0,0,0,55.0,14,0,1,1,36,1,0,2,6,50000,0,0,1,3,1,0,0,0,1
0,1,0,80.0,10,1,0,1,36,1,0,2,6,50000,0,0,1,3,1,0,0,0,0
0,1,0,80.0,10,3,1,1,36,1,0,2,6,50000,0,0,1,3,1,0,0,0,0
0,1,0,80.0,10,2,0,1,36,1,0,2,6,50000,0,0,1,3,1,1,0,0,1
0,1,0,80.0,14,1,1,1,36,1,0,2,6,50000,0,0,1,3,1,0,0,0,0
0,1,0,80.0,14,1,0,1,36,1,0,2,6,50000,0,0,1,3,1,1,0,0,0
0,1,0,80.0,14,1,1,1,36,1,0,2,6,50000,0,0,1,3,1,1,0,0,0
0,1,0,80.0,14,0,1,1,36,1,0,2,6,50000,0,0,1,3,1,1,0,0,1
0,1,0,80.0,18,1,0,1,36,1,0,2,6,50000,0,0,1,3,1,0,0,0,0
0,1,0,80.0,18,0,0,1,36,1,0,2,6,50000,0,0,1,3,1,1,0,0,1
0,1,0,55.0,14,1,0,1,36,1,0,2,6,50000,0,0,1,3,1,0,0,0,0
0,1,0,55.0,14,2,1,1,36,1,0,2,6,50000,0,0,1,3,1,1,0,0,1
0,0,0,55.0,10,1,0,1,36,1,0,2,6,50000,0,0,1,3,1,0,0,0,0
1,0,0,55.0,18,3,1,1,36,1,0,2,6,50000,0,0,1,3,1,0,0,1,0
1,0,0,55.0,18,4,1,1,36,1,0,2,6,50000,0,0,1,3,1,1,0,0,1
1,0,0,80.0,18,1,0,1,36,1,0,2,6,50000,0,0,1,3,1,0,0,0,0
2,0,0,55.0,7,1,0,1,36,1,0,2,6,50000,0,0,1,3,1,1,1,0,0
2,0,0,55.0,7,3,1,1,36,1,0,2,6,50000,0,0,1,3,1,1,1,0,0
2,0,0,80.0,7,4,1,1,36,1,0,2,6,50000,0,0,1,3,1,1,0,0,1
2,0,0,80.0,7,2,0,1,36,1,0,2,6,50000,0,0,1,3,1,0,0,1,0
2,0,0,55.0,7,0,1,1,36,1,0,2,6,50000,0,0,1,3,1,0,0,0,1
2,0,0,55.0,7,1,0,1,36,1,0,2,6,50000,0,0,1,3,1,1,0,0,0
0,0,0,55.0,14,0,1,0,51,2,1,4,3,50000,0,0,1,1,1,0,0,0,1
0,1,0,80.0,10,1,0,0,51,2,1,4,3,50000,0,0,1,1,1,0,0,0,0
0,1,0,80.0,10,2,0,0,51,2,1,4,3,50000,0,0,1,1,1,1,0,0,1
0,1,0,80.0,14,1,0,0,51,2,1,4,3,50000,0,0,1,1,1,1,0,0,0
0,1,0,80.0,14,1,1,0,51,2,1,4,3,50000,0,0,1,1,1,1,0,0,0
0,1,0,80.0,18,0,0,0,51,2,1,4,3,50000,0,0,1,1,1,1,0,0,1
0,1,0,55.0,14,2,1,0,51,2,1,4,3,50000,0,0,1,1,1,1,0,0,1
0,2,0,80.0,10,0,0,0,51,2,1,4,3,50000,0,0,1,1,1,1,0,0,0
0,2,0,80.0,10,2,0,0,51,2,1,4,3,50000,0,0,1,1,1,1,0,0,1
0,2,0,80.0,10,3,1,0,51,2,1,4,3,50000,0,0,1,1,1,1,0,0,0
0,2,0,80.0,14,0,1,0,51,2,1,4,3,50000,0,0,1,1,1,0,0,0,0
0,2,0,55.0,14,0,1,0,51,2,1,4,3,50000,0,0,1,1,1,1,0,0,0
0,2,0,55.0,18,1,0,0,51,2,1,4,3,50000,0,0,1,1,1,1,0,0,0
1,0,0,55.0,18,3,1,0,51,2,1,4,3,50000,0,0,1,1,1,0,0,1,0
1,0,0,55.0,18,4,1,0,51,2,1,4,3,50000,0,0,1,1,1,1,0,0,0
1,0,0,80.0,18,1,0,0,51,2,1,4,3,50000,0,0,1,1,1,0,0,0,0
2,0,0,55.0,7,1,0,0,51,2,1,4,3,50000,0,0,1,1,1,1,1,0,0
2,0,0,55.0,7,3,1,0,51,2,1,4,3,50000,0,0,1,1,1,1,1,0,0
2,0,0,80.0,7,4,1,0,51,2,1,4,3,50000,0,0,1,1,1,1,0,0,0
2,0,0,80.0,7,2,0,0,51,2,1,4,3,50000,0,0,1,1,1,0,0,1,0
2,0,0,55.0,7,0,1,0,51,2,1,4,3,50000,0,0,1,1,1,0,0,0,1
2,0,0,55.0,7,1,0,0,51,2,1,4,3,50000,0,0,1,1,1,1,0,0,0
0,0,0,55.0,14,0,1,0,26,1,0,3,0,0,2,1,3,1,3,0,0,0,1
0,1,0,80.0,10,1,0,0,26,1,0,3,0,0,2,1,3,1,3,0,0,0,1
0,1,0,80.0,10,3,1,0,26,1,0,3,0,0,2,1,3,1,3,0,0,0,1
0,1,0,80.0,10,2,0,0,26,1,0,3,0,0,2,1,3,1,3,1,0,0,1
0,1,0,80.0,14,1,1,0,26,1,0,3,0,0,2,1,3,1,3,0,0,0,1
0,1,0,80.0,14,1,0,0,26,1,0,3,0,0,2,1,3,1,3,1,0,0,1
0,1,0,80.0,14,1,1,0,26,1,0,3,0,0,2,1,3,1,3,1,0,0,1
0,1,0,80.0,14,0,1,0,26,1,0,3,0,0,2,1,3,1,3,1,0,0,1
0,1,0,80.0,18,1,0,0,26,1,0,3,0,0,2,1,3,1,3,0,0,0,1
0,1,0,80.0,18,0,0,0,26,1,0,3,0,0,2,1,3,1,3,1,0,0,1
0,1,0,55.0,14,1,0,0,26,1,0,3,0,0,2,1,3,1,3,0,0,0,0
0,1,0,55.0,14,2,1,0,26,1,0,3,0,0,2,1,3,1,3,1,0,0,1
0,0,0,55.0,10,1,0,0,26,1,0,3,0,0,2,1,3,1,3,0,0,0,1
1,0,0,55.0,18,3,1,0,26,1,0,3,0,0,2,1,3,1,3,0,0,1,1
1,0,0,55.0,18,4,1,0,26,1,0,3,0,0,2,1,3,1,3,1,0,0,1
1,0,0,80.0,18,1,0,0,26,1,0,3,0,0,2,1,3,1,3,0,0,0,1
2,0,0,55.0,7,1,0,0,26,1,0,3,0,0,2,1,3,1,3,1,1,0,1
2,0,0,55.0,7,3,1,0,26,1,0,3,0,0,2,1,3,1,3,1,1,0,1
2,0,0,80.0,7,4,1,0,26,1,0,3,0,0,2,1,3,1,3,1,0,0,1
2,0,0,80.0,7,2,0,0,26,1,0,3,0,0,2,1,3,1,3,0,0,1,0
2,0,0,55.0,7,0,1,0,26,1,0,3,0,0,2,1,3,1,3,0,0,0,1
2,0,0,55.0,7,1,0,0,26,1,0,3,0,0,2,1,3,1,3,1,0,0,0
0,0,0,55.0,14,0,1,1,16,1,0,2,2,50000,0,2,3,3,1,0,0,0,1
0,1,0,80.0,10,1,0,1,16,1,0,2,2,50000,0,2,3,3,1,0,0,0,1
0,1,0,80.0,10,3,1,1,16,1,0,2,2,50000,0,2,3,3,1,0,0,0,0
0,1,0,80.0,10,2,0,1,16,1,0,2,2,50000,0,2,3,3,1,1,0,0,1
0,1,0,80.0,14,1,1,1,16,1,0,2,2,50000,0,2,3,3,1,0,0,0,1
0,1,0,80.0,14,1,0,1,16,1,0,2,2,50000,0,2,3,3,1,1,0,0,1
0,1,0,80.0,14,1,1,1,16,1,0,2,2,50000,0,2,3,3,1,1,0,0,1
0,1,0,80.0,14,0,1,1,16,1,0,2,2,50000,0,2,3,3,1,1,0,0,1
0,1,0,80.0,18,1,0,1,16,1,0,2,2,50000,0,2,3,3,1,0,0,0,1
0,1,0,80.0,18,0,0,1,16,1,0,2,2,50000,0,2,3,3,1,1,0,0,1
0,1,0,80.0,14,1,0,1,16,1,0,2,2,50000,0,2,3,3,1,0,0,0,1
0,1,0,55.0,14,2,1,1,16,1,0,2,2,50000,0,2,3,3,1,1,0,0,1
0,0,0,55.0,10,1,0,1,16,1,0,2,2,50000,0,2,3,3,1,0,0,0,1
1,0,0,55.0,18,3,1,1,16,1,0,2,2,50000,0,2,3,3,1,0,0,1,0
1,0,0,55.0,18,4,1,1,16,1,0,2,2,50000,0,2,3,3,1,1,0,0,0
1,0,0,80.0,18,1,0,1,16,1,0,2,2,50000,0,2,3,3,1,0,0,0,1
2,0,0,55.0,7,1,0,1,16,1,0,2,2,50000,0,2,3,3,1,1,1,0,1
2,0,0,55.0,7,3,1,1,16,1,0,2,2,50000,0,2,3,3,1,1,1,0,0
2,0,0,80.0,7,4,1,1,16,1,0,2,2,50000,0,2,3,3,1,1,0,0,0
2,0,0,80.0,7,2,0,1,16,1,0,2,2,50000,0,2,3,3,1,0,0,1,1
2,0,0,55.0,7,0,1,1,16,1,0,2,2,50000,0,2,3,3,1,0,0,0,1
2,0,0,55.0,7,1,0,1,16,1,0,2,2,50000,0,2,3,3,1,1,0,0,0
0,0,0,55.0,14,0,1,0,51,2,1,4,10,50000,1,0,3,1,1,0,0,0,1
0,1,0,80.0,10,1,0,0,51,2,1,4,10,50000,1,0,3,1,1,0,0,0,0
0,1,0,80.0,10,2,0,0,51,2,1,4,10,50000,1,0,3,1,1,1,0,0,1
0,1,0,80.0,14,1,0,0,51,2,1,4,10,50000,1,0,3,1,1,1,0,0,0
0,1,0,80.0,14,1,1,0,51,2,1,4,10,50000,1,0,3,1,1,1,0,0,0
0,1,0,80.0,18,0,0,0,51,2,1,4,10,50000,1,0,3,1,1,1,0,0,1
0,1,0,55.0,14,2,1,0,51,2,1,4,10,50000,1,0,3,1,1,1,0,0,1
0,2,0,80.0,10,0,0,0,51,2,1,4,10,50000,1,0,3,1,1,1,0,0,1
0,2,0,80.0,10,2,0,0,51,2,1,4,10,50000,1,0,3,1,1,1,0,0,1
0,2,0,80.0,10,3,1,0,51,2,1,4,10,50000,1,0,3,1,1,1,0,0,0
0,2,0,80.0,14,0,1,0,51,2,1,4,10,50000,1,0,3,1,1,0,0,0,1
0,2,0,55.0,14,0,1,0,51,2,1,4,10,50000,1,0,3,1,1,1,0,0,1
0,2,0,55.0,18,1,0,0,51,2,1,4,10,50000,1,0,3,1,1,1,0,0,0
1,0,0,55.0,18,3,1,0,51,2,1,4,10,50000,1,0,3,1,1,0,0,1,1
1,0,0,55.0,18,4,1,0,51,2,1,4,10,50000,1,0,3,1,1,1,0,0,1
1,0,0,80.0,18,1,0,0,51,2,1,4,10,50000,1,0,3,1,1,0,0,0,0
2,0,0,55.0,7,1,0,0,51,2,1,4,10,50000,1,0,3,1,1,1,1,0,0
2,0,0,55.0,7,3,1,0,51,2,1,4,10,50000,1,0,3,1,1,1,1,0,1
2,0,0,80.0,7,4,1,0,51,2,1,4,10,50000,1,0,3,1,1,1,0,0,1
2,0,0,80.0,7,2,0,0,51,2,1,4,10,50000,1,0,3,1,1,0,0,1,1
2,0,0,55.0,7,0,1,0,51,2,1,4,10,50000,1,0,3,1,1,0,0,0,1
2,0,0,55.0,7,1,0,0,51,2,1,4,10,50000,1,0,3,1,1,1,0,0,0
0,0,0,55.0,14,0,1,0,21,1,0,4,2,62500,0,1,2,1,1,0,0,0,1
0,1,0,80.0,10,1,0,0,21,1,0,4,2,62500,0,1,2,1,1,0,0,0,1
0,1,0,80.0,10,3,1,0,21,1,0,4,2,62500,0,1,2,1,1,0,0,0,1
0,1,0,80.0,10,2,0,0,21,1,0,4,2,62500,0,1,2,1,1,1,0,0,1
0,1,0,80.0,14,1,1,0,21,1,0,4,2,62500,0,1,2,1,1,0,0,0,0
0,1,0,80.0,14,1,0,0,21,1,0,4,2,62500,0,1,2,1,1,1,0,0,0
0,1,0,80.0,14,1,1,0,21,1,0,4,2,62500,0,1,2,1,1,1,0,0,0
0,1,0,80.0,14,0,1,0,21,1,0,4,2,62500,0,1,2,1,1,1,0,0,1
0,1,0,80.0,18,1,0,0,21,1,0,4,2,62500,0,1,2,1,1,0,0,0,0
0,1,0,80.0,18,0,0,0,21,1,0,4,2,62500,0,1,2,1,1,1,0,0,1
0,1,0,55.0,14,1,0,0,21,1,0,4,2,62500,0,1,2,1,1,0,0,0,0
0,1,0,55.0,14,2,1,0,21,1,0,4,2,62500,0,1,2,1,1,1,0,0,1
0,0,0,55.0,10,1,0,0,21,1,0,4,2,62500,0,1,2,1,1,0,0,0,1
1,0,0,55.0,18,3,1,0,21,1,0,4,2,62500,0,1,2,1,1,0,0,1,1
1,0,0,55.0,18,4,1,0,21,1,0,4,2,62500,0,1,2,1,1,1,0,0,0
1,0,0,80.0,18,1,0,0,21,1,0,4,2,62500,0,1,2,1,1,0,0,0,0
2,0,0,80.0,7,1,0,0,21,1,0,4,2,62500,0,1,2,1,1,1,1,0,1
2,0,0,55.0,7,3,1,0,21,1,0,4,2,62500,0,1,2,1,1,1,1,0,0
2,0,0,80.0,7,4,1,0,21,1,0,4,2,62500,0,1,2,1,1,1,0,0,0
2,0,0,80.0,7,2,0,0,21,1,0,4,2,62500,0,1,2,1,1,0,0,1,1
2,0,0,55.0,7,0,1,0,21,1,0,4,2,62500,0,1,2,1,1,0,0,0,0
2,0,0,55.0,7,1,0,0,21,1,0,4,2,62500,0,1,2,1,1,1,0,0,0
0,2,0,80.0,10,0,0,0,31,2,1,2,19,37500,0,1,2,2,1,1,0,0,1
0,2,0,80.0,10,2,0,0,31,2,1,2,19,37500,0,1,2,2,1,1,0,0,1
0,2,0,80.0,10,3,1,0,31,2,1,2,19,37500,0,1,2,2,1,1,0,0,0
0,2,0,80.0,14,0,1,0,31,2,1,2,19,37500,0,1,2,2,1,0,0,0,1
0,2,0,55.0,14,0,1,0,31,2,1,2,19,37500,0,1,2,2,1,1,0,0,1
0,2,0,55.0,18,1,0,0,31,2,1,2,19,37500,0,1,2,2,1,1,0,0,0
0,0,0,55.0,14,0,1,0,36,2,1,4,3,50000,0,2,3,2,2,0,0,0,1
0,1,0,80.0,10,1,0,0,36,2,1,4,3,50000,0,2,3,2,2,0,0,0,1
0,1,0,80.0,10,2,0,0,36,2,1,4,3,50000,0,2,3,2,2,1,0,0,0
0,1,0,80.0,14,1,0,0,36,2,1,4,3,50000,0,2,3,2,2,1,0,0,1
0,1,0,80.0,14,1,1,0,36,2,1,4,3,50000,0,2,3,2,2,1,0,0,1
0,1,0,80.0,18,0,0,0,36,2,1,4,3,50000,0,2,3,2,2,1,0,0,1
0,1,0,55.0,14,2,1,0,36,2,1,4,3,50000,0,2,3,2,2,1,0,0,1
0,2,0,80.0,10,0,0,0,36,2,1,4,3,50000,0,2,3,2,2,1,0,0,1
0,2,0,80.0,10,2,0,0,36,2,1,4,3,50000,0,2,3,2,2,1,0,0,1
0,2,0,80.0,10,3,1,0,36,2,1,4,3,50000,0,2,3,2,2,1,0,0,0
0,2,0,80.0,14,0,1,0,36,2,1,4,3,50000,0,2,3,2,2,0,0,0,1
0,2,0,55.0,14,0,1,0,36,2,1,4,3,50000,0,2,3,2,2,1,0,0,1
0,2,0,55.0,18,1,0,0,36,2,1,4,3,50000,0,2,3,2,2,1,0,0,0
1,0,0,55.0,18,3,1,0,36,2,1,4,3,50000,0,2,3,2,2,0,0,1,1
1,0,0,55.0,18,4,1,0,36,2,1,4,3,50000,0,2,3,2,2,1,0,0,0
1,0,0,80.0,18,1,0,0,36,2,1,4,3,50000,0,2,3,2,2,0,0,0,1
2,0,0,55.0,7,1,0,0,36,2,1,4,3,50000,0,2,3,2,2,1,1,0,0
2,0,0,55.0,7,3,1,0,36,2,1,4,3,50000,0,2,3,2,2,1,1,0,1
2,0,0,80.0,7,4,1,0,36,2,1,4,3,50000,0,2,3,2,2,1,0,0,1
2,0,0,80.0,7,2,0,0,36,2,1,4,3,50000,0,2,3,2,2,0,0,1,1
2,0,0,55.0,7,0,1,0,36,2,1,4,3,50000,0,2,3,2,2,0,0,0,1
2,0,0,55.0,7,1,0,0,36,2,1,4,3,50000,0,2,3,2,2,1,0,0,0
0,0,0,55.0,14,0,1,1,21,1,0,2,9,25000,1,2,2,2,1,0,0,0,1
0,1,0,80.0,10,1,0,1,21,1,0,2,9,25000,1,2,2,2,1,0,0,0,1
0,1,0,80.0,10,3,1,1,21,1,0,2,9,25000,1,2,2,2,1,0,0,0,1
0,1,0,80.0,10,2,0,1,21,1,0,2,9,25000,1,2,2,2,1,1,0,0,1
0,1,0,80.0,14,1,1,1,21,1,0,2,9,25000,1,2,2,2,1,0,0,0,1
0,1,0,80.0,14,1,0,1,21,1,0,2,9,25000,1,2,2,2,1,1,0,0,1
0,1,0,80.0,14,1,1,1,21,1,0,2,9,25000,1,2,2,2,1,1,0,0,1
0,1,0,80.0,14,0,1,1,21,1,0,2,9,25000,1,2,2,2,1,1,0,0,1
0,1,0,80.0,18,1,0,1,21,1,0,2,9,25000,1,2,2,2,1,0,0,0,1
0,1,0,80.0,18,0,0,1,21,1,0,2,9,25000,1,2,2,2,1,1,0,0,1
0,1,0,55.0,14,1,0,1,21,1,0,2,9,25000,1,2,2,2,1,0,0,0,1
0,1,0,55.0,14,2,1,1,21,1,0,2,9,25000,1,2,2,2,1,1,0,0,1
0,0,0,55.0,10,1,0,1,21,1,0,2,9,25000,1,2,2,2,1,0,0,0,1
1,0,0,55.0,18,3,1,1,21,1,0,2,9,25000,1,2,2,2,1,0,0,1,1
1,0,0,55.0,18,4,1,1,21,1,0,2,9,25000,1,2,2,2,1,1,0,0,1
1,0,0,80.0,18,1,0,1,21,1,0,2,9,25000,1,2,2,2,1,0,0,0,1
2,0,0,80.0,7,1,0,1,21,1,0,2,9,25000,1,2,2,2,1,1,1,0,1
2,0,0,55.0,7,3,1,1,21,1,0,2,9,25000,1,2,2,2,1,1,1,0,1
2,0,0,80.0,7,4,1,1,21,1,0,2,9,25000,1,2,2,2,1,1,0,0,1
2,0,0,80.0,7,2,0,1,21,1,0,2,9,25000,1,2,2,2,1,0,0,1,0
2,0,0,55.0,7,0,1,1,21,1,0,2,9,25000,1,2,2,2,1,0,0,0,1
2,0,0,55.0,7,1,0,1,21,1,0,2,9,25000,1,2,2,2,1,1,0,0,0
0,0,0,55.0,14,0,1,0,31,3,1,1,19,25000,2,1,2,1,3,0,0,0,1
0,1,0,80.0,10,1,0,0,31,3,1,1,19,25000,2,1,2,1,3,0,0,0,1
0,1,0,80.0,10,2,0,0,31,3,1,1,19,25000,2,1,2,1,3,1,0,0,1
0,1,0,80.0,14,1,0,0,31,3,1,1,19,25000,2,1,2,1,3,1,0,0,1
0,1,0,80.0,14,1,1,0,31,3,1,1,19,25000,2,1,2,1,3,1,0,0,1
0,1,0,80.0,18,0,0,0,31,3,1,1,19,25000,2,1,2,1,3,1,0,0,1
0,1,0,55.0,14,2,1,0,31,3,1,1,19,25000,2,1,2,1,3,1,0,0,1
0,2,0,80.0,10,0,0,0,31,3,1,1,19,25000,2,1,2,1,3,1,0,0,0
0,2,0,80.0,10,2,0,0,31,3,1,1,19,25000,2,1,2,1,3,1,0,0,1
0,2,0,80.0,10,3,1,0,31,3,1,1,19,25000,2,1,2,1,3,1,0,0,1
0,2,0,80.0,14,0,1,0,31,3,1,1,19,25000,2,1,2,1,3,0,0,0,1
0,2,0,55.0,14,0,1,0,31,3,1,1,19,25000,2,1,2,1,3,1,0,0,1
0,2,0,55.0,18,1,0,0,31,3,1,1,19,25000,2,1,2,1,3,1,0,0,0
1,0,0,55.0,18,3,1,0,31,3,1,1,19,25000,2,1,2,1,3,0,0,1,1
1,0,0,55.0,18,4,1,0,31,3,1,1,19,25000,2,1,2,1,3,1,0,0,1
1,0,0,80.0,18,1,0,0,31,3,1,1,19,25000,2,1,2,1,3,0,0,0,0
2,0,0,55.0,7,1,0,0,31,3,1,1,19,25000,2,1,2,1,3,1,1,0,0
2,0,0,55.0,7,3,1,0,31,3,1,1,19,25000,2,1,2,1,3,1,1,0,1
2,0,0,80.0,7,4,1,0,31,3,1,1,19,25000,2,1,2,1,3,1,0,0,1
2,0,0,80.0,7,2,0,0,31,3,1,1,19,25000,2,1,2,1,3,0,0,1,0
2,0,0,55.0,7,0,1,0,31,3,1,1,19,25000,2,1,2,1,3,0,0,0,1
2,0,0,55.0,7,1,0,0,31,3,1,1,19,25000,2,1,2,1,3,1,0,0,0
0,0,0,55.0,14,0,1,1,51,2,1,2,9,37500,2,1,3,2,2,0,0,0,1
0,1,0,80.0,10,1,0,1,51,2,1,2,9,37500,2,1,3,2,2,0,0,0,1
0,1,0,80.0,10,2,0,1,51,2,1,2,9,37500,2,1,3,2,2,1,0,0,1
0,1,0,80.0,14,1,0,1,51,2,1,2,9,37500,2,1,3,2,2,1,0,0,1
0,1,0,80.0,14,1,1,1,51,2,1,2,9,37500,2,1,3,2,2,1,0,0,1
0,1,0,80.0,18,0,0,1,51,2,1,2,9,37500,2,1,3,2,2,1,0,0,1
0,1,0,55.0,14,2,1,1,51,2,1,2,9,37500,2,1,3,2,2,1,0,0,1
0,2,0,80.0,10,0,0,1,51,2,1,2,9,37500,2,1,3,2,2,1,0,0,1
0,2,0,80.0,10,2,0,1,51,2,1,2,9,37500,2,1,3,2,2,1,0,0,1
0,2,0,80.0,10,3,1,1,51,2,1,2,9,37500,2,1,3,2,2,1,0,0,0
0,2,0,80.0,14,0,1,1,51,2,1,2,9,37500,2,1,3,2,2,0,0,0,1
0,2,0,55.0,14,0,1,1,51,2,1,2,9,37500,2,1,3,2,2,1,0,0,1
0,2,0,55.0,18,1,0,1,51,2,1,2,9,37500,2,1,3,2,2,1,0,0,0
1,0,0,55.0,18,3,1,1,51,2,1,2,9,37500,2,1,3,2,2,0,0,1,1
1,0,0,55.0,18,4,1,1,51,2,1,2,9,37500,2,1,3,2,2,1,0,0,0
1,0,0,80.0,18,1,0,1,51,2,1,2,9,37500,2,1,3,2,2,0,0,0,0
2,0,0,55.0,7,1,0,1,51,2,1,2,9,37500,2,1,3,2,2,1,1,0,0
2,0,0,55.0,7,3,1,1,51,2,1,2,9,37500,2,1,3,2,2,1,1,0,0
2,0,0,80.0,7,4,1,1,51,2,1,2,9,37500,2,1,3,2,2,1,0,0,0
2,0,0,80.0,7,2,0,1,51,2,1,2,9,37500,2,1,3,2,2,0,0,1,1
2,0,0,55.0,7,0,1,1,51,2,1,2,9,37500,2,1,3,2,2,0,0,0,1
2,0,0,55.0,7,1,0,1,51,2,1,2,9,37500,2,1,3,2,2,1,0,0,0
0,0,0,80.0,14,0,1,1,31,2,1,2,9,37500,0,1,3,1,1,0,0,0,1
0,1,0,80.0,10,1,0,1,31,2,1,2,9,37500,0,1,3,1,1,0,0,0,1
0,1,0,80.0,10,2,0,1,31,2,1,2,9,37500,0,1,3,1,1,1,0,0,0
0,1,0,80.0,14,1,0,1,31,2,1,2,9,37500,0,1,3,1,1,1,0,0,0
0,1,0,80.0,14,1,1,1,31,2,1,2,9,37500,0,1,3,1,1,1,0,0,0
0,1,0,80.0,18,0,0,1,31,2,1,2,9,37500,0,1,3,1,1,1,0,0,1
0,1,0,55.0,14,2,1,1,31,2,1,2,9,37500,0,1,3,1,1,1,0,0,0
0,2,0,80.0,10,0,0,1,31,2,1,2,9,37500,0,1,3,1,1,1,0,0,0
0,2,0,80.0,10,2,0,1,31,2,1,2,9,37500,0,1,3,1,1,1,0,0,1
0,2,0,80.0,10,3,1,1,31,2,1,2,9,37500,0,1,3,1,1,1,0,0,0
0,2,0,80.0,14,0,1,1,31,2,1,2,9,37500,0,1,3,1,1,0,0,0,0
0,2,0,55.0,14,0,1,1,31,2,1,2,9,37500,0,1,3,1,1,1,0,0,0
0,2,0,55.0,18,1,0,1,31,2,1,2,9,37500,0,1,3,1,1,1,0,0,0
1,0,0,55.0,18,3,1,1,31,2,1,2,9,37500,0,1,3,1,1,0,0,1,1
1,0,0,55.0,18,4,1,1,31,2,1,2,9,37500,0,1,3,1,1,1,0,0,1
1,0,0,80.0,18,1,0,1,31,2,1,2,9,37500,0,1,3,1,1,0,0,0,0
2,0,0,55.0,7,1,0,1,31,2,1,2,9,37500,0,1,3,1,1,1,1,0,1
2,0,0,55.0,7,3,1,1,31,2,1,2,9,37500,0,1,3,1,1,1,1,0,0
2,0,0,80.0,7,4,1,1,31,2,1,2,9,37500,0,1,3,1,1,1,0,0,0
2,0,0,80.0,7,2,0,1,31,2,1,2,9,37500,0,1,3,1,1,0,0,1,1
2,0,0,55.0,7,0,1,1,31,2,1,2,9,37500,0,1,3,1,1,0,0,0,0
2,0,0,55.0,7,1,0,1,31,2,1,2,9,37500,0,1,3,1,1,1,0,0,1
0,0,0,55.0,14,0,1,1,21,0,0,2,20,25000,4,3,4,3,1,0,0,0,1
0,1,0,80.0,10,1,0,1,21,0,0,2,20,25000,4,3,4,3,1,0,0,0,1
0,1,0,80.0,10,3,1,1,21,0,0,2,20,25000,4,3,4,3,1,0,0,0,1
0,1,0,80.0,10,2,0,1,21,0,0,2,20,25000,4,3,4,3,1,1,0,0,0
0,1,0,80.0,14,1,1,1,21,0,0,2,20,25000,4,3,4,3,1,0,0,0,1
0,1,0,80.0,14,1,0,1,21,0,0,2,20,25000,4,3,4,3,1,1,0,0,0
0,1,0,80.0,14,1,1,1,21,0,0,2,20,25000,4,3,4,3,1,1,0,0,0
0,1,0,80.0,14,0,1,1,21,0,0,2,20,25000,4,3,4,3,1,1,0,0,1
0,1,0,80.0,18,1,0,1,21,0,0,2,20,25000,4,3,4,3,1,0,0,0,0
0,1,0,80.0,18,0,0,1,21,0,0,2,20,25000,4,3,4,3,1,1,0,0,0
0,1,0,55.0,14,1,0,1,21,0,0,2,20,25000,4,3,4,3,1,0,0,0,0
0,1,0,55.0,14,2,1,1,21,0,0,2,20,25000,4,3,4,3,1,1,0,0,1
0,0,0,55.0,10,1,0,1,21,0,0,2,20,25000,4,3,4,3,1,0,0,0,1
1,0,0,55.0,18,3,1,1,21,0,0,2,20,25000,4,3,4,3,1,0,0,1,1
1,0,0,55.0,18,4,1,1,21,0,0,2,20,25000,4,3,4,3,1,1,0,0,0
1,0,0,80.0,18,1,0,1,21,0,0,2,20,25000,4,3,4,3,1,0,0,0,0
2,0,0,55.0,7,1,0,1,21,0,0,2,20,25000,4,3,4,3,1,1,1,0,1
2,0,0,55.0,7,3,1,1,21,0,0,2,20,25000,4,3,4,3,1,1,1,0,1
2,0,0,80.0,7,4,1,1,21,0,0,2,20,25000,4,3,4,3,1,1,0,0,1
2,0,0,80.0,7,2,0,1,21,0,0,2,20,25000,4,3,4,3,1,0,0,1,1
2,0,0,55.0,7,0,1,1,21,0,0,2,20,25000,4,3,4,3,1,0,0,0,1
2,0,0,55.0,7,1,0,1,21,0,0,2,20,25000,4,3,4,3,1,1,0,0,0
0,0,0,55.0,14,0,1,0,31,3,1,2,21,12500,2,0,3,1,1,0,0,0,1
0,1,0,80.0,10,1,0,0,31,3,1,2,21,12500,2,0,3,1,1,0,0,0,0
0,1,0,80.0,10,2,0,0,31,3,1,2,21,12500,2,0,3,1,1,1,0,0,1
0,1,0,80.0,14,1,0,0,31,3,1,2,21,12500,2,0,3,1,1,1,0,0,0
0,1,0,80.0,14,1,1,0,31,3,1,2,21,12500,2,0,3,1,1,1,0,0,0
0,1,0,80.0,18,0,0,0,31,3,1,2,21,12500,2,0,3,1,1,1,0,0,1
0,1,0,80.0,14,2,1,0,31,3,1,2,21,12500,2,0,3,1,1,1,0,0,1
0,2,0,80.0,10,0,0,0,31,3,1,2,21,12500,2,0,3,1,1,1,0,0,1
0,2,0,80.0,10,2,0,0,31,3,1,2,21,12500,2,0,3,1,1,1,0,0,1
0,2,0,80.0,10,3,1,0,31,3,1,2,21,12500,2,0,3,1,1,1,0,0,0
0,2,0,80.0,14,0,1,0,31,3,1,2,21,12500,2,0,3,1,1,0,0,0,1
0,2,0,55.0,14,0,1,0,31,3,1,2,21,12500,2,0,3,1,1,1,0,0,1
0,2,0,55.0,18,1,0,0,31,3,1,2,21,12500,2,0,3,1,1,1,0,0,0
1,0,0,55.0,18,3,1,0,31,3,1,2,21,12500,2,0,3,1,1,0,0,1,1
1,0,0,55.0,18,4,1,0,31,3,1,2,21,12500,2,0,3,1,1,1,0,0,0
1,0,0,80.0,18,1,0,0,31,3,1,2,21,12500,2,0,3,1,1,0,0,0,0
2,0,0,55.0,7,1,0,0,31,3,1,2,21,12500,2,0,3,1,1,1,1,0,0
2,0,0,55.0,7,3,1,0,31,3,1,2,21,12500,2,0,3,1,1,1,1,0,0
2,0,0,80.0,7,4,1,0,31,3,1,2,21,12500,2,0,3,1,1,1,0,0,0
2,0,0,80.0,7,2,0,0,31,3,1,2,21,12500,2,0,3,1,1,0,0,1,0
2,0,0,55.0,7,0,1,0,31,3,1,2,21,12500,2,0,3,1,1,0,0,0,1
2,0,0,55.0,7,1,0,0,31,3,1,2,21,12500,2,0,3,1,1,1,0,0,0
0,0,0,55.0,14,0,1,1,21,1,0,2,2,12500,1,0,1,1,1,0,0,0,1
0,1,0,80.0,10,1,0,1,21,1,0,2,2,12500,1,0,1,1,1,0,0,0,0
0,1,0,80.0,10,3,1,1,21,1,0,2,2,12500,1,0,1,1,1,0,0,0,0
0,1,0,80.0,10,2,0,1,21,1,0,2,2,12500,1,0,1,1,1,1,0,0,0
0,1,0,80.0,14,1,1,1,21,1,0,2,2,12500,1,0,1,1,1,0,0,0,0
0,1,0,80.0,14,1,0,1,21,1,0,2,2,12500,1,0,1,1,1,1,0,0,0
0,1,0,80.0,14,1,1,1,21,1,0,2,2,12500,1,0,1,1,1,1,0,0,0
0,1,0,80.0,14,0,1,1,21,1,0,2,2,12500,1,0,1,1,1,1,0,0,1
0,1,0,80.0,18,1,0,1,21,1,0,2,2,12500,1,0,1,1,1,0,0,0,0
0,1,0,80.0,18,0,0,1,21,1,0,2,2,12500,1,0,1,1,1,1,0,0,1
0,1,0,55.0,14,1,0,1,21,1,0,2,2,12500,1,0,1,1,1,0,0,0,0
0,1,0,55.0,14,2,1,1,21,1,0,2,2,12500,1,0,1,1,1,1,0,0,1
0,0,0,55.0,10,1,0,1,21,1,0,2,2,12500,1,0,1,1,1,0,0,0,0
1,0,0,55.0,18,3,1,1,21,1,0,2,2,12500,1,0,1,1,1,0,0,1,0
1,0,0,55.0,18,4,1,1,21,1,0,2,2,12500,1,0,1,1,1,1,0,0,1
1,0,0,80.0,18,1,0,1,21,1,0,2,2,12500,1,0,1,1,1,0,0,0,0
2,0,0,55.0,7,1,0,1,21,1,0,2,2,12500,1,0,1,1,1,1,1,0,0
2,0,0,55.0,7,3,1,1,21,1,0,2,2,12500,1,0,1,1,1,1,1,0,0
2,0,0,80.0,7,4,1,1,21,1,0,2,2,12500,1,0,1,1,1,1,0,0,1
2,0,0,80.0,7,2,0,1,21,1,0,2,2,12500,1,0,1,1,1,0,0,1,1
2,0,0,55.0,7,0,1,1,21,1,0,2,2,12500,1,0,1,1,1,0,0,0,1
2,0,0,55.0,7,1,0,1,21,1,0,2,2,12500,1,0,1,1,1,1,0,0,0
0,0,0,55.0,14,0,1,0,41,2,1,5,9,75000,1,4,3,4,1,0,0,0,1
0,1,0,80.0,10,1,0,0,41,2,1,5,9,75000,1,4,3,4,1,0,0,0,1
0,1,0,80.0,10,2,0,0,41,2,1,5,9,75000,1,4,3,4,1,1,0,0,0
0,1,0,80.0,14,1,0,0,41,2,1,5,9,75000,1,4,3,4,1,1,0,0,1
0,1,0,80.0,14,1,1,0,41,2,1,5,9,75000,1,4,3,4,1,1,0,0,1
0,1,0,80.0,18,0,0,0,41,2,1,5,9,75000,1,4,3,4,1,1,0,0,1
0,1,0,55.0,14,2,1,0,41,2,1,5,9,75000,1,4,3,4,1,1,0,0,1
0,2,0,80.0,10,0,0,0,41,2,1,5,9,75000,1,4,3,4,1,1,0,0,0
0,2,0,80.0,10,2,0,0,41,2,1,5,9,75000,1,4,3,4,1,1,0,0,0
0,2,0,80.0,10,3,1,0,41,2,1,5,9,75000,1,4,3,4,1,1,0,0,0
0,2,0,80.0,14,0,1,0,41,2,1,5,9,75000,1,4,3,4,1,0,0,0,1
0,2,0,55.0,14,0,1,0,41,2,1,5,9,75000,1,4,3,4,1,1,0,0,1
0,2,0,80.0,18,1,0,0,41,2,1,5,9,75000,1,4,3,4,1,1,0,0,0
1,0,0,55.0,18,3,1,0,41,2,1,5,9,75000,1,4,3,4,1,0,0,1,1
1,0,0,55.0,18,4,1,0,41,2,1,5,9,75000,1,4,3,4,1,1,0,0,1
1,0,0,80.0,18,1,0,0,41,2,1,5,9,75000,1,4,3,4,1,0,0,0,0
2,0,0,55.0,7,1,0,0,41,2,1,5,9,75000,1,4,3,4,1,1,1,0,1
2,0,0,55.0,7,3,1,0,41,2,1,5,9,75000,1,4,3,4,1,1,1,0,1
2,0,0,80.0,7,4,1,0,41,2,1,5,9,75000,1,4,3,4,1,1,0,0,1
2,0,0,80.0,7,2,0,0,41,2,1,5,9,75000,1,4,3,4,1,0,0,1,1
2,0,0,55.0,7,0,1,0,41,2,1,5,9,75000,1,4,3,4,1,0,0,0,1
2,0,0,55.0,7,1,0,0,41,2,1,5,9,75000,1,4,3,4,1,1,0,0,0
0,0,0,55.0,14,0,1,1,26,1,0,1,0,37500,4,4,4,4,4,0,0,0,1
0,1,0,80.0,10,1,0,1,26,1,0,1,0,37500,4,4,4,4,4,0,0,0,0
0,1,0,80.0,10,3,1,1,26,1,0,1,0,37500,4,4,4,4,4,0,0,0,1
0,1,0,80.0,10,2,0,1,26,1,0,1,0,37500,4,4,4,4,4,1,0,0,0
0,1,0,80.0,14,1,1,1,26,1,0,1,0,37500,4,4,4,4,4,0,0,0,1
0,1,0,80.0,14,1,0,1,26,1,0,1,0,37500,4,4,4,4,4,1,0,0,0
0,1,0,80.0,14,1,1,1,26,1,0,1,0,37500,4,4,4,4,4,1,0,0,1
0,1,0,80.0,14,0,1,1,26,1,0,1,0,37500,4,4,4,4,4,1,0,0,1
0,1,0,80.0,18,1,0,1,26,1,0,1,0,37500,4,4,4,4,4,0,0,0,0
0,1,0,80.0,18,0,0,1,26,1,0,1,0,37500,4,4,4,4,4,1,0,0,0
0,1,0,55.0,14,1,0,1,26,1,0,1,0,37500,4,4,4,4,4,0,0,0,0
0,1,0,55.0,14,2,1,1,26,1,0,1,0,37500,4,4,4,4,4,1,0,0,1
0,0,0,55.0,10,1,0,1,26,1,0,1,0,37500,4,4,4,4,4,0,0,0,0
1,0,0,55.0,18,3,1,1,26,1,0,1,0,37500,4,4,4,4,4,0,0,1,1
1,0,0,55.0,18,4,1,1,26,1,0,1,0,37500,4,4,4,4,4,1,0,0,1
1,0,0,80.0,18,1,0,1,26,1,0,1,0,37500,4,4,4,4,4,0,0,0,0
2,0,0,55.0,7,1,0,1,26,1,0,1,0,37500,4,4,4,4,4,1,1,0,0
2,0,0,55.0,7,3,1,1,26,1,0,1,0,37500,4,4,4,4,4,1,1,0,1
2,0,0,80.0,7,4,1,1,26,1,0,1,0,37500,4,4,4,4,4,1,0,0,1
2,0,0,80.0,7,2,0,1,26,1,0,1,0,37500,4,4,4,4,4,0,0,1,0
2,0,0,55.0,7,0,1,1,26,1,0,1,0,37500,4,4,4,4,4,0,0,0,1
2,0,0,55.0,7,1,0,1,26,1,0,1,0,37500,4,4,4,4,4,1,0,0,0
0,0,0,55.0,14,0,1,1,26,2,1,4,9,87500,0,1,2,2,1,0,0,0,1
0,1,0,80.0,10,1,0,1,26,2,1,4,9,87500,0,1,2,2,1,0,0,0,1
0,1,0,80.0,10,2,0,1,26,2,1,4,9,87500,0,1,2,2,1,1,0,0,0
0,1,0,80.0,14,1,0,1,26,2,1,4,9,87500,0,1,2,2,1,1,0,0,1
0,1,0,80.0,14,1,1,1,26,2,1,4,9,87500,0,1,2,2,1,1,0,0,1
0,1,0,80.0,18,0,0,1,26,2,1,4,9,87500,0,1,2,2,1,1,0,0,1
0,1,0,55.0,14,2,1,1,26,2,1,4,9,87500,0,1,2,2,1,1,0,0,1
0,2,0,80.0,10,0,0,1,26,2,1,4,9,87500,0,1,2,2,1,1,0,0,1
0,2,0,80.0,10,2,0,1,26,2,1,4,9,87500,0,1,2,2,1,1,0,0,1
0,2,0,80.0,10,3,1,1,26,2,1,4,9,87500,0,1,2,2,1,1,0,0,0
0,2,0,80.0,14,0,1,1,26,2,1,4,9,87500,0,1,2,2,1,0,0,0,1
0,2,0,55.0,14,0,1,1,26,2,1,4,9,87500,0,1,2,2,1,1,0,0,1
0,2,0,55.0,18,1,0,1,26,2,1,4,9,87500,0,1,2,2,1,1,0,0,1
1,0,0,55.0,18,3,1,1,26,2,1,4,9,87500,0,1,2,2,1,0,0,1,0
1,0,0,55.0,18,4,1,1,26,2,1,4,9,87500,0,1,2,2,1,1,0,0,0
1,0,0,80.0,18,1,0,1,26,2,1,4,9,87500,0,1,2,2,1,0,0,0,0
2,0,0,55.0,7,1,0,1,26,2,1,4,9,87500,0,1,2,2,1,1,1,0,1
2,0,0,55.0,7,3,1,1,26,2,1,4,9,87500,0,1,2,2,1,1,1,0,0
2,0,0,80.0,7,4,1,1,26,2,1,4,9,87500,0,1,2,2,1,1,0,0,1
2,0,0,80.0,7,2,0,1,26,2,1,4,9,87500,0,1,2,2,1,0,0,1,1
2,0,0,55.0,7,0,1,1,26,2,1,4,9,87500,0,1,2,2,1,0,0,0,1
2,0,0,55.0,7,1,0,1,26,2,1,4,9,87500,0,1,2,2,1,1,0,0,1
0,0,0,55.0,14,0,1,1,51,0,1,2,17,12500,3,1,2,2,1,0,0,0,1
0,1,0,80.0,10,1,0,1,51,0,1,2,17,12500,3,1,2,2,1,0,0,0,0
0,1,0,80.0,10,3,1,1,51,0,1,2,17,12500,3,1,2,2,1,0,0,0,0
0,1,0,80.0,10,2,0,1,51,0,1,2,17,12500,3,1,2,2,1,1,0,0,0
0,1,0,80.0,14,1,1,1,51,0,1,2,17,12500,3,1,2,2,1,0,0,0,0
0,1,0,80.0,14,1,0,1,51,0,1,2,17,12500,3,1,2,2,1,1,0,0,0
0,1,0,80.0,14,1,1,1,51,0,1,2,17,12500,3,1,2,2,1,1,0,0,0
0,1,0,80.0,14,0,1,1,51,0,1,2,17,12500,3,1,2,2,1,1,0,0,1
0,1,0,80.0,18,1,0,1,51,0,1,2,17,12500,3,1,2,2,1,0,0,0,0
0,1,0,80.0,18,0,0,1,51,0,1,2,17,12500,3,1,2,2,1,1,0,0,0
0,1,0,55.0,14,1,0,1,51,0,1,2,17,12500,3,1,2,2,1,0,0,0,0
0,1,0,55.0,14,2,1,1,51,0,1,2,17,12500,3,1,2,2,1,1,0,0,1
0,3,0,80.0,10,1,0,1,51,0,1,2,17,12500,3,1,2,2,1,1,0,0,0
0,0,0,55.0,10,1,0,1,51,0,1,2,17,12500,3,1,2,2,1,0,0,0,0
1,0,0,55.0,18,3,1,1,51,0,1,2,17,12500,3,1,2,2,1,0,0,1,1
1,0,0,55.0,18,4,1,1,51,0,1,2,17,12500,3,1,2,2,1,1,0,0,0
1,0,0,80.0,18,1,0,1,51,0,1,2,17,12500,3,1,2,2,1,0,0,0,0
2,0,0,55.0,7,1,0,1,51,0,1,2,17,12500,3,1,2,2,1,1,1,0,1
2,0,0,55.0,7,3,1,1,51,0,1,2,17,12500,3,1,2,2,1,1,1,0,0
2,0,0,80.0,7,4,1,1,51,0,1,2,17,12500,3,1,2,2,1,1,0,0,0
2,0,0,80.0,7,2,0,1,51,0,1,2,17,12500,3,1,2,2,1,0,0,1,0
2,0,0,55.0,7,0,1,1,51,0,1,2,17,12500,3,1,2,2,1,0,0,0,0
2,0,0,55.0,7,1,0,1,51,0,1,2,17,12500,3,1,2,2,1,1,0,0,0
0,1,0,80.0,10,3,1,1,21,1,0,1,0,0,0,1,2,2,1,0,0,0,0
0,1,0,80.0,14,1,1,1,21,1,0,1,0,0,0,1,2,2,1,0,0,0,1
0,1,0,80.0,14,0,1,1,21,1,0,1,0,0,0,1,2,2,1,1,0,0,1
0,1,0,80.0,18,1,0,1,21,1,0,1,0,0,0,1,2,2,1,0,0,0,0
0,1,0,55.0,14,1,0,1,21,1,0,1,0,0,0,1,2,2,1,0,0,0,1
0,0,0,55.0,10,1,0,1,21,1,0,1,0,0,0,1,2,2,1,0,0,0,1
0,0,0,55.0,14,0,1,1,41,2,1,5,7,62500,2,2,2,3,1,0,0,0,1
0,1,0,80.0,10,1,0,1,41,2,1,5,7,62500,2,2,2,3,1,0,0,0,1
0,1,0,80.0,10,2,0,1,41,2,1,5,7,62500,2,2,2,3,1,1,0,0,1
0,1,0,80.0,14,1,0,1,41,2,1,5,7,62500,2,2,2,3,1,1,0,0,1
0,1,0,80.0,14,1,1,1,41,2,1,5,7,62500,2,2,2,3,1,1,0,0,0
0,1,0,80.0,18,0,0,1,41,2,1,5,7,62500,2,2,2,3,1,1,0,0,1
0,1,0,55.0,14,2,1,1,41,2,1,5,7,62500,2,2,2,3,1,1,0,0,1
0,2,0,80.0,10,0,0,1,41,2,1,5,7,62500,2,2,2,3,1,1,0,0,1
0,2,0,80.0,10,2,0,1,41,2,1,5,7,62500,2,2,2,3,1,1,0,0,0
0,2,0,80.0,10,3,1,1,41,2,1,5,7,62500,2,2,2,3,1,1,0,0,0
0,2,0,80.0,14,0,1,1,41,2,1,5,7,62500,2,2,2,3,1,0,0,0,1
0,2,0,55.0,14,0,1,1,41,2,1,5,7,62500,2,2,2,3,1,1,0,0,1
0,2,0,55.0,18,1,0,1,41,2,1,5,7,62500,2,2,2,3,1,1,0,0,0
1,0,0,55.0,18,3,1,1,41,2,1,5,7,62500,2,2,2,3,1,0,0,1,1
1,0,0,55.0,18,4,1,1,41,2,1,5,7,62500,2,2,2,3,1,1,0,0,0
1,0,0,80.0,18,1,0,1,41,2,1,5,7,62500,2,2,2,3,1,0,0,0,1
2,0,0,55.0,7,1,0,1,41,2,1,5,7,62500,2,2,2,3,1,1,1,0,0
2,0,0,80.0,7,4,1,1,41,2,1,5,7,62500,2,2,2,3,1,1,0,0,0
2,0,0,80.0,7,2,0,1,41,2,1,5,7,62500,2,2,2,3,1,0,0,1,1
2,0,0,55.0,7,0,1,1,41,2,1,5,7,62500,2,2,2,3,1,0,0,0,1
2,0,0,55.0,7,1,0,1,41,2,1,5,7,62500,2,2,2,3,1,1,0,0,0
0,0,0,55.0,14,0,1,1,51,2,1,2,16,87500,0,0,2,2,1,0,0,0,1
0,1,0,80.0,10,1,0,1,51,2,1,2,16,87500,0,0,2,2,1,0,0,0,0
0,1,0,80.0,10,2,0,1,51,2,1,2,16,87500,0,0,2,2,1,1,0,0,1
0,1,0,80.0,14,1,0,1,51,2,1,2,16,87500,0,0,2,2,1,1,0,0,0
0,1,0,80.0,14,1,1,1,51,2,1,2,16,87500,0,0,2,2,1,1,0,0,0
0,1,0,80.0,18,0,0,1,51,2,1,2,16,87500,0,0,2,2,1,1,0,0,0
0,1,0,55.0,14,2,1,1,51,2,1,2,16,87500,0,0,2,2,1,1,0,0,1
0,3,0,80.0,10,1,0,1,51,2,1,2,16,87500,0,0,2,2,1,0,0,0,0
0,3,0,80.0,10,4,1,1,51,2,1,2,16,87500,0,0,2,2,1,0,0,0,0
0,3,0,80.0,10,3,0,1,51,2,1,2,16,87500,0,0,2,2,1,0,0,0,0
0,3,0,80.0,10,1,0,1,51,2,1,2,16,87500,0,0,2,2,1,1,0,0,0
0,3,0,80.0,18,0,0,1,51,2,1,2,16,87500,0,0,2,2,1,0,0,0,1
0,3,0,80.0,18,3,1,1,51,2,1,2,16,87500,0,0,2,2,1,1,0,0,0
1,0,0,55.0,18,3,1,1,51,2,1,2,16,87500,0,0,2,2,1,0,0,1,0
1,0,0,55.0,18,4,1,1,51,2,1,2,16,87500,0,0,2,2,1,1,0,0,0
1,0,0,80.0,18,1,0,1,51,2,1,2,16,87500,0,0,2,2,1,0,0,0,0
2,0,0,55.0,7,1,0,1,51,2,1,2,16,87500,0,0,2,2,1,1,1,0,0
2,0,0,55.0,7,3,1,1,51,2,1,2,16,87500,0,0,2,2,1,1,1,0,0
2,0,0,80.0,7,4,1,1,51,2,1,2,16,87500,0,0,2,2,1,1,0,0,0
2,0,0,80.0,7,2,0,1,51,2,1,2,16,87500,0,0,2,2,1,0,0,1,0
2,0,0,55.0,7,0,1,1,51,2,1,2,16,87500,0,0,2,2,1,0,0,0,0
2,0,0,55.0,7,1,0,1,51,2,1,2,16,87500,0,0,2,2,1,1,0,0,0
0,0,0,55.0,14,0,1,0,26,2,0,1,8,75000,4,0,2,1,1,0,0,0,1
0,1,0,80.0,10,2,0,0,26,2,0,1,8,75000,4,0,2,1,1,1,0,0,1
0,1,0,80.0,14,1,0,0,26,2,0,1,8,75000,4,0,2,1,1,1,0,0,0
0,1,0,80.0,14,1,1,0,26,2,0,1,8,75000,4,0,2,1,1,1,0,0,0
0,1,0,80.0,18,0,0,0,26,2,0,1,8,75000,4,0,2,1,1,1,0,0,1
0,1,0,55.0,14,2,1,0,26,2,0,1,8,75000,4,0,2,1,1,1,0,0,1
0,3,0,80.0,10,1,0,0,26,2,0,1,8,75000,4,0,2,1,1,0,0,0,0
0,3,0,80.0,10,4,1,0,26,2,0,1,8,75000,4,0,2,1,1,0,0,0,1
0,3,0,80.0,10,3,0,0,26,2,0,1,8,75000,4,0,2,1,1,0,0,0,1
0,3,0,80.0,10,1,0,0,26,2,0,1,8,75000,4,0,2,1,1,1,0,0,0
0,3,0,80.0,18,0,0,0,26,2,0,1,8,75000,4,0,2,1,1,0,0,0,1
0,3,0,80.0,18,3,1,0,26,2,0,1,8,75000,4,0,2,1,1,1,0,0,1
1,0,0,55.0,18,3,1,0,26,2,0,1,8,75000,4,0,2,1,1,0,0,1,1
1,0,0,55.0,18,4,1,0,26,2,0,1,8,75000,4,0,2,1,1,1,0,0,0
1,0,0,80.0,18,1,0,0,26,2,0,1,8,75000,4,0,2,1,1,0,0,0,0
2,0,0,55.0,7,3,1,0,26,2,0,1,8,75000,4,0,2,1,1,1,1,0,1
2,0,0,80.0,7,4,1,0,26,2,0,1,8,75000,4,0,2,1,1,1,0,0,1
2,0,0,80.0,7,2,0,0,26,2,0,1,8,75000,4,0,2,1,1,0,0,1,0
2,0,0,55.0,7,0,1,0,26,2,0,1,8,75000,4,0,2,1,1,0,0,0,1
2,0,0,55.0,7,1,0,0,26,2,0,1,8,75000,4,0,2,1,1,1,0,0,0
0,0,0,55.0,14,0,1,0,41,2,1,4,19,100000,2,1,1,2,2,0,0,0,1
0,1,0,80.0,10,1,0,0,41,2,1,4,19,100000,2,1,1,2,2,0,0,0,1
0,1,0,80.0,10,2,0,0,41,2,1,4,19,100000,2,1,1,2,2,1,0,0,0
0,1,0,80.0,14,1,0,0,41,2,1,4,19,100000,2,1,1,2,2,1,0,0,0
0,1,0,80.0,14,1,1,0,41,2,1,4,19,100000,2,1,1,2,2,1,0,0,0
0,1,0,80.0,18,0,0,0,41,2,1,4,19,100000,2,1,1,2,2,1,0,0,1
0,1,0,55.0,14,2,1,0,41,2,1,4,19,100000,2,1,1,2,2,1,0,0,1
0,2,0,80.0,10,0,0,0,41,2,1,4,19,100000,2,1,1,2,2,1,0,0,0
0,2,0,80.0,10,2,0,0,41,2,1,4,19,100000,2,1,1,2,2,1,0,0,1
0,2,0,80.0,10,3,1,0,41,2,1,4,19,100000,2,1,1,2,2,1,0,0,0
0,2,0,80.0,14,0,1,0,41,2,1,4,19,100000,2,1,1,2,2,0,0,0,1
0,2,0,55.0,14,0,1,0,41,2,1,4,19,100000,2,1,1,2,2,1,0,0,1
0,2,0,55.0,18,1,0,0,41,2,1,4,19,100000,2,1,1,2,2,1,0,0,0
1,0,0,55.0,18,3,1,0,41,2,1,4,19,100000,2,1,1,2,2,0,0,1,1
1,0,0,55.0,18,4,1,0,41,2,1,4,19,100000,2,1,1,2,2,1,0,0,0
1,0,0,80.0,18,1,0,0,41,2,1,4,19,100000,2,1,1,2,2,0,0,0,0
2,0,0,55.0,7,1,0,0,41,2,1,4,19,100000,2,1,1,2,2,1,1,0,0
2,0,0,55.0,7,3,1,0,41,2,1,4,19,100000,2,1,1,2,2,1,1,0,0
2,0,0,80.0,7,4,1,0,41,2,1,4,19,100000,2,1,1,2,2,1,0,0,1
2,0,0,80.0,7,2,0,0,41,2,1,4,19,100000,2,1,1,2,2,0,0,1,0
2,0,0,55.0,7,0,1,0,41,2,1,4,19,100000,2,1,1,2,2,0,0,0,1
2,0,0,55.0,7,1,0,0,41,2,1,4,19,100000,2,1,1,2,2,1,0,0,0
0,0,0,55.0,14,0,1,0,31,1,0,1,4,25000,0,2,2,2,2,0,0,0,1
0,1,0,80.0,10,1,0,0,31,1,0,1,4,25000,0,2,2,2,2,0,0,0,1
0,1,0,80.0,10,3,1,0,31,1,0,1,4,25000,0,2,2,2,2,0,0,0,1
0,1,0,80.0,10,2,0,0,31,1,0,1,4,25000,0,2,2,2,2,1,0,0,1
0,1,0,80.0,14,1,1,0,31,1,0,1,4,25000,0,2,2,2,2,0,0,0,1
0,1,0,80.0,14,1,0,0,31,1,0,1,4,25000,0,2,2,2,2,1,0,0,1
0,1,0,80.0,14,1,1,0,31,1,0,1,4,25000,0,2,2,2,2,1,0,0,1
0,1,0,80.0,14,0,1,0,31,1,0,1,4,25000,0,2,2,2,2,1,0,0,1
0,1,0,80.0,18,1,0,0,31,1,0,1,4,25000,0,2,2,2,2,0,0,0,1
0,1,0,80.0,18,0,0,0,31,1,0,1,4,25000,0,2,2,2,2,1,0,0,1
0,1,0,55.0,14,1,0,0,31,1,0,1,4,25000,0,2,2,2,2,0,0,0,1
0,1,0,55.0,14,2,1,0,31,1,0,1,4,25000,0,2,2,2,2,1,0,0,1
0,0,0,55.0,10,1,0,0,31,1,0,1,4,25000,0,2,2,2,2,0,0,0,1
1,0,0,55.0,18,3,1,0,31,1,0,1,4,25000,0,2,2,2,2,0,0,1,1
1,0,0,55.0,18,4,1,0,31,1,0,1,4,25000,0,2,2,2,2,1,0,0,1
1,0,0,80.0,18,1,0,0,31,1,0,1,4,25000,0,2,2,2,2,0,0,0,1
2,0,0,55.0,7,1,0,0,31,1,0,1,4,25000,0,2,2,2,2,1,1,0,1
2,0,0,55.0,7,3,1,0,31,1,0,1,4,25000,0,2,2,2,2,1,1,0,1
2,0,0,80.0,7,4,1,0,31,1,0,1,4,25000,0,2,2,2,2,1,0,0,1
2,0,0,80.0,7,2,0,0,31,1,0,1,4,25000,0,2,2,2,2,0,0,1,1
2,0,0,55.0,7,0,1,0,31,1,0,1,4,25000,0,2,2,2,2,0,0,0,1
2,0,0,55.0,7,1,0,0,31,1,0,1,4,25000,0,2,2,2,2,1,0,0,1
0,0,0,55.0,14,0,1,0,21,2,1,2,0,25000,0,1,2,1,1,0,0,0,1
0,1,0,80.0,10,1,0,0,21,2,1,2,0,25000,0,1,2,1,1,0,0,0,1
0,1,0,80.0,10,2,0,0,21,2,1,2,0,25000,0,1,2,1,1,1,0,0,0
0,1,0,80.0,14,1,0,0,21,2,1,2,0,25000,0,1,2,1,1,1,0,0,0
0,1,0,80.0,14,1,1,0,21,2,1,2,0,25000,0,1,2,1,1,1,0,0,0
0,1,0,80.0,18,0,0,0,21,2,1,2,0,25000,0,1,2,1,1,1,0,0,1
0,1,0,55.0,14,2,1,0,21,2,1,2,0,25000,0,1,2,1,1,1,0,0,1
0,2,0,80.0,10,0,0,0,21,2,1,2,0,25000,0,1,2,1,1,1,0,0,1
0,2,0,80.0,10,2,0,0,21,2,1,2,0,25000,0,1,2,1,1,1,0,0,1
0,2,0,80.0,10,3,1,0,21,2,1,2,0,25000,0,1,2,1,1,1,0,0,0
0,2,0,80.0,14,0,1,0,21,2,1,2,0,25000,0,1,2,1,1,0,0,0,1
0,2,0,55.0,14,0,1,0,21,2,1,2,0,25000,0,1,2,1,1,1,0,0,1
0,2,0,55.0,18,1,0,0,21,2,1,2,0,25000,0,1,2,1,1,1,0,0,1
1,0,0,55.0,18,3,1,0,21,2,1,2,0,25000,0,1,2,1,1,0,0,1,0
1,0,0,55.0,18,4,1,0,21,2,1,2,0,25000,0,1,2,1,1,1,0,0,1
1,0,0,80.0,18,1,0,0,21,2,1,2,0,25000,0,1,2,1,1,0,0,0,0
2,0,0,55.0,7,1,0,0,21,2,1,2,0,25000,0,1,2,1,1,1,1,0,1
2,0,0,55.0,7,3,1,0,21,2,1,2,0,25000,0,1,2,1,1,1,1,0,0
2,0,0,80.0,7,4,1,0,21,2,1,2,0,25000,0,1,2,1,1,1,0,0,0
2,0,0,80.0,7,2,0,0,21,2,1,2,0,25000,0,1,2,1,1,0,0,1,0
2,0,0,55.0,7,0,1,0,21,2,1,2,0,25000,0,1,2,1,1,0,0,0,0
2,0,0,55.0,7,1,0,0,21,2,1,2,0,25000,0,1,2,1,1,1,0,0,1
0,0,0,55.0,14,0,1,0,31,2,0,2,9,100000,1,1,2,4,1,0,0,0,1
0,1,0,80.0,10,1,0,0,31,2,0,2,9,100000,1,1,2,4,1,0,0,0,0
0,1,0,80.0,10,2,0,0,31,2,0,2,9,100000,1,1,2,4,1,1,0,0,1
0,1,0,80.0,14,1,0,0,31,2,0,2,9,100000,1,1,2,4,1,1,0,0,1
0,1,0,80.0,14,1,1,0,31,2,0,2,9,100000,1,1,2,4,1,1,0,0,1
0,1,0,80.0,18,0,0,0,31,2,0,2,9,100000,1,1,2,4,1,1,0,0,1
0,1,0,55.0,14,2,1,0,31,2,0,2,9,100000,1,1,2,4,1,1,0,0,1
0,3,0,80.0,10,1,0,0,31,2,0,2,9,100000,1,1,2,4,1,0,0,0,1
0,3,0,80.0,10,4,1,0,31,2,0,2,9,100000,1,1,2,4,1,0,0,0,1
0,3,0,80.0,10,3,0,0,31,2,0,2,9,100000,1,1,2,4,1,0,0,0,0
0,3,0,80.0,10,1,0,0,31,2,0,2,9,100000,1,1,2,4,1,1,0,0,1
0,3,0,80.0,18,0,0,0,31,2,0,2,9,100000,1,1,2,4,1,0,0,0,1
0,3,0,80.0,18,3,1,0,31,2,0,2,9,100000,1,1,2,4,1,1,0,0,1
1,0,0,55.0,18,3,1,0,31,2,0,2,9,100000,1,1,2,4,1,0,0,1,1
1,0,0,55.0,18,4,1,0,31,2,0,2,9,100000,1,1,2,4,1,1,0,0,1
1,0,0,80.0,18,1,0,0,31,2,0,2,9,100000,1,1,2,4,1,0,0,0,0
2,0,0,55.0,7,1,0,0,31,2,0,2,9,100000,1,1,2,4,1,1,1,0,0
2,0,0,55.0,7,3,1,0,31,2,0,2,9,100000,1,1,2,4,1,1,1,0,1
2,0,0,80.0,7,4,1,0,31,2,0,2,9,100000,1,1,2,4,1,1,0,0,1
2,0,0,80.0,7,2,0,0,31,2,0,2,9,100000,1,1,2,4,1,0,0,1,1
2,0,0,55.0,7,0,1,0,31,2,0,2,9,100000,1,1,2,4,1,0,0,0,1
2,0,0,55.0,7,1,0,0,31,2,0,2,9,100000,1,1,2,4,1,1,0,0,0
0,0,0,55.0,14,0,1,1,21,1,0,2,2,50000,0,3,3,2,1,0,0,0,1
0,1,0,80.0,10,1,0,1,21,1,0,2,2,50000,0,3,3,2,1,0,0,0,1
0,1,0,80.0,10,3,1,1,21,1,0,2,2,50000,0,3,3,2,1,0,0,0,0
0,1,0,80.0,10,2,0,1,21,1,0,2,2,50000,0,3,3,2,1,1,0,0,1
0,1,0,80.0,14,1,1,1,21,1,0,2,2,50000,0,3,3,2,1,0,0,0,1
0,1,0,80.0,14,1,0,1,21,1,0,2,2,50000,0,3,3,2,1,1,0,0,0
0,1,0,80.0,14,1,1,1,21,1,0,2,2,50000,0,3,3,2,1,1,0,0,1
0,1,0,80.0,14,0,1,1,21,1,0,2,2,50000,0,3,3,2,1,1,0,0,1
0,1,0,80.0,18,1,0,1,21,1,0,2,2,50000,0,3,3,2,1,0,0,0,0
0,1,0,80.0,18,0,0,1,21,1,0,2,2,50000,0,3,3,2,1,1,0,0,1
0,1,0,55.0,14,1,0,1,21,1,0,2,2,50000,0,3,3,2,1,0,0,0,0
0,1,0,55.0,14,2,1,1,21,1,0,2,2,50000,0,3,3,2,1,1,0,0,1
0,0,0,55.0,10,1,0,1,21,1,0,2,2,50000,0,3,3,2,1,0,0,0,1
1,0,0,55.0,18,3,1,1,21,1,0,2,2,50000,0,3,3,2,1,0,0,1,0
1,0,0,55.0,18,4,1,1,21,1,0,2,2,50000,0,3,3,2,1,1,0,0,0
1,0,0,80.0,18,1,0,1,21,1,0,2,2,50000,0,3,3,2,1,0,0,0,0
2,0,0,80.0,7,1,0,1,21,1,0,2,2,50000,0,3,3,2,1,1,1,0,0
2,0,0,55.0,7,3,1,1,21,1,0,2,2,50000,0,3,3,2,1,1,1,0,0
2,0,0,80.0,7,4,1,1,21,1,0,2,2,50000,0,3,3,2,1,1,0,0,1
2,0,0,80.0,7,2,0,1,21,1,0,2,2,50000,0,3,3,2,1,0,0,1,1
2,0,0,55.0,7,0,1,1,21,1,0,2,2,50000,0,3,3,2,1,0,0,0,1
2,0,0,55.0,7,1,0,1,21,1,0,2,2,50000,0,3,3,2,1,1,0,0,0
0,0,0,55.0,14,0,1,1,36,2,1,5,10,100000,1,3,2,2,1,0,0,0,1
0,1,0,80.0,10,1,0,1,36,2,1,5,10,100000,1,3,2,2,1,0,0,0,1
0,1,0,80.0,10,2,0,1,36,2,1,5,10,100000,1,3,2,2,1,1,0,0,0
0,1,0,80.0,14,1,0,1,36,2,1,5,10,100000,1,3,2,2,1,1,0,0,0
0,1,0,80.0,14,1,1,1,36,2,1,5,10,100000,1,3,2,2,1,1,0,0,0
0,1,0,80.0,18,0,0,1,36,2,1,5,10,100000,1,3,2,2,1,1,0,0,0
0,1,0,55.0,14,2,1,1,36,2,1,5,10,100000,1,3,2,2,1,1,0,0,0
1,0,0,55.0,18,3,1,1,36,2,1,5,10,100000,1,3,2,2,1,0,0,1,1
1,0,0,55.0,18,4,1,1,36,2,1,5,10,100000,1,3,2,2,1,1,0,0,0
1,0,0,80.0,18,1,0,1,36,2,1,5,10,100000,1,3,2,2,1,0,0,0,1
2,0,0,55.0,7,1,0,1,36,2,1,5,10,100000,1,3,2,2,1,1,1,0,0
2,0,0,55.0,7,3,1,1,36,2,1,5,10,100000,1,3,2,2,1,1,1,0,0
2,0,0,80.0,7,4,1,1,36,2,1,5,10,100000,1,3,2,2,1,1,0,0,0
2,0,0,80.0,7,2,0,1,36,2,1,5,10,100000,1,3,2,2,1,0,0,1,1
2,0,0,55.0,7,0,1,1,36,2,1,5,10,100000,1,3,2,2,1,0,0,0,1
2,0,0,55.0,7,1,0,1,36,2,1,5,10,100000,1,3,2,2,1,1,0,0,0
0,0,0,55.0,14,0,1,1,46,0,1,4,19,62500,0,1,3,2,0,0,0,0,1
0,1,0,80.0,10,1,0,1,46,0,1,4,19,62500,0,1,3,2,0,0,0,0,1
0,1,0,80.0,10,2,0,1,46,0,1,4,19,62500,0,1,3,2,0,1,0,0,1
0,1,0,80.0,14,1,0,1,46,0,1,4,19,62500,0,1,3,2,0,1,0,0,0
0,1,0,80.0,14,1,1,1,46,0,1,4,19,62500,0,1,3,2,0,1,0,0,0
0,1,0,80.0,18,0,0,1,46,0,1,4,19,62500,0,1,3,2,0,1,0,0,0
0,1,0,55.0,14,2,1,1,46,0,1,4,19,62500,0,1,3,2,0,1,0,0,1
0,2,0,80.0,10,0,0,1,46,0,1,4,19,62500,0,1,3,2,0,1,0,0,0
0,2,0,80.0,10,2,0,1,46,0,1,4,19,62500,0,1,3,2,0,1,0,0,0
0,2,0,80.0,10,3,1,1,46,0,1,4,19,62500,0,1,3,2,0,1,0,0,0
0,2,0,80.0,14,0,1,1,46,0,1,4,19,62500,0,1,3,2,0,0,0,0,1
0,2,0,55.0,14,0,1,1,46,0,1,4,19,62500,0,1,3,2,0,1,0,0,1
0,2,0,55.0,18,1,0,1,46,0,1,4,19,62500,0,1,3,2,0,1,0,0,0
1,0,0,55.0,18,3,1,1,46,0,1,4,19,62500,0,1,3,2,0,0,0,1,0
1,0,0,55.0,18,4,1,1,46,0,1,4,19,62500,0,1,3,2,0,1,0,0,1
1,0,0,80.0,18,1,0,1,46,0,1,4,19,62500,0,1,3,2,0,0,0,0,0
2,0,0,55.0,7,1,0,1,46,0,1,4,19,62500,0,1,3,2,0,1,1,0,0
2,0,0,55.0,7,3,1,1,46,0,1,4,19,62500,0,1,3,2,0,1,1,0,0
2,0,0,80.0,7,4,1,1,46,0,1,4,19,62500,0,1,3,2,0,1,0,0,0
2,0,0,80.0,7,2,0,1,46,0,1,4,19,62500,0,1,3,2,0,0,0,1,0
2,0,0,55.0,7,0,1,1,46,0,1,4,19,62500,0,1,3,2,0,0,0,0,1
2,0,0,55.0,7,1,0,1,46,0,1,4,19,62500,0,1,3,2,0,1,0,0,0
0,1,0,80.0,10,3,1,1,51,3,1,4,9,25000,0,1,2,2,1,0,0,0,1
0,1,0,80.0,14,1,1,1,51,3,1,4,9,25000,0,1,2,2,1,0,0,0,1
0,1,0,80.0,14,0,1,1,51,3,1,4,9,25000,0,1,2,2,1,1,0,0,1
0,1,0,80.0,18,1,0,1,51,3,1,4,9,25000,0,1,2,2,1,0,0,0,1
0,1,0,55.0,14,1,0,1,51,3,1,4,9,25000,0,1,2,2,1,0,0,0,1
0,0,0,55.0,10,1,0,1,51,3,1,4,9,25000,0,1,2,2,1,0,0,0,0
0,0,0,80.0,14,0,1,1,26,1,0,1,6,12500,0,0,3,2,0,0,0,0,1
0,1,0,80.0,10,1,0,1,26,1,0,1,6,12500,0,0,3,2,0,0,0,0,1
0,1,0,80.0,10,3,1,1,26,1,0,1,6,12500,0,0,3,2,0,0,0,0,1
0,1,0,80.0,10,2,0,1,26,1,0,1,6,12500,0,0,3,2,0,1,0,0,0
0,1,0,80.0,14,1,1,1,26,1,0,1,6,12500,0,0,3,2,0,0,0,0,1
0,1,0,80.0,14,1,0,1,26,1,0,1,6,12500,0,0,3,2,0,1,0,0,1
0,1,0,80.0,14,1,1,1,26,1,0,1,6,12500,0,0,3,2,0,1,0,0,1
0,1,0,80.0,14,0,1,1,26,1,0,1,6,12500,0,0,3,2,0,1,0,0,1
0,1,0,80.0,18,1,0,1,26,1,0,1,6,12500,0,0,3,2,0,0,0,0,1
0,1,0,80.0,18,0,0,1,26,1,0,1,6,12500,0,0,3,2,0,1,0,0,1
0,1,0,55.0,14,1,0,1,26,1,0,1,6,12500,0,0,3,2,0,0,0,0,1
0,1,0,55.0,14,2,1,1,26,1,0,1,6,12500,0,0,3,2,0,1,0,0,1
0,0,0,55.0,10,1,0,1,26,1,0,1,6,12500,0,0,3,2,0,0,0,0,1
1,0,0,55.0,18,3,1,1,26,1,0,1,6,12500,0,0,3,2,0,0,0,1,1
1,0,0,55.0,18,4,1,1,26,1,0,1,6,12500,0,0,3,2,0,1,0,0,1
1,0,0,80.0,18,1,0,1,26,1,0,1,6,12500,0,0,3,2,0,0,0,0,0
2,0,0,55.0,7,1,0,1,26,1,0,1,6,12500,0,0,3,2,0,1,1,0,0
2,0,0,55.0,7,3,1,1,26,1,0,1,6,12500,0,0,3,2,0,1,1,0,1
2,0,0,80.0,7,4,1,1,26,1,0,1,6,12500,0,0,3,2,0,1,0,0,1
2,0,0,80.0,7,2,0,1,26,1,0,1,6,12500,0,0,3,2,0,0,0,1,0
2,0,0,55.0,7,0,1,1,26,1,0,1,6,12500,0,0,3,2,0,0,0,0,1
2,0,0,55.0,7,1,0,1,26,1,0,1,6,12500,0,0,3,2,0,1,0,0,0
0,0,0,55.0,14,0,1,1,51,2,0,2,20,37500,0,1,4,4,2,0,0,0,1
0,1,0,80.0,10,1,0,1,51,2,0,2,20,37500,0,1,4,4,2,0,0,0,1
0,1,0,80.0,10,2,0,1,51,2,0,2,20,37500,0,1,4,4,2,1,0,0,1
0,1,0,80.0,14,1,0,1,51,2,0,2,20,37500,0,1,4,4,2,1,0,0,0
0,1,0,80.0,14,1,1,1,51,2,0,2,20,37500,0,1,4,4,2,1,0,0,0
0,1,0,80.0,18,0,0,1,51,2,0,2,20,37500,0,1,4,4,2,1,0,0,1
0,1,0,55.0,14,2,1,1,51,2,0,2,20,37500,0,1,4,4,2,1,0,0,1
0,3,0,80.0,10,1,0,1,51,2,0,2,20,37500,0,1,4,4,2,0,0,0,0
0,3,0,80.0,10,4,1,1,51,2,0,2,20,37500,0,1,4,4,2,0,0,0,1
0,3,0,80.0,10,3,0,1,51,2,0,2,20,37500,0,1,4,4,2,0,0,0,0
0,3,0,80.0,10,1,0,1,51,2,0,2,20,37500,0,1,4,4,2,1,0,0,0
0,3,0,80.0,18,0,0,1,51,2,0,2,20,37500,0,1,4,4,2,0,0,0,1
0,3,0,80.0,18,3,1,1,51,2,0,2,20,37500,0,1,4,4,2,1,0,0,0
1,0,0,55.0,18,3,1,1,51,2,0,2,20,37500,0,1,4,4,2,0,0,1,0
1,0,0,55.0,18,4,1,1,51,2,0,2,20,37500,0,1,4,4,2,1,0,0,1
1,0,0,80.0,18,1,0,1,51,2,0,2,20,37500,0,1,4,4,2,0,0,0,1
2,0,0,55.0,7,1,0,1,51,2,0,2,20,37500,0,1,4,4,2,1,1,0,1
2,0,0,55.0,7,3,1,1,51,2,0,2,20,37500,0,1,4,4,2,1,1,0,0
2,0,0,80.0,7,4,1,1,51,2,0,2,20,37500,0,1,4,4,2,1,0,0,1
2,0,0,80.0,7,2,0,1,51,2,0,2,20,37500,0,1,4,4,2,0,0,1,1
2,0,0,55.0,7,0,1,1,51,2,0,2,20,37500,0,1,4,4,2,0,0,0,1
2,0,0,55.0,7,1,0,1,51,2,0,2,20,37500,0,1,4,4,2,1,0,0,0
0,0,0,55.0,14,0,1,0,46,2,0,2,8,25000,1,3,2,2,1,0,0,0,1
0,1,0,80.0,10,1,0,0,46,2,0,2,8,25000,1,3,2,2,1,0,0,0,1
0,1,0,80.0,10,2,0,0,46,2,0,2,8,25000,1,3,2,2,1,1,0,0,0
0,1,0,80.0,14,1,0,0,46,2,0,2,8,25000,1,3,2,2,1,1,0,0,1
0,1,0,80.0,14,1,1,0,46,2,0,2,8,25000,1,3,2,2,1,1,0,0,0
0,1,0,80.0,18,0,0,0,46,2,0,2,8,25000,1,3,2,2,1,1,0,0,0
0,1,0,80.0,14,2,1,0,46,2,0,2,8,25000,1,3,2,2,1,1,0,0,0
0,3,0,80.0,10,1,0,0,46,2,0,2,8,25000,1,3,2,2,1,0,0,0,1
0,3,0,80.0,10,4,1,0,46,2,0,2,8,25000,1,3,2,2,1,0,0,0,1
0,3,0,80.0,10,3,0,0,46,2,0,2,8,25000,1,3,2,2,1,0,0,0,0
0,3,0,80.0,10,1,0,0,46,2,0,2,8,25000,1,3,2,2,1,1,0,0,1
0,3,0,80.0,18,0,0,0,46,2,0,2,8,25000,1,3,2,2,1,0,0,0,1
0,3,0,80.0,18,3,1,0,46,2,0,2,8,25000,1,3,2,2,1,1,0,0,1
1,0,0,55.0,18,3,1,0,46,2,0,2,8,25000,1,3,2,2,1,0,0,1,1
1,0,0,55.0,18,4,1,0,46,2,0,2,8,25000,1,3,2,2,1,1,0,0,1
1,0,0,80.0,18,1,0,0,46,2,0,2,8,25000,1,3,2,2,1,0,0,0,1
2,0,0,55.0,7,1,0,0,46,2,0,2,8,25000,1,3,2,2,1,1,1,0,1
2,0,0,55.0,7,3,1,0,46,2,0,2,8,25000,1,3,2,2,1,1,1,0,0
2,0,0,80.0,7,4,1,0,46,2,0,2,8,25000,1,3,2,2,1,1,0,0,1
2,0,0,80.0,7,2,0,0,46,2,0,2,8,25000,1,3,2,2,1,0,0,1,1
2,0,0,55.0,7,0,1,0,46,2,0,2,8,25000,1,3,2,2,1,0,0,0,1
2,0,0,55.0,7,1,0,0,46,2,0,2,8,25000,1,3,2,2,1,1,0,0,0
0,0,0,55.0,14,0,1,1,26,1,0,3,13,37500,3,1,2,3,2,0,0,0,1
0,1,0,80.0,10,1,0,1,26,1,0,3,13,37500,3,1,2,3,2,0,0,0,0
0,1,0,80.0,10,3,1,1,26,1,0,3,13,37500,3,1,2,3,2,0,0,0,1
0,1,0,80.0,10,2,0,1,26,1,0,3,13,37500,3,1,2,3,2,1,0,0,1
0,1,0,80.0,14,1,1,1,26,1,0,3,13,37500,3,1,2,3,2,0,0,0,1
0,1,0,80.0,14,1,0,1,26,1,0,3,13,37500,3,1,2,3,2,1,0,0,1
0,1,0,80.0,14,1,1,1,26,1,0,3,13,37500,3,1,2,3,2,1,0,0,0
0,1,0,80.0,14,0,1,1,26,1,0,3,13,37500,3,1,2,3,2,1,0,0,1
0,1,0,80.0,18,1,0,1,26,1,0,3,13,37500,3,1,2,3,2,0,0,0,1
0,1,0,80.0,18,0,0,1,26,1,0,3,13,37500,3,1,2,3,2,1,0,0,1
0,1,0,55.0,14,1,0,1,26,1,0,3,13,37500,3,1,2,3,2,0,0,0,1
0,1,0,55.0,14,2,1,1,26,1,0,3,13,37500,3,1,2,3,2,1,0,0,1
0,0,0,55.0,10,1,0,1,26,1,0,3,13,37500,3,1,2,3,2,0,0,0,1
1,0,0,55.0,18,3,1,1,26,1,0,3,13,37500,3,1,2,3,2,0,0,1,1
1,0,0,55.0,18,4,1,1,26,1,0,3,13,37500,3,1,2,3,2,1,0,0,1
1,0,0,80.0,18,1,0,1,26,1,0,3,13,37500,3,1,2,3,2,0,0,0,0
2,0,0,55.0,7,1,0,1,26,1,0,3,13,37500,3,1,2,3,2,1,1,0,0
2,0,0,55.0,7,3,1,1,26,1,0,3,13,37500,3,1,2,3,2,1,1,0,1
2,0,0,80.0,7,4,1,1,26,1,0,3,13,37500,3,1,2,3,2,1,0,0,1
2,0,0,80.0,7,2,0,1,26,1,0,3,13,37500,3,1,2,3,2,0,0,1,1
2,0,0,55.0,7,0,1,1,26,1,0,3,13,37500,3,1,2,3,2,0,0,0,1
2,0,0,55.0,7,1,0,1,26,1,0,3,13,37500,3,1,2,3,2,1,0,0,1
0,0,0,55.0,14,0,1,0,16,1,0,2,2,100000,0,2,3,3,2,0,0,0,1
0,1,0,80.0,10,1,0,0,16,1,0,2,2,100000,0,2,3,3,2,0,0,0,1
0,1,0,80.0,10,3,1,0,16,1,0,2,2,100000,0,2,3,3,2,0,0,0,1
0,1,0,80.0,10,2,0,0,16,1,0,2,2,100000,0,2,3,3,2,1,0,0,1
0,1,0,80.0,14,1,1,0,16,1,0,2,2,100000,0,2,3,3,2,0,0,0,1
0,1,0,80.0,14,1,0,0,16,1,0,2,2,100000,0,2,3,3,2,1,0,0,1
0,1,0,80.0,14,1,1,0,16,1,0,2,2,100000,0,2,3,3,2,1,0,0,1
0,1,0,80.0,14,0,1,0,16,1,0,2,2,100000,0,2,3,3,2,1,0,0,1
0,1,0,80.0,18,1,0,0,16,1,0,2,2,100000,0,2,3,3,2,0,0,0,1
0,1,0,80.0,18,0,0,0,16,1,0,2,2,100000,0,2,3,3,2,1,0,0,1
0,1,0,55.0,14,1,0,0,16,1,0,2,2,100000,0,2,3,3,2,0,0,0,0
0,1,0,55.0,14,2,1,0,16,1,0,2,2,100000,0,2,3,3,2,1,0,0,1
0,0,0,80.0,10,1,0,0,16,1,0,2,2,100000,0,2,3,3,2,0,0,0,0
1,0,0,55.0,18,3,1,0,16,1,0,2,2,100000,0,2,3,3,2,0,0,1,1
1,0,0,55.0,18,4,1,0,16,1,0,2,2,100000,0,2,3,3,2,1,0,0,1
1,0,0,80.0,18,1,0,0,16,1,0,2,2,100000,0,2,3,3,2,0,0,0,0
2,0,0,55.0,7,1,0,0,16,1,0,2,2,100000,0,2,3,3,2,1,1,0,0
2,0,0,55.0,7,3,1,0,16,1,0,2,2,100000,0,2,3,3,2,1,1,0,0
2,0,0,80.0,7,4,1,0,16,1,0,2,2,100000,0,2,3,3,2,1,0,0,0
2,0,0,80.0,7,2,0,0,16,1,0,2,2,100000,0,2,3,3,2,0,0,1,0
2,0,0,55.0,7,0,1,0,16,1,0,2,2,100000,0,2,3,3,2,0,0,0,1
2,0,0,55.0,7,1,0,0,16,1,0,2,2,100000,0,2,3,3,2,1,0,0,0
0,0,0,55.0,14,0,1,0,41,2,1,2,0,25000,0,0,3,2,1,0,0,0,1
0,1,0,80.0,10,1,0,0,41,2,1,2,0,25000,0,0,3,2,1,0,0,0,0
0,1,0,80.0,10,2,0,0,41,2,1,2,0,25000,0,0,3,2,1,1,0,0,1
0,1,0,80.0,14,1,0,0,41,2,1,2,0,25000,0,0,3,2,1,1,0,0,0
0,1,0,80.0,14,1,1,0,41,2,1,2,0,25000,0,0,3,2,1,1,0,0,0
0,1,0,80.0,18,0,0,0,41,2,1,2,0,25000,0,0,3,2,1,1,0,0,1
0,1,0,55.0,14,2,1,0,41,2,1,2,0,25000,0,0,3,2,1,1,0,0,1
0,2,0,80.0,10,0,0,0,41,2,1,2,0,25000,0,0,3,2,1,1,0,0,1
0,2,0,80.0,10,2,0,0,41,2,1,2,0,25000,0,0,3,2,1,1,0,0,1
0,2,0,80.0,10,3,1,0,41,2,1,2,0,25000,0,0,3,2,1,1,0,0,0
0,2,0,80.0,14,0,1,0,41,2,1,2,0,25000,0,0,3,2,1,0,0,0,1
0,2,0,55.0,14,0,1,0,41,2,1,2,0,25000,0,0,3,2,1,1,0,0,1
0,2,0,55.0,18,1,0,0,41,2,1,2,0,25000,0,0,3,2,1,1,0,0,0
1,0,0,55.0,18,3,1,0,41,2,1,2,0,25000,0,0,3,2,1,0,0,1,0
1,0,0,55.0,18,4,1,0,41,2,1,2,0,25000,0,0,3,2,1,1,0,0,1
1,0,0,80.0,18,1,0,0,41,2,1,2,0,25000,0,0,3,2,1,0,0,0,0
2,0,0,55.0,7,1,0,0,41,2,1,2,0,25000,0,0,3,2,1,1,1,0,1
2,0,0,55.0,7,3,1,0,41,2,1,2,0,25000,0,0,3,2,1,1,1,0,0
2,0,0,80.0,7,4,1,0,41,2,1,2,0,25000,0,0,3,2,1,1,0,0,0
2,0,0,80.0,7,2,0,0,41,2,1,2,0,25000,0,0,3,2,1,0,0,1,1
2,0,0,55.0,7,0,1,0,41,2,1,2,0,25000,0,0,3,2,1,0,0,0,1
2,0,0,55.0,7,1,0,0,41,2,1,2,0,25000,0,0,3,2,1,1,0,0,0
0,0,0,55.0,14,0,1,0,41,3,1,2,20,25000,1,1,3,2,1,0,0,0,1
0,1,0,80.0,10,1,0,0,41,3,1,2,20,25000,1,1,3,2,1,0,0,0,1
0,1,0,80.0,10,2,0,0,41,3,1,2,20,25000,1,1,3,2,1,1,0,0,1
0,1,0,80.0,14,1,0,0,41,3,1,2,20,25000,1,1,3,2,1,1,0,0,1
0,1,0,80.0,14,1,1,0,41,3,1,2,20,25000,1,1,3,2,1,1,0,0,1
0,1,0,80.0,18,0,0,0,41,3,1,2,20,25000,1,1,3,2,1,1,0,0,1
0,1,0,55.0,14,2,1,0,41,3,1,2,20,25000,1,1,3,2,1,1,0,0,1
0,2,0,80.0,10,0,0,0,41,3,1,2,20,25000,1,1,3,2,1,1,0,0,1
0,2,0,80.0,10,2,0,0,41,3,1,2,20,25000,1,1,3,2,1,1,0,0,1
0,2,0,80.0,10,3,1,0,41,3,1,2,20,25000,1,1,3,2,1,1,0,0,0
0,2,0,80.0,14,0,1,0,41,3,1,2,20,25000,1,1,3,2,1,0,0,0,1
0,2,0,55.0,14,0,1,0,41,3,1,2,20,25000,1,1,3,2,1,1,0,0,1
0,2,0,55.0,18,1,0,0,41,3,1,2,20,25000,1,1,3,2,1,1,0,0,0
1,0,0,55.0,18,3,1,0,41,3,1,2,20,25000,1,1,3,2,1,0,0,1,1
1,0,0,55.0,18,4,1,0,41,3,1,2,20,25000,1,1,3,2,1,1,0,0,1
1,0,0,80.0,18,1,0,0,41,3,1,2,20,25000,1,1,3,2,1,0,0,0,0
2,0,0,55.0,7,1,0,0,41,3,1,2,20,25000,1,1,3,2,1,1,1,0,0
2,0,0,55.0,7,3,1,0,41,3,1,2,20,25000,1,1,3,2,1,1,1,0,0
2,0,0,80.0,7,4,1,0,41,3,1,2,20,25000,1,1,3,2,1,1,0,0,0
2,0,0,80.0,7,2,0,0,41,3,1,2,20,25000,1,1,3,2,1,0,0,1,1
2,0,0,55.0,7,0,1,0,41,3,1,2,20,25000,1,1,3,2,1,0,0,0,1
2,0,0,55.0,7,1,0,0,41,3,1,2,20,25000,1,1,3,2,1,1,0,0,0
0,0,0,55.0,14,0,1,0,21,0,0,5,2,25000,1,3,2,2,1,0,0,0,1
0,1,0,80.0,10,1,0,0,21,0,0,5,2,25000,1,3,2,2,1,0,0,0,1
0,1,0,80.0,10,2,0,0,21,0,0,5,2,25000,1,3,2,2,1,1,0,0,1
0,1,0,80.0,14,1,0,0,21,0,0,5,2,25000,1,3,2,2,1,1,0,0,1
0,1,0,80.0,14,1,1,0,21,0,0,5,2,25000,1,3,2,2,1,1,0,0,1
0,1,0,80.0,18,0,0,0,21,0,0,5,2,25000,1,3,2,2,1,1,0,0,1
0,1,0,55.0,14,2,1,0,21,0,0,5,2,25000,1,3,2,2,1,1,0,0,1
0,3,0,80.0,10,1,0,0,21,0,0,5,2,25000,1,3,2,2,1,0,0,0,1
0,3,0,80.0,10,4,1,0,21,0,0,5,2,25000,1,3,2,2,1,0,0,0,1
0,3,0,80.0,10,3,0,0,21,0,0,5,2,25000,1,3,2,2,1,0,0,0,1
0,3,0,80.0,10,1,0,0,21,0,0,5,2,25000,1,3,2,2,1,1,0,0,1
0,3,0,80.0,18,0,0,0,21,0,0,5,2,25000,1,3,2,2,1,0,0,0,1
0,3,0,80.0,18,3,1,0,21,0,0,5,2,25000,1,3,2,2,1,1,0,0,1
1,0,0,55.0,18,3,1,0,21,0,0,5,2,25000,1,3,2,2,1,0,0,1,0
1,0,0,55.0,18,4,1,0,21,0,0,5,2,25000,1,3,2,2,1,1,0,0,1
1,0,0,80.0,18,1,0,0,21,0,0,5,2,25000,1,3,2,2,1,0,0,0,1
2,0,0,55.0,7,1,0,0,21,0,0,5,2,25000,1,3,2,2,1,1,1,0,0
2,0,0,55.0,7,3,1,0,21,0,0,5,2,25000,1,3,2,2,1,1,1,0,1
2,0,0,80.0,7,4,1,0,21,0,0,5,2,25000,1,3,2,2,1,1,0,0,1
2,0,0,80.0,7,2,0,0,21,0,0,5,2,25000,1,3,2,2,1,0,0,1,0
2,0,0,55.0,7,0,1,0,21,0,0,5,2,25000,1,3,2,2,1,0,0,0,0
2,0,0,55.0,7,1,0,0,21,0,0,5,2,25000,1,3,2,2,1,1,0,0,0
0,0,0,55.0,14,0,1,0,21,1,0,2,2,0,4,3,3,3,2,0,0,0,1
0,1,0,80.0,10,1,0,0,21,1,0,2,2,0,4,3,3,3,2,0,0,0,1
0,1,0,80.0,10,3,1,0,21,1,0,2,2,0,4,3,3,3,2,0,0,0,1
0,1,0,80.0,10,2,0,0,21,1,0,2,2,0,4,3,3,3,2,1,0,0,1
0,1,0,80.0,14,1,1,0,21,1,0,2,2,0,4,3,3,3,2,0,0,0,1
0,1,0,80.0,14,1,0,0,21,1,0,2,2,0,4,3,3,3,2,1,0,0,0
0,1,0,80.0,14,1,1,0,21,1,0,2,2,0,4,3,3,3,2,1,0,0,1
0,1,0,80.0,14,0,1,0,21,1,0,2,2,0,4,3,3,3,2,1,0,0,1
0,1,0,80.0,18,1,0,0,21,1,0,2,2,0,4,3,3,3,2,0,0,0,1
0,1,0,80.0,18,0,0,0,21,1,0,2,2,0,4,3,3,3,2,1,0,0,1
0,1,0,55.0,14,1,0,0,21,1,0,2,2,0,4,3,3,3,2,0,0,0,1
0,1,0,55.0,14,2,1,0,21,1,0,2,2,0,4,3,3,3,2,1,0,0,1
0,0,0,55.0,10,1,0,0,21,1,0,2,2,0,4,3,3,3,2,0,0,0,1
1,0,0,55.0,18,3,1,0,21,1,0,2,2,0,4,3,3,3,2,0,0,1,1
1,0,0,55.0,18,4,1,0,21,1,0,2,2,0,4,3,3,3,2,1,0,0,0
1,0,0,80.0,18,1,0,0,21,1,0,2,2,0,4,3,3,3,2,0,0,0,1
2,0,0,55.0,7,1,0,0,21,1,0,2,2,0,4,3,3,3,2,1,1,0,1
2,0,0,55.0,7,3,1,0,21,1,0,2,2,0,4,3,3,3,2,1,1,0,1
2,0,0,80.0,7,4,1,0,21,1,0,2,2,0,4,3,3,3,2,1,0,0,0
2,0,0,80.0,7,2,0,0,21,1,0,2,2,0,4,3,3,3,2,0,0,1,0
2,0,0,55.0,7,0,1,0,21,1,0,2,2,0,4,3,3,3,2,0,0,0,1
2,0,0,55.0,7,1,0,0,21,1,0,2,2,0,4,3,3,3,2,1,0,0,0
0,0,0,55.0,14,0,1,1,21,1,0,4,8,50000,4,2,2,3,1,0,0,0,1
0,1,0,80.0,10,1,0,1,21,1,0,4,8,50000,4,2,2,3,1,0,0,0,1
0,1,0,80.0,10,3,1,1,21,1,0,4,8,50000,4,2,2,3,1,0,0,0,1
0,1,0,80.0,10,2,0,1,21,1,0,4,8,50000,4,2,2,3,1,1,0,0,0
0,1,0,80.0,14,1,1,1,21,1,0,4,8,50000,4,2,2,3,1,0,0,0,1
0,1,0,80.0,14,1,0,1,21,1,0,4,8,50000,4,2,2,3,1,1,0,0,0
0,1,0,80.0,14,1,1,1,21,1,0,4,8,50000,4,2,2,3,1,1,0,0,1
0,1,0,80.0,14,0,1,1,21,1,0,4,8,50000,4,2,2,3,1,1,0,0,1
0,1,0,80.0,18,1,0,1,21,1,0,4,8,50000,4,2,2,3,1,0,0,0,0
0,1,0,80.0,18,0,0,1,21,1,0,4,8,50000,4,2,2,3,1,1,0,0,1
0,1,0,55.0,14,1,0,1,21,1,0,4,8,50000,4,2,2,3,1,0,0,0,0
0,1,0,55.0,14,2,1,1,21,1,0,4,8,50000,4,2,2,3,1,1,0,0,1
0,0,0,55.0,10,1,0,1,21,1,0,4,8,50000,4,2,2,3,1,0,0,0,1
1,0,0,55.0,18,3,1,1,21,1,0,4,8,50000,4,2,2,3,1,0,0,1,1
1,0,0,55.0,18,4,1,1,21,1,0,4,8,50000,4,2,2,3,1,1,0,0,0
1,0,0,80.0,18,1,0,1,21,1,0,4,8,50000,4,2,2,3,1,0,0,0,0
2,0,0,55.0,7,1,0,1,21,1,0,4,8,50000,4,2,2,3,1,1,1,0,1
2,0,0,55.0,7,3,1,1,21,1,0,4,8,50000,4,2,2,3,1,1,1,0,1
2,0,0,80.0,7,4,1,1,21,1,0,4,8,50000,4,2,2,3,1,1,0,0,1
2,0,0,80.0,7,2,0,1,21,1,0,4,8,50000,4,2,2,3,1,0,0,1,1
2,0,0,55.0,7,0,1,1,21,1,0,4,8,50000,4,2,2,3,1,0,0,0,1
2,0,0,55.0,7,1,0,1,21,1,0,4,8,50000,4,2,2,3,1,1,0,0,0
0,0,0,55.0,14,0,1,1,41,2,0,5,7,100000,1,3,4,4,2,0,0,0,1
0,1,0,80.0,10,1,0,1,41,2,0,5,7,100000,1,3,4,4,2,0,0,0,1
0,1,0,80.0,10,2,0,1,41,2,0,5,7,100000,1,3,4,4,2,1,0,0,0
0,1,0,80.0,14,1,0,1,41,2,0,5,7,100000,1,3,4,4,2,1,0,0,1
0,1,0,80.0,14,1,1,1,41,2,0,5,7,100000,1,3,4,4,2,1,0,0,1
0,1,0,80.0,18,0,0,1,41,2,0,5,7,100000,1,3,4,4,2,1,0,0,1
0,1,0,55.0,14,2,1,1,41,2,0,5,7,100000,1,3,4,4,2,1,0,0,1
0,3,0,80.0,10,1,0,1,41,2,0,5,7,100000,1,3,4,4,2,0,0,0,1
0,3,0,80.0,10,4,1,1,41,2,0,5,7,100000,1,3,4,4,2,0,0,0,1
0,3,0,80.0,10,3,0,1,41,2,0,5,7,100000,1,3,4,4,2,0,0,0,0
0,3,0,80.0,10,1,0,1,41,2,0,5,7,100000,1,3,4,4,2,1,0,0,1
0,3,0,80.0,18,0,0,1,41,2,0,5,7,100000,1,3,4,4,2,0,0,0,1
0,3,0,80.0,18,3,1,1,41,2,0,5,7,100000,1,3,4,4,2,1,0,0,1
1,0,0,55.0,18,3,1,1,41,2,0,5,7,100000,1,3,4,4,2,0,0,1,1
1,0,0,55.0,18,4,1,1,41,2,0,5,7,100000,1,3,4,4,2,1,0,0,1
1,0,0,80.0,18,1,0,1,41,2,0,5,7,100000,1,3,4,4,2,0,0,0,0
2,0,0,55.0,7,1,0,1,41,2,0,5,7,100000,1,3,4,4,2,1,1,0,1
2,0,0,55.0,7,3,1,1,41,2,0,5,7,100000,1,3,4,4,2,1,1,0,1
2,0,0,80.0,7,4,1,1,41,2,0,5,7,100000,1,3,4,4,2,1,0,0,1
2,0,0,80.0,7,2,0,1,41,2,0,5,7,100000,1,3,4,4,2,0,0,1,1
2,0,0,55.0,7,0,1,1,41,2,0,5,7,100000,1,3,4,4,2,0,0,0,1
2,0,0,55.0,7,1,0,1,41,2,0,5,7,100000,1,3,4,4,2,1,0,0,0
0,0,0,55.0,14,0,1,0,26,1,0,4,16,87500,0,1,1,2,1,0,0,0,1
0,1,0,80.0,10,1,0,0,26,1,0,4,16,87500,0,1,1,2,1,0,0,0,0
0,1,0,80.0,10,3,1,0,26,1,0,4,16,87500,0,1,1,2,1,0,0,0,0
0,1,0,80.0,10,2,0,0,26,1,0,4,16,87500,0,1,1,2,1,1,0,0,0
0,1,0,80.0,14,1,1,0,26,1,0,4,16,87500,0,1,1,2,1,0,0,0,1
0,1,0,80.0,14,1,0,0,26,1,0,4,16,87500,0,1,1,2,1,1,0,0,0
0,1,0,80.0,14,1,1,0,26,1,0,4,16,87500,0,1,1,2,1,1,0,0,0
0,1,0,80.0,14,0,1,0,26,1,0,4,16,87500,0,1,1,2,1,1,0,0,0
0,1,0,80.0,18,1,0,0,26,1,0,4,16,87500,0,1,1,2,1,0,0,0,0
0,1,0,80.0,18,0,0,0,26,1,0,4,16,87500,0,1,1,2,1,1,0,0,1
0,1,0,55.0,14,1,0,0,26,1,0,4,16,87500,0,1,1,2,1,0,0,0,0
0,1,0,55.0,14,2,1,0,26,1,0,4,16,87500,0,1,1,2,1,1,0,0,1
0,0,0,55.0,10,1,0,0,26,1,0,4,16,87500,0,1,1,2,1,0,0,0,0
1,0,0,55.0,18,3,1,0,26,1,0,4,16,87500,0,1,1,2,1,0,0,1,0
1,0,0,55.0,18,4,1,0,26,1,0,4,16,87500,0,1,1,2,1,1,0,0,0
1,0,0,80.0,18,1,0,0,26,1,0,4,16,87500,0,1,1,2,1,0,0,0,0
2,0,0,55.0,7,1,0,0,26,1,0,4,16,87500,0,1,1,2,1,1,1,0,0
2,0,0,55.0,7,3,1,0,26,1,0,4,16,87500,0,1,1,2,1,1,1,0,0
2,0,0,80.0,7,4,1,0,26,1,0,4,16,87500,0,1,1,2,1,1,0,0,0
2,0,0,80.0,7,2,0,0,26,1,0,4,16,87500,0,1,1,2,1,0,0,1,1
2,0,0,55.0,7,0,1,0,26,1,0,4,16,87500,0,1,1,2,1,0,0,0,1
2,0,0,55.0,7,1,0,0,26,1,0,4,16,87500,0,1,1,2,1,1,0,0,0
0,0,0,55.0,14,0,1,1,21,1,0,4,2,62500,3,3,2,2,1,0,0,0,1
0,1,0,80.0,10,1,0,1,21,1,0,4,2,62500,3,3,2,2,1,0,0,0,1
0,1,0,80.0,10,3,1,1,21,1,0,4,2,62500,3,3,2,2,1,0,0,0,1
0,1,0,80.0,10,2,0,1,21,1,0,4,2,62500,3,3,2,2,1,1,0,0,1
0,1,0,80.0,14,1,1,1,21,1,0,4,2,62500,3,3,2,2,1,0,0,0,1
0,1,0,80.0,14,1,0,1,21,1,0,4,2,62500,3,3,2,2,1,1,0,0,1
0,1,0,80.0,14,1,1,1,21,1,0,4,2,62500,3,3,2,2,1,1,0,0,1
0,1,0,80.0,14,0,1,1,21,1,0,4,2,62500,3,3,2,2,1,1,0,0,1
0,1,0,80.0,18,1,0,1,21,1,0,4,2,62500,3,3,2,2,1,0,0,0,1
0,1,0,80.0,18,0,0,1,21,1,0,4,2,62500,3,3,2,2,1,1,0,0,1
0,1,0,55.0,14,1,0,1,21,1,0,4,2,62500,3,3,2,2,1,0,0,0,1
0,1,0,55.0,14,2,1,1,21,1,0,4,2,62500,3,3,2,2,1,1,0,0,1
0,0,0,55.0,10,1,0,1,21,1,0,4,2,62500,3,3,2,2,1,0,0,0,1
1,0,0,55.0,18,3,1,1,21,1,0,4,2,62500,3,3,2,2,1,0,0,1,1
1,0,0,55.0,18,4,1,1,21,1,0,4,2,62500,3,3,2,2,1,1,0,0,1
1,0,0,80.0,18,1,0,1,21,1,0,4,2,62500,3,3,2,2,1,0,0,0,1
2,0,0,55.0,7,1,0,1,21,1,0,4,2,62500,3,3,2,2,1,1,1,0,1
2,0,0,55.0,7,3,1,1,21,1,0,4,2,62500,3,3,2,2,1,1,1,0,1
2,0,0,80.0,7,4,1,1,21,1,0,4,2,62500,3,3,2,2,1,1,0,0,1
2,0,0,80.0,7,2,0,1,21,1,0,4,2,62500,3,3,2,2,1,0,0,1,1
2,0,0,55.0,7,0,1,1,21,1,0,4,2,62500,3,3,2,2,1,0,0,0,1
2,0,0,55.0,7,1,0,1,21,1,0,4,2,62500,3,3,2,2,1,1,0,0,0
0,0,0,55.0,14,0,1,0,31,2,1,4,6,12500,1,2,2,2,1,0,0,0,1
0,1,0,80.0,10,1,0,0,31,2,1,4,6,12500,1,2,2,2,1,0,0,0,1
0,1,0,80.0,10,2,0,0,31,2,1,4,6,12500,1,2,2,2,1,1,0,0,1
0,1,0,80.0,14,1,0,0,31,2,1,4,6,12500,1,2,2,2,1,1,0,0,1
0,1,0,80.0,14,1,1,0,31,2,1,4,6,12500,1,2,2,2,1,1,0,0,1
0,1,0,80.0,18,0,0,0,31,2,1,4,6,12500,1,2,2,2,1,1,0,0,1
0,1,0,55.0,14,2,1,0,31,2,1,4,6,12500,1,2,2,2,1,1,0,0,1
0,2,0,80.0,10,0,0,0,31,2,1,4,6,12500,1,2,2,2,1,1,0,0,1
0,2,0,80.0,10,2,0,0,31,2,1,4,6,12500,1,2,2,2,1,1,0,0,1
0,2,0,80.0,10,3,1,0,31,2,1,4,6,12500,1,2,2,2,1,1,0,0,0
0,2,0,80.0,14,0,1,0,31,2,1,4,6,12500,1,2,2,2,1,0,0,0,1
0,2,0,55.0,14,0,1,0,31,2,1,4,6,12500,1,2,2,2,1,1,0,0,1
0,2,0,55.0,18,1,0,0,31,2,1,4,6,12500,1,2,2,2,1,1,0,0,1
1,0,0,55.0,18,3,1,0,31,2,1,4,6,12500,1,2,2,2,1,0,0,1,1
1,0,0,80.0,18,4,1,0,31,2,1,4,6,12500,1,2,2,2,1,1,0,0,1
1,0,0,80.0,18,1,0,0,31,2,1,4,6,12500,1,2,2,2,1,0,0,0,1
2,0,0,55.0,7,1,0,0,31,2,1,4,6,12500,1,2,2,2,1,1,1,0,0
2,0,0,55.0,7,3,1,0,31,2,1,4,6,12500,1,2,2,2,1,1,1,0,0
2,0,0,80.0,7,4,1,0,31,2,1,4,6,12500,1,2,2,2,1,1,0,0,1
2,0,0,80.0,7,2,0,0,31,2,1,4,6,12500,1,2,2,2,1,0,0,1,0
2,0,0,55.0,7,0,1,0,31,2,1,4,6,12500,1,2,2,2,1,0,0,0,1
2,0,0,55.0,7,1,0,0,31,2,1,4,6,12500,1,2,2,2,1,1,0,0,1
0,0,0,55.0,14,0,1,1,26,2,0,4,10,37500,1,2,2,2,1,0,0,0,1
0,1,0,80.0,10,1,0,1,26,2,0,4,10,37500,1,2,2,2,1,0,0,0,1
0,1,0,80.0,10,2,0,1,26,2,0,4,10,37500,1,2,2,2,1,1,0,0,0
0,1,0,80.0,14,1,0,1,26,2,0,4,10,37500,1,2,2,2,1,1,0,0,0
0,1,0,80.0,14,1,1,1,26,2,0,4,10,37500,1,2,2,2,1,1,0,0,0
0,1,0,80.0,18,0,0,1,26,2,0,4,10,37500,1,2,2,2,1,1,0,0,1
0,1,0,55.0,14,2,1,1,26,2,0,4,10,37500,1,2,2,2,1,1,0,0,1
0,3,0,80.0,10,1,0,1,26,2,0,4,10,37500,1,2,2,2,1,0,0,0,1
0,3,0,80.0,10,4,1,1,26,2,0,4,10,37500,1,2,2,2,1,0,0,0,1
0,3,0,80.0,10,3,0,1,26,2,0,4,10,37500,1,2,2,2,1,0,0,0,0
0,3,0,80.0,10,1,0,1,26,2,0,4,10,37500,1,2,2,2,1,1,0,0,1
0,3,0,80.0,18,0,0,1,26,2,0,4,10,37500,1,2,2,2,1,0,0,0,1
0,3,0,80.0,18,3,1,1,26,2,0,4,10,37500,1,2,2,2,1,1,0,0,1
1,0,0,55.0,18,3,1,1,26,2,0,4,10,37500,1,2,2,2,1,0,0,1,0
1,0,0,55.0,18,4,1,1,26,2,0,4,10,37500,1,2,2,2,1,1,0,0,1
1,0,0,80.0,18,1,0,1,26,2,0,4,10,37500,1,2,2,2,1,0,0,0,1
2,0,0,55.0,7,1,0,1,26,2,0,4,10,37500,1,2,2,2,1,1,1,0,1
2,0,0,55.0,7,3,1,1,26,2,0,4,10,37500,1,2,2,2,1,1,1,0,1
2,0,0,80.0,7,4,1,1,26,2,0,4,10,37500,1,2,2,2,1,1,0,0,1
2,0,0,80.0,7,2,0,1,26,2,0,4,10,37500,1,2,2,2,1,0,0,1,1
2,0,0,55.0,7,0,1,1,26,2,0,4,10,37500,1,2,2,2,1,0,0,0,1
2,0,0,55.0,7,1,0,1,26,2,0,4,10,37500,1,2,2,2,1,1,0,0,0
0,0,0,55.0,14,0,1,0,26,0,0,1,19,12500,0,2,1,2,0,0,0,0,1
0,1,0,80.0,10,1,0,0,26,0,0,1,19,12500,0,2,1,2,0,0,0,0,1
0,1,0,80.0,10,2,0,0,26,0,0,1,19,12500,0,2,1,2,0,1,0,0,1
0,1,0,80.0,14,1,0,0,26,0,0,1,19,12500,0,2,1,2,0,1,0,0,1
0,1,0,80.0,14,1,1,0,26,0,0,1,19,12500,0,2,1,2,0,1,0,0,1
0,1,0,80.0,18,0,0,0,26,0,0,1,19,12500,0,2,1,2,0,1,0,0,1
0,1,0,55.0,14,2,1,0,26,0,0,1,19,12500,0,2,1,2,0,1,0,0,1
0,3,0,80.0,10,1,0,0,26,0,0,1,19,12500,0,2,1,2,0,0,0,0,1
0,3,0,80.0,10,4,1,0,26,0,0,1,19,12500,0,2,1,2,0,0,0,0,1
0,3,0,80.0,10,3,0,0,26,0,0,1,19,12500,0,2,1,2,0,0,0,0,1
0,3,0,80.0,10,1,0,0,26,0,0,1,19,12500,0,2,1,2,0,1,0,0,1
0,3,0,80.0,18,0,0,0,26,0,0,1,19,12500,0,2,1,2,0,0,0,0,1
0,3,0,80.0,18,3,1,0,26,0,0,1,19,12500,0,2,1,2,0,1,0,0,1
1,0,0,55.0,18,3,1,0,26,0,0,1,19,12500,0,2,1,2,0,0,0,1,0
1,0,0,55.0,18,4,1,0,26,0,0,1,19,12500,0,2,1,2,0,1,0,0,1
1,0,0,80.0,18,1,0,0,26,0,0,1,19,12500,0,2,1,2,0,0,0,0,1
2,0,0,55.0,7,1,0,0,26,0,0,1,19,12500,0,2,1,2,0,1,1,0,0
2,0,0,55.0,7,3,1,0,26,0,0,1,19,12500,0,2,1,2,0,1,1,0,0
2,0,0,80.0,7,4,1,0,26,0,0,1,19,12500,0,2,1,2,0,1,0,0,1
2,0,0,80.0,7,2,0,0,26,0,0,1,19,12500,0,2,1,2,0,0,0,1,1
2,0,0,80.0,7,0,1,0,26,0,0,1,19,12500,0,2,1,2,0,0,0,0,0
2,0,0,55.0,7,1,0,0,26,0,0,1,19,12500,0,2,1,2,0,1,0,0,0
0,0,0,55.0,14,0,1,0,51,1,0,4,6,25000,0,1,2,2,2,0,0,0,1
0,1,0,80.0,10,1,0,0,51,1,0,4,6,25000,0,1,2,2,2,0,0,0,1
0,1,0,80.0,10,3,1,0,51,1,0,4,6,25000,0,1,2,2,2,0,0,0,0
0,1,0,80.0,10,2,0,0,51,1,0,4,6,25000,0,1,2,2,2,1,0,0,1
0,1,0,80.0,14,1,1,0,51,1,0,4,6,25000,0,1,2,2,2,0,0,0,0
0,1,0,80.0,14,1,0,0,51,1,0,4,6,25000,0,1,2,2,2,1,0,0,1
0,1,0,80.0,14,1,1,0,51,1,0,4,6,25000,0,1,2,2,2,1,0,0,0
0,1,0,80.0,14,0,1,0,51,1,0,4,6,25000,0,1,2,2,2,1,0,0,1
0,1,0,80.0,18,1,0,0,51,1,0,4,6,25000,0,1,2,2,2,0,0,0,0
0,1,0,80.0,18,0,0,0,51,1,0,4,6,25000,0,1,2,2,2,1,0,0,1
0,1,0,55.0,14,1,0,0,51,1,0,4,6,25000,0,1,2,2,2,0,0,0,0
0,1,0,55.0,14,2,1,0,51,1,0,4,6,25000,0,1,2,2,2,1,0,0,1
0,0,0,55.0,10,1,0,0,51,1,0,4,6,25000,0,1,2,2,2,0,0,0,1
1,0,0,55.0,18,3,1,0,51,1,0,4,6,25000,0,1,2,2,2,0,0,1,1
1,0,0,55.0,18,4,1,0,51,1,0,4,6,25000,0,1,2,2,2,1,0,0,1
1,0,0,80.0,18,1,0,0,51,1,0,4,6,25000,0,1,2,2,2,0,0,0,1
2,0,0,55.0,7,1,0,0,51,1,0,4,6,25000,0,1,2,2,2,1,1,0,0
2,0,0,55.0,7,3,1,0,51,1,0,4,6,25000,0,1,2,2,2,1,1,0,0
2,0,0,80.0,7,4,1,0,51,1,0,4,6,25000,0,1,2,2,2,1,0,0,1
2,0,0,80.0,7,2,0,0,51,1,0,4,6,25000,0,1,2,2,2,0,0,1,1
2,0,0,55.0,7,0,1,0,51,1,0,4,6,25000,0,1,2,2,2,0,0,0,1
2,0,0,55.0,7,1,0,0,51,1,0,4,6,25000,0,1,2,2,2,1,0,0,0
0,0,0,55.0,14,0,1,0,26,0,0,2,21,25000,1,1,2,1,2,0,0,0,1
0,1,0,80.0,10,1,0,0,26,0,0,2,21,25000,1,1,2,1,2,0,0,0,1
0,1,0,80.0,10,2,0,0,26,0,0,2,21,25000,1,1,2,1,2,1,0,0,1
0,1,0,80.0,14,1,0,0,26,0,0,2,21,25000,1,1,2,1,2,1,0,0,1
0,1,0,80.0,14,1,1,0,26,0,0,2,21,25000,1,1,2,1,2,1,0,0,1
0,1,0,80.0,18,0,0,0,26,0,0,2,21,25000,1,1,2,1,2,1,0,0,1
0,1,0,55.0,14,2,1,0,26,0,0,2,21,25000,1,1,2,1,2,1,0,0,1
0,3,0,80.0,10,1,0,0,26,0,0,2,21,25000,1,1,2,1,2,0,0,0,1
0,3,0,80.0,10,4,1,0,26,0,0,2,21,25000,1,1,2,1,2,0,0,0,1
0,3,0,80.0,10,3,0,0,26,0,0,2,21,25000,1,1,2,1,2,0,0,0,0
0,3,0,80.0,10,1,0,0,26,0,0,2,21,25000,1,1,2,1,2,1,0,0,1
0,3,0,80.0,18,0,0,0,26,0,0,2,21,25000,1,1,2,1,2,0,0,0,1
0,3,0,80.0,18,3,1,0,26,0,0,2,21,25000,1,1,2,1,2,1,0,0,1
1,0,0,55.0,18,3,1,0,26,0,0,2,21,25000,1,1,2,1,2,0,0,1,1
1,0,0,55.0,18,4,1,0,26,0,0,2,21,25000,1,1,2,1,2,1,0,0,0
1,0,0,80.0,18,1,0,0,26,0,0,2,21,25000,1,1,2,1,2,0,0,0,1
2,0,0,55.0,7,1,0,0,26,0,0,2,21,25000,1,1,2,1,2,1,1,0,1
2,0,0,55.0,7,3,1,0,26,0,0,2,21,25000,1,1,2,1,2,1,1,0,1
2,0,0,80.0,7,4,1,0,26,0,0,2,21,25000,1,1,2,1,2,1,0,0,0
2,0,0,80.0,7,2,0,0,26,0,0,2,21,25000,1,1,2,1,2,0,0,1,1
2,0,0,55.0,7,0,1,0,26,0,0,2,21,25000,1,1,2,1,2,0,0,0,1
2,0,0,55.0,7,1,0,0,26,0,0,2,21,25000,1,1,2,1,2,1,0,0,0
0,0,0,55.0,14,0,1,0,41,2,1,4,7,62500,2,3,3,3,2,0,0,0,1
0,1,0,80.0,10,1,0,0,41,2,1,4,7,62500,2,3,3,3,2,0,0,0,1
0,1,0,80.0,10,2,0,0,41,2,1,4,7,62500,2,3,3,3,2,1,0,0,1
0,1,0,80.0,14,1,0,0,41,2,1,4,7,62500,2,3,3,3,2,1,0,0,0
0,1,0,80.0,14,1,1,0,41,2,1,4,7,62500,2,3,3,3,2,1,0,0,1
0,1,0,80.0,18,0,0,0,41,2,1,4,7,62500,2,3,3,3,2,1,0,0,1
0,1,0,55.0,14,2,1,0,41,2,1,4,7,62500,2,3,3,3,2,1,0,0,1
0,2,0,80.0,10,0,0,0,41,2,1,4,7,62500,2,3,3,3,2,1,0,0,1
0,2,0,80.0,10,2,0,0,41,2,1,4,7,62500,2,3,3,3,2,1,0,0,1
0,2,0,80.0,10,3,1,0,41,2,1,4,7,62500,2,3,3,3,2,1,0,0,0
0,2,0,80.0,14,0,1,0,41,2,1,4,7,62500,2,3,3,3,2,0,0,0,1
0,2,0,55.0,14,0,1,0,41,2,1,4,7,62500,2,3,3,3,2,1,0,0,1
0,2,0,55.0,18,1,0,0,41,2,1,4,7,62500,2,3,3,3,2,1,0,0,0
1,0,0,55.0,18,3,1,0,41,2,1,4,7,62500,2,3,3,3,2,0,0,1,1
1,0,0,55.0,18,4,1,0,41,2,1,4,7,62500,2,3,3,3,2,1,0,0,0
1,0,0,80.0,18,1,0,0,41,2,1,4,7,62500,2,3,3,3,2,0,0,0,1
2,0,0,55.0,7,1,0,0,41,2,1,4,7,62500,2,3,3,3,2,1,1,0,0
2,0,0,55.0,7,3,1,0,41,2,1,4,7,62500,2,3,3,3,2,1,1,0,1
2,0,0,80.0,7,4,1,0,41,2,1,4,7,62500,2,3,3,3,2,1,0,0,0
2,0,0,80.0,7,2,0,0,41,2,1,4,7,62500,2,3,3,3,2,0,0,1,1
2,0,0,55.0,7,0,1,0,41,2,1,4,7,62500,2,3,3,3,2,0,0,0,0
2,0,0,55.0,7,1,0,0,41,2,1,4,7,62500,2,3,3,3,2,1,0,0,0
0,0,0,55.0,14,0,1,0,26,1,0,2,21,25000,2,2,2,2,1,0,0,0,1
0,1,0,80.0,10,1,0,0,26,1,0,2,21,25000,2,2,2,2,1,0,0,0,1
0,1,0,80.0,10,3,1,0,26,1,0,2,21,25000,2,2,2,2,1,0,0,0,1
0,1,0,80.0,10,2,0,0,26,1,0,2,21,25000,2,2,2,2,1,1,0,0,1
0,1,0,80.0,14,1,1,0,26,1,0,2,21,25000,2,2,2,2,1,0,0,0,1
0,1,0,80.0,14,1,0,0,26,1,0,2,21,25000,2,2,2,2,1,1,0,0,0
0,1,0,80.0,14,1,1,0,26,1,0,2,21,25000,2,2,2,2,1,1,0,0,1
0,1,0,80.0,14,0,1,0,26,1,0,2,21,25000,2,2,2,2,1,1,0,0,1
0,1,0,80.0,18,1,0,0,26,1,0,2,21,25000,2,2,2,2,1,0,0,0,1
0,1,0,80.0,18,0,0,0,26,1,0,2,21,25000,2,2,2,2,1,1,0,0,1
0,1,0,55.0,14,1,0,0,26,1,0,2,21,25000,2,2,2,2,1,0,0,0,1
0,1,0,55.0,14,2,1,0,26,1,0,2,21,25000,2,2,2,2,1,1,0,0,1
0,0,0,55.0,10,1,0,0,26,1,0,2,21,25000,2,2,2,2,1,0,0,0,1
1,0,0,55.0,18,3,1,0,26,1,0,2,21,25000,2,2,2,2,1,0,0,1,1
1,0,0,55.0,18,4,1,0,26,1,0,2,21,25000,2,2,2,2,1,1,0,0,0
1,0,0,80.0,18,1,0,0,26,1,0,2,21,25000,2,2,2,2,1,0,0,0,0
2,0,0,55.0,7,1,0,0,26,1,0,2,21,25000,2,2,2,2,1,1,1,0,1
2,0,0,55.0,7,3,1,0,26,1,0,2,21,25000,2,2,2,2,1,1,1,0,1
2,0,0,80.0,7,4,1,0,26,1,0,2,21,25000,2,2,2,2,1,1,0,0,1
2,0,0,80.0,7,2,0,0,26,1,0,2,21,25000,2,2,2,2,1,0,0,1,0
2,0,0,55.0,7,0,1,0,26,1,0,2,21,25000,2,2,2,2,1,0,0,0,1
2,0,0,55.0,7,1,0,0,26,1,0,2,21,25000,2,2,2,2,1,1,0,0,0
0,0,0,55.0,14,0,1,1,21,2,0,2,3,25000,0,0,2,2,1,0,0,0,0
0,1,0,80.0,10,1,0,1,21,2,0,2,3,25000,0,0,2,2,1,0,0,0,0
0,1,0,80.0,10,2,0,1,21,2,0,2,3,25000,0,0,2,2,1,1,0,0,0
0,1,0,80.0,14,1,0,1,21,2,0,2,3,25000,0,0,2,2,1,1,0,0,0
0,1,0,80.0,14,1,1,1,21,2,0,2,3,25000,0,0,2,2,1,1,0,0,0
0,1,0,80.0,18,0,0,1,21,2,0,2,3,25000,0,0,2,2,1,1,0,0,0
0,1,0,55.0,14,2,1,1,21,2,0,2,3,25000,0,0,2,2,1,1,0,0,0
0,3,0,80.0,10,1,0,1,21,2,0,2,3,25000,0,0,2,2,1,0,0,0,0
0,3,0,80.0,10,4,1,1,21,2,0,2,3,25000,0,0,2,2,1,0,0,0,0
0,3,0,80.0,10,3,0,1,21,2,0,2,3,25000,0,0,2,2,1,0,0,0,0
0,3,0,80.0,10,1,0,1,21,2,0,2,3,25000,0,0,2,2,1,1,0,0,0
0,3,0,80.0,18,0,0,1,21,2,0,2,3,25000,0,0,2,2,1,0,0,0,0
0,3,0,80.0,18,3,1,1,21,2,0,2,3,25000,0,0,2,2,1,1,0,0,0
1,0,0,55.0,18,3,1,1,21,2,0,2,3,25000,0,0,2,2,1,0,0,1,0
1,0,0,55.0,18,4,1,1,21,2,0,2,3,25000,0,0,2,2,1,1,0,0,0
1,0,0,80.0,18,1,0,1,21,2,0,2,3,25000,0,0,2,2,1,0,0,0,0
2,0,0,55.0,7,1,0,1,21,2,0,2,3,25000,0,0,2,2,1,1,1,0,0
2,0,0,55.0,7,3,1,1,21,2,0,2,3,25000,0,0,2,2,1,1,1,0,0
2,0,0,80.0,7,4,1,1,21,2,0,2,3,25000,0,0,2,2,1,1,0,0,0
2,0,0,80.0,7,2,0,1,21,2,0,2,3,25000,0,0,2,2,1,0,0,1,0
2,0,0,55.0,7,0,1,1,21,2,0,2,3,25000,0,0,2,2,1,0,0,0,0
2,0,0,55.0,7,1,0,1,21,2,0,2,3,25000,0,0,2,2,1,1,0,0,0
0,0,0,55.0,14,0,1,0,51,2,1,3,8,25000,0,0,1,2,0,0,0,0,1
0,1,0,80.0,10,1,0,0,51,2,1,3,8,25000,0,0,1,2,0,0,0,0,0
0,1,0,80.0,10,2,0,0,51,2,1,3,8,25000,0,0,1,2,0,1,0,0,1
0,1,0,80.0,14,1,0,0,51,2,1,3,8,25000,0,0,1,2,0,1,0,0,1
0,1,0,80.0,14,1,1,0,51,2,1,3,8,25000,0,0,1,2,0,1,0,0,0
0,1,0,80.0,18,0,0,0,51,2,1,3,8,25000,0,0,1,2,0,1,0,0,0
0,1,0,55.0,14,2,1,0,51,2,1,3,8,25000,0,0,1,2,0,1,0,0,1
0,2,0,80.0,10,0,0,0,51,2,1,3,8,25000,0,0,1,2,0,1,0,0,0
0,2,0,80.0,10,2,0,0,51,2,1,3,8,25000,0,0,1,2,0,1,0,0,1
0,2,0,80.0,10,3,1,0,51,2,1,3,8,25000,0,0,1,2,0,1,0,0,0
0,2,0,80.0,14,0,1,0,51,2,1,3,8,25000,0,0,1,2,0,0,0,0,1
0,2,0,55.0,14,0,1,0,51,2,1,3,8,25000,0,0,1,2,0,1,0,0,0
0,2,0,55.0,18,1,0,0,51,2,1,3,8,25000,0,0,1,2,0,1,0,0,0
1,0,0,55.0,18,3,1,0,51,2,1,3,8,25000,0,0,1,2,0,0,0,1,0
1,0,0,55.0,18,4,1,0,51,2,1,3,8,25000,0,0,1,2,0,1,0,0,0
1,0,0,80.0,18,1,0,0,51,2,1,3,8,25000,0,0,1,2,0,0,0,0,0
2,0,0,55.0,7,1,0,0,51,2,1,3,8,25000,0,0,1,2,0,1,1,0,0
2,0,0,55.0,7,3,1,0,51,2,1,3,8,25000,0,0,1,2,0,1,1,0,0
2,0,0,80.0,7,4,1,0,51,2,1,3,8,25000,0,0,1,2,0,1,0,0,0
2,0,0,80.0,7,2,0,0,51,2,1,3,8,25000,0,0,1,2,0,0,0,1,1
2,0,0,55.0,7,0,1,0,51,2,1,3,8,25000,0,0,1,2,0,0,0,0,1
2,0,0,55.0,7,1,0,0,51,2,1,3,8,25000,0,0,1,2,0,1,0,0,0
0,0,0,55.0,14,0,1,0,21,1,0,2,6,12500,0,3,3,3,0,0,0,0,0
0,1,0,80.0,10,1,0,0,21,1,0,2,6,12500,0,3,3,3,0,0,0,0,0
0,1,0,80.0,10,3,1,0,21,1,0,2,6,12500,0,3,3,3,0,0,0,0,0
0,1,0,80.0,10,2,0,0,21,1,0,2,6,12500,0,3,3,3,0,1,0,0,0
0,1,0,80.0,14,1,1,0,21,1,0,2,6,12500,0,3,3,3,0,0,0,0,0
0,1,0,80.0,14,1,0,0,21,1,0,2,6,12500,0,3,3,3,0,1,0,0,0
0,1,0,80.0,14,1,1,0,21,1,0,2,6,12500,0,3,3,3,0,1,0,0,0
0,1,0,80.0,14,0,1,0,21,1,0,2,6,12500,0,3,3,3,0,1,0,0,0
0,1,0,80.0,18,1,0,0,21,1,0,2,6,12500,0,3,3,3,0,0,0,0,0
0,1,0,80.0,18,0,0,0,21,1,0,2,6,12500,0,3,3,3,0,1,0,0,0
0,1,0,55.0,14,1,0,0,21,1,0,2,6,12500,0,3,3,3,0,0,0,0,0
0,1,0,55.0,14,2,1,0,21,1,0,2,6,12500,0,3,3,3,0,1,0,0,1
0,0,0,55.0,10,1,0,0,21,1,0,2,6,12500,0,3,3,3,0,0,0,0,0
1,0,0,55.0,18,3,1,0,21,1,0,2,6,12500,0,3,3,3,0,0,0,1,1
1,0,0,55.0,18,4,1,0,21,1,0,2,6,12500,0,3,3,3,0,1,0,0,1
1,0,0,80.0,18,1,0,0,21,1,0,2,6,12500,0,3,3,3,0,0,0,0,0
2,0,0,80.0,7,1,0,0,21,1,0,2,6,12500,0,3,3,3,0,1,1,0,0
2,0,0,55.0,7,3,1,0,21,1,0,2,6,12500,0,3,3,3,0,1,1,0,1
2,0,0,80.0,7,4,1,0,21,1,0,2,6,12500,0,3,3,3,0,1,0,0,0
2,0,0,80.0,7,2,0,0,21,1,0,2,6,12500,0,3,3,3,0,0,0,1,1
2,0,0,55.0,7,0,1,0,21,1,0,2,6,12500,0,3,3,3,0,0,0,0,1
2,0,0,55.0,7,1,0,0,21,1,0,2,6,12500,0,3,3,3,0,1,0,0,0
0,0,0,55.0,14,0,1,0,26,2,0,4,5,100000,0,2,2,3,1,0,0,0,1
0,1,0,80.0,10,1,0,0,26,2,0,4,5,100000,0,2,2,3,1,0,0,0,1
0,1,0,80.0,10,2,0,0,26,2,0,4,5,100000,0,2,2,3,1,1,0,0,0
0,1,0,80.0,14,1,0,0,26,2,0,4,5,100000,0,2,2,3,1,1,0,0,1
0,1,0,80.0,14,1,1,0,26,2,0,4,5,100000,0,2,2,3,1,1,0,0,1
0,1,0,80.0,18,0,0,0,26,2,0,4,5,100000,0,2,2,3,1,1,0,0,1
0,1,0,55.0,14,2,1,0,26,2,0,4,5,100000,0,2,2,3,1,1,0,0,1
0,3,0,80.0,10,1,0,0,26,2,0,4,5,100000,0,2,2,3,1,0,0,0,1
0,3,0,80.0,10,4,1,0,26,2,0,4,5,100000,0,2,2,3,1,0,0,0,0
0,3,0,80.0,10,3,0,0,26,2,0,4,5,100000,0,2,2,3,1,0,0,0,0
0,3,0,80.0,10,1,0,0,26,2,0,4,5,100000,0,2,2,3,1,1,0,0,1
0,3,0,80.0,18,0,0,0,26,2,0,4,5,100000,0,2,2,3,1,0,0,0,1
0,3,0,80.0,18,3,1,0,26,2,0,4,5,100000,0,2,2,3,1,1,0,0,1
1,0,0,55.0,18,3,1,0,26,2,0,4,5,100000,0,2,2,3,1,0,0,1,1
1,0,0,55.0,18,4,1,0,26,2,0,4,5,100000,0,2,2,3,1,1,0,0,0
1,0,0,80.0,18,1,0,0,26,2,0,4,5,100000,0,2,2,3,1,0,0,0,0
2,0,0,55.0,7,1,0,0,26,2,0,4,5,100000,0,2,2,3,1,1,1,0,0
2,0,0,55.0,7,3,1,0,26,2,0,4,5,100000,0,2,2,3,1,1,1,0,0
2,0,0,80.0,7,4,1,0,26,2,0,4,5,100000,0,2,2,3,1,1,0,0,0
2,0,0,80.0,7,2,0,0,26,2,0,4,5,100000,0,2,2,3,1,0,0,1,1
2,0,0,55.0,7,0,1,0,26,2,0,4,5,100000,0,2,2,3,1,0,0,0,0
2,0,0,55.0,7,1,0,0,26,2,0,4,5,100000,0,2,2,3,1,1,0,0,0
0,0,0,55.0,14,0,1,1,51,1,0,4,9,75000,2,0,2,3,2,0,0,0,1
0,1,0,80.0,10,1,0,1,51,1,0,4,9,75000,2,0,2,3,2,0,0,0,0
0,1,0,80.0,10,3,1,1,51,1,0,4,9,75000,2,0,2,3,2,0,0,0,1
0,1,0,80.0,10,2,0,1,51,1,0,4,9,75000,2,0,2,3,2,1,0,0,1
0,1,0,80.0,14,1,1,1,51,1,0,4,9,75000,2,0,2,3,2,0,0,0,0
0,1,0,80.0,14,1,0,1,51,1,0,4,9,75000,2,0,2,3,2,1,0,0,0
0,1,0,80.0,14,1,1,1,51,1,0,4,9,75000,2,0,2,3,2,1,0,0,0
0,1,0,80.0,14,0,1,1,51,1,0,4,9,75000,2,0,2,3,2,1,0,0,1
0,1,0,80.0,18,1,0,1,51,1,0,4,9,75000,2,0,2,3,2,0,0,0,0
0,1,0,80.0,18,0,0,1,51,1,0,4,9,75000,2,0,2,3,2,1,0,0,1
0,1,0,55.0,14,1,0,1,51,1,0,4,9,75000,2,0,2,3,2,0,0,0,0
0,1,0,55.0,14,2,1,1,51,1,0,4,9,75000,2,0,2,3,2,1,0,0,1
0,0,0,55.0,10,1,0,1,51,1,0,4,9,75000,2,0,2,3,2,0,0,0,0
1,0,0,55.0,18,3,1,1,51,1,0,4,9,75000,2,0,2,3,2,0,0,1,1
1,0,0,55.0,18,4,1,1,51,1,0,4,9,75000,2,0,2,3,2,1,0,0,0
1,0,0,80.0,18,1,0,1,51,1,0,4,9,75000,2,0,2,3,2,0,0,0,0
2,0,0,55.0,7,1,0,1,51,1,0,4,9,75000,2,0,2,3,2,1,1,0,0
2,0,0,55.0,7,3,1,1,51,1,0,4,9,75000,2,0,2,3,2,1,1,0,1
2,0,0,80.0,7,4,1,1,51,1,0,4,9,75000,2,0,2,3,2,1,0,0,0
2,0,0,80.0,7,2,0,1,51,1,0,4,9,75000,2,0,2,3,2,0,0,1,1
2,0,0,55.0,7,0,1,1,51,1,0,4,9,75000,2,0,2,3,2,0,0,0,1
2,0,0,55.0,7,1,0,1,51,1,0,4,9,75000,2,0,2,3,2,1,0,0,0
0,0,0,80.0,14,0,1,0,26,1,0,4,8,12500,0,0,2,1,1,0,0,0,1
0,1,0,80.0,10,1,0,0,26,1,0,4,8,12500,0,0,2,1,1,0,0,0,0
0,1,0,80.0,10,3,1,0,26,1,0,4,8,12500,0,0,2,1,1,0,0,0,0
0,1,0,80.0,10,2,0,0,26,1,0,4,8,12500,0,0,2,1,1,1,0,0,1
0,1,0,80.0,14,1,1,0,26,1,0,4,8,12500,0,0,2,1,1,0,0,0,0
0,1,0,80.0,14,1,0,0,26,1,0,4,8,12500,0,0,2,1,1,1,0,0,0
0,1,0,80.0,14,1,1,0,26,1,0,4,8,12500,0,0,2,1,1,1,0,0,0
0,1,0,80.0,14,0,1,0,26,1,0,4,8,12500,0,0,2,1,1,1,0,0,1
0,1,0,80.0,18,1,0,0,26,1,0,4,8,12500,0,0,2,1,1,0,0,0,0
0,1,0,80.0,18,0,0,0,26,1,0,4,8,12500,0,0,2,1,1,1,0,0,1
0,1,0,55.0,14,1,0,0,26,1,0,4,8,12500,0,0,2,1,1,0,0,0,0
0,1,0,55.0,14,2,1,0,26,1,0,4,8,12500,0,0,2,1,1,1,0,0,1
0,0,0,55.0,10,1,0,0,26,1,0,4,8,12500,0,0,2,1,1,0,0,0,0
1,0,0,55.0,18,3,1,0,26,1,0,4,8,12500,0,0,2,1,1,0,0,1,0
1,0,0,55.0,18,4,1,0,26,1,0,4,8,12500,0,0,2,1,1,1,0,0,1
1,0,0,80.0,18,1,0,0,26,1,0,4,8,12500,0,0,2,1,1,0,0,0,0
2,0,0,55.0,7,1,0,0,26,1,0,4,8,12500,0,0,2,1,1,1,1,0,0
2,0,0,55.0,7,3,1,0,26,1,0,4,8,12500,0,0,2,1,1,1,1,0,0
2,0,0,80.0,7,4,1,0,26,1,0,4,8,12500,0,0,2,1,1,1,0,0,1
2,0,0,80.0,7,2,0,0,26,1,0,4,8,12500,0,0,2,1,1,0,0,1,1
2,0,0,55.0,7,0,1,0,26,1,0,4,8,12500,0,0,2,1,1,0,0,0,1
2,0,0,55.0,7,1,0,0,26,1,0,4,8,12500,0,0,2,1,1,1,0,0,0
0,0,0,55.0,14,0,1,1,26,2,1,4,9,25000,1,2,2,2,2,0,0,0,1
0,1,0,80.0,10,1,0,1,26,2,1,4,9,25000,1,2,2,2,2,0,0,0,1
0,1,0,80.0,10,2,0,1,26,2,1,4,9,25000,1,2,2,2,2,1,0,0,1
0,1,0,80.0,14,1,0,1,26,2,1,4,9,25000,1,2,2,2,2,1,0,0,0
0,1,0,80.0,14,1,1,1,26,2,1,4,9,25000,1,2,2,2,2,1,0,0,1
0,1,0,80.0,18,0,0,1,26,2,1,4,9,25000,1,2,2,2,2,1,0,0,1
0,1,0,55.0,14,2,1,1,26,2,1,4,9,25000,1,2,2,2,2,1,0,0,1
0,2,0,80.0,10,0,0,1,26,2,1,4,9,25000,1,2,2,2,2,1,0,0,0
0,2,0,80.0,10,2,0,1,26,2,1,4,9,25000,1,2,2,2,2,1,0,0,1
0,2,0,80.0,10,3,1,1,26,2,1,4,9,25000,1,2,2,2,2,1,0,0,1
0,2,0,80.0,14,0,1,1,26,2,1,4,9,25000,1,2,2,2,2,0,0,0,1
0,2,0,55.0,14,0,1,1,26,2,1,4,9,25000,1,2,2,2,2,1,0,0,1
0,2,0,55.0,18,1,0,1,26,2,1,4,9,25000,1,2,2,2,2,1,0,0,0
1,0,0,55.0,18,3,1,1,26,2,1,4,9,25000,1,2,2,2,2,0,0,1,1
1,0,0,55.0,18,4,1,1,26,2,1,4,9,25000,1,2,2,2,2,1,0,0,1
1,0,0,80.0,18,1,0,1,26,2,1,4,9,25000,1,2,2,2,2,0,0,0,0
2,0,0,55.0,7,1,0,1,26,2,1,4,9,25000,1,2,2,2,2,1,1,0,0
2,0,0,55.0,7,3,1,1,26,2,1,4,9,25000,1,2,2,2,2,1,1,0,0
2,0,0,80.0,7,4,1,1,26,2,1,4,9,25000,1,2,2,2,2,1,0,0,1
2,0,0,80.0,7,2,0,1,26,2,1,4,9,25000,1,2,2,2,2,0,0,1,1
2,0,0,55.0,7,0,1,1,26,2,1,4,9,25000,1,2,2,2,2,0,0,0,1
2,0,0,55.0,7,1,0,1,26,2,1,4,9,25000,1,2,2,2,2,1,0,0,0
0,0,0,55.0,14,0,1,0,21,1,0,4,8,12500,0,2,4,2,2,0,0,0,1
0,1,0,80.0,10,1,0,0,21,1,0,4,8,12500,0,2,4,2,2,0,0,0,1
0,1,0,80.0,10,3,1,0,21,1,0,4,8,12500,0,2,4,2,2,0,0,0,0
0,1,0,80.0,10,2,0,0,21,1,0,4,8,12500,0,2,4,2,2,1,0,0,1
0,1,0,80.0,14,1,1,0,21,1,0,4,8,12500,0,2,4,2,2,0,0,0,1
0,1,0,80.0,14,1,0,0,21,1,0,4,8,12500,0,2,4,2,2,1,0,0,1
0,1,0,80.0,14,1,1,0,21,1,0,4,8,12500,0,2,4,2,2,1,0,0,1
0,1,0,80.0,14,0,1,0,21,1,0,4,8,12500,0,2,4,2,2,1,0,0,1
0,1,0,80.0,18,1,0,0,21,1,0,4,8,12500,0,2,4,2,2,0,0,0,1
0,1,0,80.0,18,0,0,0,21,1,0,4,8,12500,0,2,4,2,2,1,0,0,1
0,1,0,55.0,14,1,0,0,21,1,0,4,8,12500,0,2,4,2,2,0,0,0,1
0,1,0,55.0,14,2,1,0,21,1,0,4,8,12500,0,2,4,2,2,1,0,0,1
0,0,0,55.0,10,1,0,0,21,1,0,4,8,12500,0,2,4,2,2,0,0,0,1
1,0,0,55.0,18,3,1,0,21,1,0,4,8,12500,0,2,4,2,2,0,0,1,0
1,0,0,55.0,18,4,1,0,21,1,0,4,8,12500,0,2,4,2,2,1,0,0,1
1,0,0,80.0,18,1,0,0,21,1,0,4,8,12500,0,2,4,2,2,0,0,0,1
2,0,0,55.0,7,1,0,0,21,1,0,4,8,12500,0,2,4,2,2,1,1,0,0
2,0,0,55.0,7,3,1,0,21,1,0,4,8,12500,0,2,4,2,2,1,1,0,0
2,0,0,80.0,7,4,1,0,21,1,0,4,8,12500,0,2,4,2,2,1,0,0,0
2,0,0,80.0,7,2,0,0,21,1,0,4,8,12500,0,2,4,2,2,0,0,1,1
2,0,0,55.0,7,0,1,0,21,1,0,4,8,12500,0,2,4,2,2,0,0,0,1
2,0,0,55.0,7,1,0,0,21,1,0,4,8,12500,0,2,4,2,2,1,0,0,0
0,0,0,55.0,14,0,1,1,36,1,0,4,19,100000,1,2,4,4,2,0,0,0,1
0,1,0,80.0,10,1,0,1,36,1,0,4,19,100000,1,2,4,4,2,0,0,0,0
0,1,0,80.0,10,3,1,1,36,1,0,4,19,100000,1,2,4,4,2,0,0,0,1
0,1,0,80.0,10,2,0,1,36,1,0,4,19,100000,1,2,4,4,2,1,0,0,1
0,1,0,80.0,14,1,1,1,36,1,0,4,19,100000,1,2,4,4,2,0,0,0,0
0,1,0,80.0,14,1,0,1,36,1,0,4,19,100000,1,2,4,4,2,1,0,0,0
0,1,0,80.0,14,1,1,1,36,1,0,4,19,100000,1,2,4,4,2,1,0,0,0
0,1,0,80.0,14,0,1,1,36,1,0,4,19,100000,1,2,4,4,2,1,0,0,1
0,1,0,80.0,18,1,0,1,36,1,0,4,19,100000,1,2,4,4,2,0,0,0,0
0,1,0,80.0,18,0,0,1,36,1,0,4,19,100000,1,2,4,4,2,1,0,0,1
0,1,0,55.0,14,1,0,1,36,1,0,4,19,100000,1,2,4,4,2,0,0,0,0
0,1,0,55.0,14,2,1,1,36,1,0,4,19,100000,1,2,4,4,2,1,0,0,1
0,0,0,55.0,10,1,0,1,36,1,0,4,19,100000,1,2,4,4,2,0,0,0,0
1,0,0,55.0,18,3,1,1,36,1,0,4,19,100000,1,2,4,4,2,0,0,1,1
1,0,0,55.0,18,4,1,1,36,1,0,4,19,100000,1,2,4,4,2,1,0,0,1
1,0,0,80.0,18,1,0,1,36,1,0,4,19,100000,1,2,4,4,2,0,0,0,0
2,0,0,55.0,7,1,0,1,36,1,0,4,19,100000,1,2,4,4,2,1,1,0,0
2,0,0,55.0,7,3,1,1,36,1,0,4,19,100000,1,2,4,4,2,1,1,0,1
2,0,0,80.0,7,4,1,1,36,1,0,4,19,100000,1,2,4,4,2,1,0,0,1
2,0,0,80.0,7,2,0,1,36,1,0,4,19,100000,1,2,4,4,2,0,0,1,1
2,0,0,55.0,7,0,1,1,36,1,0,4,19,100000,1,2,4,4,2,0,0,0,1
2,0,0,55.0,7,1,0,1,36,1,0,4,19,100000,1,2,4,4,2,1,0,0,0
0,0,0,80.0,10,3,1,0,51,2,1,5,3,100000,3,4,3,3,3,0,0,0,1
0,1,0,80.0,10,1,0,0,51,2,1,5,3,100000,3,4,3,3,3,1,0,0,1
0,1,0,80.0,14,0,0,0,51,2,1,5,3,100000,3,4,3,3,3,1,0,0,1
0,1,0,80.0,18,0,1,0,51,2,1,5,3,100000,3,4,3,3,3,1,0,0,1
0,1,0,55.0,14,1,1,0,51,2,1,5,3,100000,3,4,3,3,3,0,0,0,1
0,2,0,80.0,10,0,1,0,51,2,1,5,3,100000,3,4,3,3,3,1,0,0,1
0,2,0,80.0,10,2,1,0,51,2,1,5,3,100000,3,4,3,3,3,1,0,0,1
0,2,0,80.0,10,3,0,0,51,2,1,5,3,100000,3,4,3,3,3,1,0,0,1
0,2,0,80.0,14,0,0,0,51,2,1,5,3,100000,3,4,3,3,3,0,0,0,1
0,2,0,55.0,14,1,0,0,51,2,1,5,3,100000,3,4,3,3,3,1,0,0,1
0,2,0,55.0,18,1,1,0,51,2,1,5,3,100000,3,4,3,3,3,1,0,0,1
1,0,0,80.0,18,1,1,0,51,2,1,5,3,100000,3,4,3,3,3,0,0,1,1
1,0,0,80.0,18,1,1,0,51,2,1,5,3,100000,3,4,3,3,3,0,0,0,0
1,0,0,80.0,18,0,0,0,51,2,1,5,3,100000,3,4,3,3,3,0,0,1,1
1,0,0,80.0,18,1,0,0,51,2,1,5,3,100000,3,4,3,3,3,1,1,0,0
1,0,0,80.0,22,0,0,0,51,2,1,5,3,100000,3,4,3,3,3,0,0,1,1
1,0,0,80.0,22,2,1,0,51,2,1,5,3,100000,3,4,3,3,3,0,0,1,0
2,0,0,80.0,7,1,0,0,51,2,1,5,3,100000,3,4,3,3,3,0,0,1,1
2,0,0,80.0,7,1,0,0,51,2,1,5,3,100000,3,4,3,3,3,1,0,1,1
2,0,0,80.0,7,2,1,0,51,2,1,5,3,100000,3,4,3,3,3,1,1,0,0
2,0,0,80.0,7,2,1,0,51,2,1,5,3,100000,3,4,3,3,3,0,0,1,0
2,0,0,55.0,7,1,1,0,51,2,1,5,3,100000,3,4,3,3,3,1,0,0,0
0,0,0,80.0,10,3,1,1,31,2,0,4,7,87500,2,3,2,4,4,0,0,0,1
0,1,0,80.0,10,1,0,1,31,2,0,4,7,87500,2,3,2,4,4,1,0,0,1
0,1,0,80.0,14,0,0,1,31,2,0,4,7,87500,2,3,2,4,4,1,0,0,0
0,1,0,80.0,18,0,1,1,31,2,0,4,7,87500,2,3,2,4,4,1,0,0,1
0,1,0,55.0,14,1,1,1,31,2,0,4,7,87500,2,3,2,4,4,0,0,0,1
0,3,0,80.0,10,1,1,1,31,2,0,4,7,87500,2,3,2,4,4,0,0,0,1
0,3,0,80.0,10,4,0,1,31,2,0,4,7,87500,2,3,2,4,4,0,0,0,0
0,3,0,80.0,10,1,1,1,31,2,0,4,7,87500,2,3,2,4,4,1,0,0,1
0,3,0,80.0,14,1,0,1,31,2,0,4,7,87500,2,3,2,4,4,0,0,0,1
0,3,0,80.0,18,0,1,1,31,2,0,4,7,87500,2,3,2,4,4,0,0,0,1
0,3,0,80.0,18,3,0,1,31,2,0,4,7,87500,2,3,2,4,4,1,0,0,0
1,0,0,80.0,18,1,1,1,31,2,0,4,7,87500,2,3,2,4,4,0,0,1,1
1,0,0,80.0,18,1,1,1,31,2,0,4,7,87500,2,3,2,4,4,0,0,0,1
1,0,0,80.0,18,0,0,1,31,2,0,4,7,87500,2,3,2,4,4,0,0,1,0
1,0,0,80.0,18,1,0,1,31,2,0,4,7,87500,2,3,2,4,4,1,1,0,0
1,0,0,80.0,22,0,0,1,31,2,0,4,7,87500,2,3,2,4,4,0,0,1,0
1,0,0,80.0,22,2,1,1,31,2,0,4,7,87500,2,3,2,4,4,0,0,1,1
2,0,0,80.0,7,1,0,1,31,2,0,4,7,87500,2,3,2,4,4,0,0,1,0
2,0,0,80.0,7,1,0,1,31,2,0,4,7,87500,2,3,2,4,4,1,0,1,1
2,0,0,80.0,7,2,1,1,31,2,0,4,7,87500,2,3,2,4,4,1,1,0,1
2,0,0,80.0,7,2,1,1,31,2,0,4,7,87500,2,3,2,4,4,0,0,1,1
2,0,0,55.0,7,1,1,1,31,2,0,4,7,87500,2,3,2,4,4,1,0,0,1
0,0,0,80.0,10,3,1,0,21,2,0,2,6,0,0,0,3,3,1,0,0,0,0
0,1,0,80.0,10,1,0,0,21,2,0,2,6,0,0,0,3,3,1,1,0,0,0
0,1,0,80.0,14,0,0,0,21,2,0,2,6,0,0,0,3,3,1,1,0,0,1
0,1,0,80.0,18,0,1,0,21,2,0,2,6,0,0,0,3,3,1,1,0,0,1
0,1,0,55.0,14,1,1,0,21,2,0,2,6,0,0,0,3,3,1,0,0,0,0
0,3,0,80.0,10,1,1,0,21,2,0,2,6,0,0,0,3,3,1,0,0,0,0
0,3,0,80.0,10,4,0,0,21,2,0,2,6,0,0,0,3,3,1,0,0,0,1
0,3,0,80.0,10,1,1,0,21,2,0,2,6,0,0,0,3,3,1,1,0,0,0
0,3,0,80.0,14,1,0,0,21,2,0,2,6,0,0,0,3,3,1,0,0,0,0
0,3,0,80.0,18,0,1,0,21,2,0,2,6,0,0,0,3,3,1,0,0,0,1
0,3,0,80.0,18,3,0,0,21,2,0,2,6,0,0,0,3,3,1,1,0,0,1
1,0,0,80.0,18,1,1,0,21,2,0,2,6,0,0,0,3,3,1,0,0,1,0
1,0,0,80.0,18,1,1,0,21,2,0,2,6,0,0,0,3,3,1,0,0,0,0
1,0,0,80.0,18,0,0,0,21,2,0,2,6,0,0,0,3,3,1,0,0,1,1
1,0,0,80.0,18,1,0,0,21,2,0,2,6,0,0,0,3,3,1,1,1,0,0
1,0,0,80.0,22,0,0,0,21,2,0,2,6,0,0,0,3,3,1,0,0,1,1
1,0,0,80.0,22,2,1,0,21,2,0,2,6,0,0,0,3,3,1,0,0,1,1
2,0,0,80.0,7,1,0,0,21,2,0,2,6,0,0,0,3,3,1,0,0,1,0
2,0,0,80.0,7,1,0,0,21,2,0,2,6,0,0,0,3,3,1,1,0,1,0
2,0,0,80.0,7,2,1,0,21,2,0,2,6,0,0,0,3,3,1,1,1,0,1
2,0,0,80.0,7,2,1,0,21,2,0,2,6,0,0,0,3,3,1,0,0,1,1
2,0,0,55.0,7,1,1,0,21,2,0,2,6,0,0,0,3,3,1,1,0,0,0
0,0,0,80.0,10,3,1,0,36,2,1,2,9,25000,0,0,2,1,0,0,0,0,0
0,1,0,80.0,10,1,0,0,36,2,1,2,9,25000,0,0,2,1,0,1,0,0,0
0,1,0,80.0,14,0,0,0,36,2,1,2,9,25000,0,0,2,1,0,1,0,0,1
0,1,0,80.0,18,0,1,0,36,2,1,2,9,25000,0,0,2,1,0,1,0,0,1
0,1,0,55.0,14,1,1,0,36,2,1,2,9,25000,0,0,2,1,0,0,0,0,0
0,2,0,80.0,10,0,1,0,36,2,1,2,9,25000,0,0,2,1,0,1,0,0,1
0,2,0,80.0,10,2,1,0,36,2,1,2,9,25000,0,0,2,1,0,1,0,0,1
0,2,0,80.0,10,3,0,0,36,2,1,2,9,25000,0,0,2,1,0,1,0,0,0
0,2,0,80.0,14,0,0,0,36,2,1,2,9,25000,0,0,2,1,0,0,0,0,1
0,2,0,55.0,14,1,0,0,36,2,1,2,9,25000,0,0,2,1,0,1,0,0,0
0,2,0,55.0,18,1,1,0,36,2,1,2,9,25000,0,0,2,1,0,1,0,0,0
1,0,0,80.0,18,1,1,0,36,2,1,2,9,25000,0,0,2,1,0,0,0,1,0
1,0,0,80.0,18,1,1,0,36,2,1,2,9,25000,0,0,2,1,0,0,0,0,0
1,0,0,80.0,18,0,0,0,36,2,1,2,9,25000,0,0,2,1,0,0,0,1,1
1,0,0,80.0,18,1,0,0,36,2,1,2,9,25000,0,0,2,1,0,1,1,0,0
1,0,0,80.0,22,0,0,0,36,2,1,2,9,25000,0,0,2,1,0,0,0,1,1
1,0,0,80.0,22,2,1,0,36,2,1,2,9,25000,0,0,2,1,0,0,0,1,1
2,0,0,80.0,7,1,0,0,36,2,1,2,9,25000,0,0,2,1,0,0,0,1,0
2,0,0,80.0,7,1,0,0,36,2,1,2,9,25000,0,0,2,1,0,1,0,1,0
2,0,0,80.0,7,2,1,0,36,2,1,2,9,25000,0,0,2,1,0,1,1,0,1
2,0,0,80.0,7,2,1,0,36,2,1,2,9,25000,0,0,2,1,0,0,0,1,1
2,0,0,55.0,7,1,1,0,36,2,1,2,9,25000,0,0,2,1,0,1,0,0,0
0,0,0,80.0,10,3,1,1,21,0,0,4,2,0,2,1,3,2,1,0,0,0,1
0,1,0,80.0,10,1,0,1,21,0,0,4,2,0,2,1,3,2,1,1,0,0,0
0,1,0,80.0,14,0,0,1,21,0,0,4,2,0,2,1,3,2,1,1,0,0,1
0,1,0,80.0,18,0,1,1,21,0,0,4,2,0,2,1,3,2,1,1,0,0,1
0,1,0,55.0,14,1,1,1,21,0,0,4,2,0,2,1,3,2,1,0,0,0,0
0,3,0,80.0,10,1,1,1,21,0,0,4,2,0,2,1,3,2,1,0,0,0,0
0,3,0,80.0,10,4,0,1,21,0,0,4,2,0,2,1,3,2,1,0,0,0,0
0,3,0,80.0,10,1,1,1,21,0,0,4,2,0,2,1,3,2,1,1,0,0,0
0,3,0,80.0,14,1,0,1,21,0,0,4,2,0,2,1,3,2,1,0,0,0,0
0,3,0,80.0,18,0,1,1,21,0,0,4,2,0,2,1,3,2,1,0,0,0,1
0,3,0,80.0,18,3,0,1,21,0,0,4,2,0,2,1,3,2,1,1,0,0,1
1,0,0,80.0,18,1,1,1,21,0,0,4,2,0,2,1,3,2,1,0,0,1,0
1,0,0,80.0,18,1,1,1,21,0,0,4,2,0,2,1,3,2,1,0,0,0,0
1,0,0,80.0,18,0,0,1,21,0,0,4,2,0,2,1,3,2,1,0,0,1,1
1,0,0,80.0,18,1,0,1,21,0,0,4,2,0,2,1,3,2,1,1,1,0,0
1,0,0,80.0,22,0,0,1,21,0,0,4,2,0,2,1,3,2,1,0,0,1,1
1,0,0,80.0,22,2,1,1,21,0,0,4,2,0,2,1,3,2,1,0,0,1,0
2,0,0,80.0,7,1,0,1,21,0,0,4,2,0,2,1,3,2,1,0,0,1,0
2,0,0,80.0,7,1,0,1,21,0,0,4,2,0,2,1,3,2,1,1,0,1,0
2,0,0,80.0,7,2,1,1,21,0,0,4,2,0,2,1,3,2,1,1,1,0,0
2,0,0,80.0,7,2,1,1,21,0,0,4,2,0,2,1,3,2,1,0,0,1,1
2,0,0,55.0,7,1,1,1,21,0,0,4,2,0,2,1,3,2,1,1,0,0,1
0,0,0,80.0,10,3,1,1,31,2,1,4,9,75000,0,0,2,2,0,0,0,0,0
0,1,0,80.0,10,1,0,1,31,2,1,4,9,75000,0,0,2,2,0,1,0,0,0
0,1,0,80.0,14,0,0,1,31,2,1,4,9,75000,0,0,2,2,0,1,0,0,0
0,1,0,80.0,18,0,1,1,31,2,1,4,9,75000,0,0,2,2,0,1,0,0,1
0,1,0,55.0,14,1,1,1,31,2,1,4,9,75000,0,0,2,2,0,0,0,0,0
0,2,0,80.0,10,0,1,1,31,2,1,4,9,75000,0,0,2,2,0,1,0,0,1
0,2,0,80.0,10,2,1,1,31,2,1,4,9,75000,0,0,2,2,0,1,0,0,1
0,2,0,80.0,10,3,0,1,31,2,1,4,9,75000,0,0,2,2,0,1,0,0,0
0,2,0,80.0,14,0,0,1,31,2,1,4,9,75000,0,0,2,2,0,0,0,0,0
0,2,0,55.0,14,1,0,1,31,2,1,4,9,75000,0,0,2,2,0,1,0,0,0
0,2,0,55.0,18,1,1,1,31,2,1,4,9,75000,0,0,2,2,0,1,0,0,0
1,0,0,80.0,18,1,1,1,31,2,1,4,9,75000,0,0,2,2,0,0,0,1,0
1,0,0,80.0,18,1,1,1,31,2,1,4,9,75000,0,0,2,2,0,0,0,0,0
1,0,0,80.0,18,0,0,1,31,2,1,4,9,75000,0,0,2,2,0,0,0,1,1
1,0,0,80.0,18,1,0,1,31,2,1,4,9,75000,0,0,2,2,0,1,1,0,0
1,0,0,80.0,22,0,0,1,31,2,1,4,9,75000,0,0,2,2,0,0,0,1,0
1,0,0,80.0,22,2,1,1,31,2,1,4,9,75000,0,0,2,2,0,0,0,1,1
2,0,0,80.0,7,1,0,1,31,2,1,4,9,75000,0,0,2,2,0,0,0,1,0
2,0,0,80.0,7,1,0,1,31,2,1,4,9,75000,0,0,2,2,0,1,0,1,0
2,0,0,80.0,7,2,1,1,31,2,1,4,9,75000,0,0,2,2,0,1,1,0,1
2,0,0,80.0,7,2,1,1,31,2,1,4,9,75000,0,0,2,2,0,0,0,1,1
2,0,0,55.0,7,1,1,1,31,2,1,4,9,75000,0,0,2,2,0,1,0,0,0
0,1,0,80.0,10,1,0,0,26,2,1,4,20,100000,0,4,3,4,2,1,0,0,1
0,1,0,80.0,14,0,0,0,26,2,1,4,20,100000,0,4,3,4,2,1,0,0,1
0,1,0,80.0,18,0,1,0,26,2,1,4,20,100000,0,4,3,4,2,1,0,0,1
0,1,0,55.0,14,1,1,0,26,2,1,4,20,100000,0,4,3,4,2,0,0,0,1
0,2,0,80.0,10,0,1,0,26,2,1,4,20,100000,0,4,3,4,2,1,0,0,1
0,2,0,80.0,10,2,1,0,26,2,1,4,20,100000,0,4,3,4,2,1,0,0,1
0,2,0,80.0,10,3,0,0,26,2,1,4,20,100000,0,4,3,4,2,1,0,0,0
0,2,0,80.0,14,0,0,0,26,2,1,4,20,100000,0,4,3,4,2,0,0,0,1
0,2,0,55.0,14,1,0,0,26,2,1,4,20,100000,0,4,3,4,2,1,0,0,1
0,2,0,55.0,18,1,1,0,26,2,1,4,20,100000,0,4,3,4,2,1,0,0,1
1,0,0,80.0,18,1,1,0,26,2,1,4,20,100000,0,4,3,4,2,0,0,1,1
1,0,0,80.0,18,1,1,0,26,2,1,4,20,100000,0,4,3,4,2,0,0,0,1
1,0,0,80.0,18,0,0,0,26,2,1,4,20,100000,0,4,3,4,2,0,0,1,1
1,0,0,80.0,18,1,0,0,26,2,1,4,20,100000,0,4,3,4,2,1,1,0,1
1,0,0,80.0,22,0,0,0,26,2,1,4,20,100000,0,4,3,4,2,0,0,1,1
1,0,0,80.0,22,2,1,0,26,2,1,4,20,100000,0,4,3,4,2,0,0,1,1
2,0,0,80.0,7,1,0,0,26,2,1,4,20,100000,0,4,3,4,2,0,0,1,1
2,0,0,80.0,7,1,0,0,26,2,1,4,20,100000,0,4,3,4,2,1,0,1,1
2,0,0,80.0,7,2,1,0,26,2,1,4,20,100000,0,4,3,4,2,1,1,0,1
2,0,0,80.0,7,2,1,0,26,2,1,4,20,100000,0,4,3,4,2,0,0,1,1
2,0,0,55.0,7,1,1,0,26,2,1,4,20,100000,0,4,3,4,2,1,0,0,1
0,0,0,80.0,10,3,1,0,51,2,0,2,0,25000,0,0,2,3,0,0,0,0,0
0,1,0,80.0,10,1,0,0,51,2,0,2,0,25000,0,0,2,3,0,1,0,0,0
0,1,0,80.0,14,0,0,0,51,2,0,2,0,25000,0,0,2,3,0,1,0,0,1
0,1,0,80.0,18,0,1,0,51,2,0,2,0,25000,0,0,2,3,0,1,0,0,1
0,1,0,55.0,14,1,1,0,51,2,0,2,0,25000,0,0,2,3,0,0,0,0,0
0,3,0,80.0,10,1,1,0,51,2,0,2,0,25000,0,0,2,3,0,0,0,0,0
0,3,0,80.0,10,4,0,0,51,2,0,2,0,25000,0,0,2,3,0,0,0,0,0
0,3,0,80.0,10,1,1,0,51,2,0,2,0,25000,0,0,2,3,0,1,0,0,0
0,3,0,80.0,14,1,0,0,51,2,0,2,0,25000,0,0,2,3,0,0,0,0,0
0,3,0,80.0,18,0,1,0,51,2,0,2,0,25000,0,0,2,3,0,0,0,0,1
0,3,0,80.0,18,3,0,0,51,2,0,2,0,25000,0,0,2,3,0,1,0,0,0
1,0,0,80.0,18,1,1,0,51,2,0,2,0,25000,0,0,2,3,0,0,0,1,0
1,0,0,80.0,18,1,1,0,51,2,0,2,0,25000,0,0,2,3,0,0,0,0,0
1,0,0,80.0,18,0,0,0,51,2,0,2,0,25000,0,0,2,3,0,0,0,1,0
1,0,0,80.0,18,1,0,0,51,2,0,2,0,25000,0,0,2,3,0,1,1,0,0
1,0,0,80.0,22,0,0,0,51,2,0,2,0,25000,0,0,2,3,0,0,0,1,1
1,0,0,80.0,22,2,1,0,51,2,0,2,0,25000,0,0,2,3,0,0,0,1,1
2,0,0,80.0,7,1,0,0,51,2,0,2,0,25000,0,0,2,3,0,0,0,1,0
2,0,0,80.0,7,1,0,0,51,2,0,2,0,25000,0,0,2,3,0,1,0,1,0
2,0,0,80.0,7,2,1,0,51,2,0,2,0,25000,0,0,2,3,0,1,1,0,1
2,0,0,80.0,7,2,1,0,51,2,0,2,0,25000,0,0,2,3,0,0,0,1,1
2,0,0,55.0,7,1,1,0,51,2,0,2,0,25000,0,0,2,3,0,1,0,0,0
0,0,0,80.0,10,3,1,1,26,1,0,3,0,0,1,0,2,1,1,0,0,0,1
0,1,0,80.0,10,1,0,1,26,1,0,3,0,0,1,0,2,1,1,1,0,0,1
0,1,0,80.0,14,0,0,1,26,1,0,3,0,0,1,0,2,1,1,1,0,0,1
0,1,0,80.0,18,0,1,1,26,1,0,3,0,0,1,0,2,1,1,1,0,0,1
0,1,0,55.0,14,1,1,1,26,1,0,3,0,0,1,0,2,1,1,0,0,0,0
0,0,0,80.0,14,0,0,1,26,1,0,3,0,0,1,0,2,1,1,1,0,0,1
1,0,0,55.0,18,4,0,1,26,1,0,3,0,0,1,0,2,1,1,1,0,0,0
1,0,0,80.0,18,1,1,1,26,1,0,3,0,0,1,0,2,1,1,0,0,1,0
1,0,0,80.0,18,1,1,1,26,1,0,3,0,0,1,0,2,1,1,0,0,0,0
1,0,0,55.0,22,2,1,1,26,1,0,3,0,0,1,0,2,1,1,1,1,0,1
1,0,0,80.0,18,0,0,1,26,1,0,3,0,0,1,0,2,1,1,0,0,1,1
1,0,0,80.0,18,1,0,1,26,1,0,3,0,0,1,0,2,1,1,1,1,0,0
1,0,0,80.0,22,0,0,1,26,1,0,3,0,0,1,0,2,1,1,0,0,1,0
1,0,0,80.0,22,2,1,1,26,1,0,3,0,0,1,0,2,1,1,0,0,1,1
1,0,0,80.0,22,3,1,1,26,1,0,3,0,0,1,0,2,1,1,1,0,1,1
2,0,0,80.0,7,1,0,1,26,1,0,3,0,0,1,0,2,1,1,0,0,1,0
2,0,0,80.0,7,1,0,1,26,1,0,3,0,0,1,0,2,1,1,1,0,1,0
2,0,0,80.0,7,4,0,1,26,1,0,3,0,0,1,0,2,1,1,1,0,0,0
2,0,0,80.0,7,2,1,1,26,1,0,3,0,0,1,0,2,1,1,1,1,0,1
2,0,0,80.0,7,2,1,1,26,1,0,3,0,0,1,0,2,1,1,1,1,0,1
2,0,0,80.0,7,2,1,1,26,1,0,3,0,0,1,0,2,1,1,0,0,1,1
2,0,0,55.0,7,1,1,1,26,1,0,3,0,0,1,0,2,1,1,1,0,0,0
0,0,0,80.0,10,3,1,1,41,2,0,5,9,37500,1,1,4,4,3,0,0,0,1
0,1,0,80.0,10,1,0,1,41,2,0,5,9,37500,1,1,4,4,3,1,0,0,0
0,1,0,80.0,14,0,0,1,41,2,0,5,9,37500,1,1,4,4,3,1,0,0,1
0,1,0,80.0,18,0,1,1,41,2,0,5,9,37500,1,1,4,4,3,1,0,0,1
0,1,0,55.0,14,1,1,1,41,2,0,5,9,37500,1,1,4,4,3,0,0,0,1
0,3,0,80.0,10,1,1,1,41,2,0,5,9,37500,1,1,4,4,3,0,0,0,1
0,3,0,80.0,10,4,0,1,41,2,0,5,9,37500,1,1,4,4,3,0,0,0,1
0,3,0,80.0,10,1,1,1,41,2,0,5,9,37500,1,1,4,4,3,1,0,0,0
0,3,0,80.0,14,1,0,1,41,2,0,5,9,37500,1,1,4,4,3,0,0,0,0
0,3,0,80.0,18,0,1,1,41,2,0,5,9,37500,1,1,4,4,3,0,0,0,1
0,3,0,80.0,18,3,0,1,41,2,0,5,9,37500,1,1,4,4,3,1,0,0,1
1,0,0,80.0,18,1,1,1,41,2,0,5,9,37500,1,1,4,4,3,0,0,1,0
1,0,0,80.0,18,1,1,1,41,2,0,5,9,37500,1,1,4,4,3,0,0,0,1
1,0,0,80.0,18,0,0,1,41,2,0,5,9,37500,1,1,4,4,3,0,0,1,1
1,0,0,80.0,18,1,0,1,41,2,0,5,9,37500,1,1,4,4,3,1,1,0,0
1,0,0,80.0,22,0,0,1,41,2,0,5,9,37500,1,1,4,4,3,0,0,1,1
1,0,0,80.0,22,2,1,1,41,2,0,5,9,37500,1,1,4,4,3,0,0,1,1
2,0,0,80.0,7,1,0,1,41,2,0,5,9,37500,1,1,4,4,3,0,0,1,1
2,0,0,80.0,7,1,0,1,41,2,0,5,9,37500,1,1,4,4,3,1,0,1,0
2,0,0,80.0,7,2,1,1,41,2,0,5,9,37500,1,1,4,4,3,1,1,0,1
2,0,0,80.0,7,2,1,1,41,2,0,5,9,37500,1,1,4,4,3,0,0,1,1
2,0,0,55.0,7,1,1,1,41,2,0,5,9,37500,1,1,4,4,3,1,0,0,1
0,0,0,80.0,10,3,1,1,26,1,0,5,7,25000,3,4,4,3,1,0,0,0,1
0,1,0,80.0,10,1,0,1,26,1,0,5,7,25000,3,4,4,3,1,1,0,0,1
0,1,0,80.0,14,0,0,1,26,1,0,5,7,25000,3,4,4,3,1,1,0,0,0
0,1,0,80.0,18,0,1,1,26,1,0,5,7,25000,3,4,4,3,1,1,0,0,1
0,1,0,55.0,14,1,1,1,26,1,0,5,7,25000,3,4,4,3,1,0,0,0,1
0,0,0,80.0,14,0,0,1,26,1,0,5,7,25000,3,4,4,3,1,1,0,0,1
1,0,0,55.0,18,4,0,1,26,1,0,5,7,25000,3,4,4,3,1,1,0,0,1
1,0,0,80.0,18,1,1,1,26,1,0,5,7,25000,3,4,4,3,1,0,0,1,1
1,0,0,80.0,18,1,1,1,26,1,0,5,7,25000,3,4,4,3,1,0,0,0,1
1,0,0,55.0,22,2,1,1,26,1,0,5,7,25000,3,4,4,3,1,1,1,0,1
1,0,0,80.0,18,0,0,1,26,1,0,5,7,25000,3,4,4,3,1,0,0,1,0
1,0,0,80.0,18,1,0,1,26,1,0,5,7,25000,3,4,4,3,1,1,1,0,1
1,0,0,80.0,22,0,0,1,26,1,0,5,7,25000,3,4,4,3,1,0,0,1,0
1,0,0,80.0,22,2,1,1,26,1,0,5,7,25000,3,4,4,3,1,0,0,1,1
1,0,0,80.0,22,3,1,1,26,1,0,5,7,25000,3,4,4,3,1,1,0,1,1
2,0,0,80.0,7,1,0,1,26,1,0,5,7,25000,3,4,4,3,1,0,0,1,1
2,0,0,80.0,7,1,0,1,26,1,0,5,7,25000,3,4,4,3,1,1,0,1,1
2,0,0,80.0,7,4,0,1,26,1,0,5,7,25000,3,4,4,3,1,1,0,0,0
2,0,0,80.0,7,2,1,1,26,1,0,5,7,25000,3,4,4,3,1,1,1,0,1
2,0,0,80.0,7,2,1,1,26,1,0,5,7,25000,3,4,4,3,1,1,1,0,1
2,0,0,80.0,7,2,1,1,26,1,0,5,7,25000,3,4,4,3,1,0,0,1,1
2,0,0,55.0,7,1,1,1,26,1,0,5,7,25000,3,4,4,3,1,1,0,0,1
0,0,0,80.0,10,3,1,1,21,1,0,4,2,100000,2,3,2,3,2,0,0,0,1
0,1,0,80.0,10,1,0,1,21,1,0,4,2,100000,2,3,2,3,2,1,0,0,1
0,1,0,80.0,14,0,0,1,21,1,0,4,2,100000,2,3,2,3,2,1,0,0,0
0,1,0,80.0,18,0,1,1,21,1,0,4,2,100000,2,3,2,3,2,1,0,0,1
0,1,0,55.0,14,1,1,1,21,1,0,4,2,100000,2,3,2,3,2,0,0,0,1
0,0,0,80.0,14,0,0,1,21,1,0,4,2,100000,2,3,2,3,2,1,0,0,1
1,0,0,55.0,18,4,0,1,21,1,0,4,2,100000,2,3,2,3,2,1,0,0,0
1,0,0,80.0,18,1,1,1,21,1,0,4,2,100000,2,3,2,3,2,0,0,1,1
1,0,0,80.0,18,1,1,1,21,1,0,4,2,100000,2,3,2,3,2,0,0,0,0
1,0,0,55.0,22,2,1,1,21,1,0,4,2,100000,2,3,2,3,2,1,1,0,1
1,0,0,80.0,18,0,0,1,21,1,0,4,2,100000,2,3,2,3,2,0,0,1,0
1,0,0,80.0,18,1,0,1,21,1,0,4,2,100000,2,3,2,3,2,1,1,0,0
1,0,0,80.0,22,0,0,1,21,1,0,4,2,100000,2,3,2,3,2,0,0,1,1
1,0,0,80.0,22,2,1,1,21,1,0,4,2,100000,2,3,2,3,2,0,0,1,0
1,0,0,80.0,22,3,1,1,21,1,0,4,2,100000,2,3,2,3,2,1,0,1,0
2,0,0,80.0,7,1,0,1,21,1,0,4,2,100000,2,3,2,3,2,0,0,1,0
2,0,0,80.0,7,1,0,1,21,1,0,4,2,100000,2,3,2,3,2,1,0,1,0
2,0,0,80.0,7,4,0,1,21,1,0,4,2,100000,2,3,2,3,2,1,0,0,1
2,0,0,80.0,7,2,1,1,21,1,0,4,2,100000,2,3,2,3,2,1,1,0,0
2,0,0,80.0,7,2,1,1,21,1,0,4,2,100000,2,3,2,3,2,1,1,0,1
2,0,0,80.0,7,2,1,1,21,1,0,4,2,100000,2,3,2,3,2,0,0,1,0
2,0,0,80.0,7,1,1,1,21,1,0,4,2,100000,2,3,2,3,2,1,0,0,0
0,0,0,80.0,10,3,1,0,26,1,0,4,3,50000,2,0,3,2,1,0,0,0,1
0,1,0,80.0,10,1,0,0,26,1,0,4,3,50000,2,0,3,2,1,1,0,0,0
0,1,0,80.0,14,0,0,0,26,1,0,4,3,50000,2,0,3,2,1,1,0,0,0
0,1,0,80.0,18,0,1,0,26,1,0,4,3,50000,2,0,3,2,1,1,0,0,1
0,1,0,55.0,14,1,1,0,26,1,0,4,3,50000,2,0,3,2,1,0,0,0,0
0,0,0,80.0,14,0,0,0,26,1,0,4,3,50000,2,0,3,2,1,1,0,0,0
1,0,0,55.0,18,4,0,0,26,1,0,4,3,50000,2,0,3,2,1,1,0,0,0
1,0,0,80.0,18,1,1,0,26,1,0,4,3,50000,2,0,3,2,1,0,0,1,0
1,0,0,80.0,18,1,1,0,26,1,0,4,3,50000,2,0,3,2,1,0,0,0,0
1,0,0,55.0,22,2,1,0,26,1,0,4,3,50000,2,0,3,2,1,1,1,0,0
1,0,0,80.0,18,0,0,0,26,1,0,4,3,50000,2,0,3,2,1,0,0,1,0
1,0,0,80.0,18,1,0,0,26,1,0,4,3,50000,2,0,3,2,1,1,1,0,0
1,0,0,80.0,22,0,0,0,26,1,0,4,3,50000,2,0,3,2,1,0,0,1,0
1,0,0,80.0,22,2,1,0,26,1,0,4,3,50000,2,0,3,2,1,0,0,1,1
1,0,0,80.0,22,3,1,0,26,1,0,4,3,50000,2,0,3,2,1,1,0,1,0
2,0,0,80.0,7,1,0,0,26,1,0,4,3,50000,2,0,3,2,1,0,0,1,0
2,0,0,80.0,7,1,0,0,26,1,0,4,3,50000,2,0,3,2,1,1,0,1,0
2,0,0,80.0,7,4,0,0,26,1,0,4,3,50000,2,0,3,2,1,1,0,0,0
2,0,0,80.0,7,2,1,0,26,1,0,4,3,50000,2,0,3,2,1,1,1,0,1
2,0,0,80.0,7,2,1,0,26,1,0,4,3,50000,2,0,3,2,1,1,1,0,1
2,0,0,80.0,7,2,1,0,26,1,0,4,3,50000,2,0,3,2,1,0,0,1,1
2,0,0,55.0,7,1,1,0,26,1,0,4,3,50000,2,0,3,2,1,1,0,0,0
0,0,0,80.0,10,3,1,1,21,0,0,4,3,12500,2,3,3,3,0,0,0,0,1
0,1,0,80.0,10,1,0,1,21,0,0,4,3,12500,2,3,3,3,0,1,0,0,1
0,1,0,80.0,14,0,0,1,21,0,0,4,3,12500,2,3,3,3,0,1,0,0,1
0,1,0,80.0,18,0,1,1,21,0,0,4,3,12500,2,3,3,3,0,1,0,0,1
0,1,0,55.0,14,1,1,1,21,0,0,4,3,12500,2,3,3,3,0,0,0,0,1
0,3,0,80.0,10,1,1,1,21,0,0,4,3,12500,2,3,3,3,0,0,0,0,1
0,3,0,80.0,10,4,0,1,21,0,0,4,3,12500,2,3,3,3,0,0,0,0,0
0,3,0,80.0,10,1,1,1,21,0,0,4,3,12500,2,3,3,3,0,1,0,0,1
0,3,0,80.0,14,1,0,1,21,0,0,4,3,12500,2,3,3,3,0,0,0,0,1
0,3,0,80.0,18,0,1,1,21,0,0,4,3,12500,2,3,3,3,0,0,0,0,1
0,3,0,80.0,18,3,0,1,21,0,0,4,3,12500,2,3,3,3,0,1,0,0,0
1,0,0,80.0,18,1,1,1,21,0,0,4,3,12500,2,3,3,3,0,0,0,1,1
1,0,0,80.0,18,1,1,1,21,0,0,4,3,12500,2,3,3,3,0,0,0,0,1
1,0,0,80.0,18,0,0,1,21,0,0,4,3,12500,2,3,3,3,0,0,0,1,1
1,0,0,80.0,18,1,0,1,21,0,0,4,3,12500,2,3,3,3,0,1,1,0,0
1,0,0,80.0,22,0,0,1,21,0,0,4,3,12500,2,3,3,3,0,0,0,1,0
1,0,0,80.0,22,2,1,1,21,0,0,4,3,12500,2,3,3,3,0,0,0,1,1
2,0,0,80.0,7,1,0,1,21,0,0,4,3,12500,2,3,3,3,0,0,0,1,1
2,0,0,80.0,7,1,0,1,21,0,0,4,3,12500,2,3,3,3,0,1,0,1,1
2,0,0,80.0,7,2,1,1,21,0,0,4,3,12500,2,3,3,3,0,1,1,0,1
2,0,0,80.0,7,2,1,1,21,0,0,4,3,12500,2,3,3,3,0,0,0,1,1
2,0,0,55.0,7,1,1,1,21,0,0,4,3,12500,2,3,3,3,0,1,0,0,1
0,0,0,80.0,10,3,1,0,46,1,0,2,20,25000,2,0,3,2,2,0,0,0,1
0,1,0,80.0,10,1,0,0,46,1,0,2,20,25000,2,0,3,2,2,1,0,0,1
0,1,0,80.0,14,0,0,0,46,1,0,2,20,25000,2,0,3,2,2,1,0,0,1
0,1,0,80.0,18,0,1,0,46,1,0,2,20,25000,2,0,3,2,2,1,0,0,1
0,1,0,55.0,14,1,1,0,46,1,0,2,20,25000,2,0,3,2,2,0,0,0,1
0,0,0,80.0,14,0,0,0,46,1,0,2,20,25000,2,0,3,2,2,1,0,0,1
1,0,0,55.0,18,4,0,0,46,1,0,2,20,25000,2,0,3,2,2,1,0,0,0
1,0,0,80.0,18,1,1,0,46,1,0,2,20,25000,2,0,3,2,2,0,0,1,0
1,0,0,80.0,18,1,1,0,46,1,0,2,20,25000,2,0,3,2,2,0,0,0,0
1,0,0,55.0,22,2,1,0,46,1,0,2,20,25000,2,0,3,2,2,1,1,0,1
1,0,0,80.0,18,0,0,0,46,1,0,2,20,25000,2,0,3,2,2,0,0,1,1
1,0,0,80.0,18,1,0,0,46,1,0,2,20,25000,2,0,3,2,2,1,1,0,0
1,0,0,80.0,22,0,0,0,46,1,0,2,20,25000,2,0,3,2,2,0,0,1,1
1,0,0,80.0,22,2,1,0,46,1,0,2,20,25000,2,0,3,2,2,0,0,1,1
1,0,0,80.0,22,3,1,0,46,1,0,2,20,25000,2,0,3,2,2,1,0,1,1
2,0,0,80.0,7,1,0,0,46,1,0,2,20,25000,2,0,3,2,2,0,0,1,0
2,0,0,80.0,7,1,0,0,46,1,0,2,20,25000,2,0,3,2,2,1,0,1,0
2,0,0,80.0,7,4,0,0,46,1,0,2,20,25000,2,0,3,2,2,1,0,0,0
2,0,0,80.0,7,2,1,0,46,1,0,2,20,25000,2,0,3,2,2,1,1,0,1
2,0,0,80.0,7,2,1,0,46,1,0,2,20,25000,2,0,3,2,2,1,1,0,1
2,0,0,80.0,7,2,1,0,46,1,0,2,20,25000,2,0,3,2,2,0,0,1,1
2,0,0,55.0,7,1,1,0,46,1,0,2,20,25000,2,0,3,2,2,1,0,0,0
0,0,0,80.0,10,3,1,0,31,0,1,4,6,37500,2,1,3,3,1,0,0,0,1
0,1,0,80.0,10,1,0,0,31,0,1,4,6,37500,2,1,3,3,1,1,0,0,0
0,1,0,80.0,14,0,0,0,31,0,1,4,6,37500,2,1,3,3,1,1,0,0,1
0,1,0,80.0,18,0,1,0,31,0,1,4,6,37500,2,1,3,3,1,1,0,0,1
0,1,0,55.0,14,1,1,0,31,0,1,4,6,37500,2,1,3,3,1,0,0,0,0
0,3,0,80.0,10,1,1,0,31,0,1,4,6,37500,2,1,3,3,1,0,0,0,1
0,3,0,80.0,14,1,0,0,31,0,1,4,6,37500,2,1,3,3,1,0,0,0,0
0,3,0,80.0,18,0,1,0,31,0,1,4,6,37500,2,1,3,3,1,0,0,0,1
0,3,0,80.0,18,3,0,0,31,0,1,4,6,37500,2,1,3,3,1,1,0,0,1
1,0,0,80.0,18,1,1,0,31,0,1,4,6,37500,2,1,3,3,1,0,0,1,0
1,0,0,80.0,18,1,1,0,31,0,1,4,6,37500,2,1,3,3,1,0,0,0,0
1,0,0,80.0,18,0,0,0,31,0,1,4,6,37500,2,1,3,3,1,0,0,1,1
1,0,0,80.0,18,1,0,0,31,0,1,4,6,37500,2,1,3,3,1,1,1,0,0
1,0,0,80.0,22,0,0,0,31,0,1,4,6,37500,2,1,3,3,1,0,0,1,1
1,0,0,80.0,22,2,1,0,31,0,1,4,6,37500,2,1,3,3,1,0,0,1,1
2,0,0,80.0,7,1,0,0,31,0,1,4,6,37500,2,1,3,3,1,1,0,1,0
2,0,0,80.0,7,2,1,0,31,0,1,4,6,37500,2,1,3,3,1,1,1,0,1
2,0,0,80.0,7,2,1,0,31,0,1,4,6,37500,2,1,3,3,1,0,0,1,1
2,0,0,55.0,7,1,1,0,31,0,1,4,6,37500,2,1,3,3,1,1,0,0,0
0,0,0,80.0,10,3,1,0,16,1,0,1,0,0,0,0,3,3,0,0,0,0,0
0,1,0,80.0,10,1,0,0,16,1,0,1,0,0,0,0,3,3,0,1,0,0,0
0,1,0,80.0,14,0,0,0,16,1,0,1,0,0,0,0,3,3,0,1,0,0,1
0,1,0,80.0,18,0,1,0,16,1,0,1,0,0,0,0,3,3,0,1,0,0,1
0,1,0,55.0,14,1,1,0,16,1,0,1,0,0,0,0,3,3,0,0,0,0,0
0,3,0,80.0,10,1,1,0,16,1,0,1,0,0,0,0,3,3,0,0,0,0,0
0,3,0,80.0,10,4,0,0,16,1,0,1,0,0,0,0,3,3,0,0,0,0,1
0,3,0,80.0,10,1,1,0,16,1,0,1,0,0,0,0,3,3,0,1,0,0,0
0,3,0,80.0,14,1,0,0,16,1,0,1,0,0,0,0,3,3,0,0,0,0,0
0,3,0,80.0,18,0,1,0,16,1,0,1,0,0,0,0,3,3,0,0,0,0,1
0,3,0,80.0,18,3,0,0,16,1,0,1,0,0,0,0,3,3,0,1,0,0,0
1,0,0,80.0,18,1,1,0,16,1,0,1,0,0,0,0,3,3,0,0,0,1,0
1,0,0,80.0,18,1,1,0,16,1,0,1,0,0,0,0,3,3,0,0,0,0,0
1,0,0,80.0,18,0,0,0,16,1,0,1,0,0,0,0,3,3,0,0,0,1,1
1,0,0,80.0,18,1,0,0,16,1,0,1,0,0,0,0,3,3,0,1,1,0,0
1,0,0,80.0,22,0,0,0,16,1,0,1,0,0,0,0,3,3,0,0,0,1,1
1,0,0,80.0,22,2,1,0,16,1,0,1,0,0,0,0,3,3,0,0,0,1,1
2,0,0,80.0,7,1,0,0,16,1,0,1,0,0,0,0,3,3,0,0,0,1,0
2,0,0,80.0,7,1,0,0,16,1,0,1,0,0,0,0,3,3,0,1,0,1,0
2,0,0,80.0,7,2,1,0,16,1,0,1,0,0,0,0,3,3,0,1,1,0,1
2,0,0,80.0,7,2,1,0,16,1,0,1,0,0,0,0,3,3,0,0,0,1,1
2,0,0,55.0,7,1,1,0,16,1,0,1,0,0,0,0,3,3,0,1,0,0,0
0,0,0,80.0,10,3,1,1,21,0,0,2,2,0,1,2,3,3,0,0,0,0,0
0,1,0,80.0,10,1,0,1,21,0,0,2,2,0,1,2,3,3,0,1,0,0,1
0,1,0,80.0,14,0,0,1,21,0,0,2,2,0,1,2,3,3,0,1,0,0,1
0,1,0,80.0,18,0,1,1,21,0,0,2,2,0,1,2,3,3,0,1,0,0,1
0,1,0,55.0,14,1,1,1,21,0,0,2,2,0,1,2,3,3,0,0,0,0,1
0,3,0,80.0,10,1,1,1,21,0,0,2,2,0,1,2,3,3,0,0,0,0,0
0,3,0,80.0,10,4,0,1,21,0,0,2,2,0,1,2,3,3,0,0,0,0,0
0,3,0,80.0,10,1,1,1,21,0,0,2,2,0,1,2,3,3,0,1,0,0,0
0,3,0,80.0,14,1,0,1,21,0,0,2,2,0,1,2,3,3,0,0,0,0,1
0,3,0,80.0,18,0,1,1,21,0,0,2,2,0,1,2,3,3,0,0,0,0,1
0,3,0,80.0,18,3,0,1,21,0,0,2,2,0,1,2,3,3,0,1,0,0,0
1,0,0,80.0,18,1,1,1,21,0,0,2,2,0,1,2,3,3,0,0,0,1,0
1,0,0,80.0,18,1,1,1,21,0,0,2,2,0,1,2,3,3,0,0,0,0,0
1,0,0,80.0,18,0,0,1,21,0,0,2,2,0,1,2,3,3,0,0,0,1,1
1,0,0,80.0,18,1,0,1,21,0,0,2,2,0,1,2,3,3,0,1,1,0,0
1,0,0,80.0,22,0,0,1,21,0,0,2,2,0,1,2,3,3,0,0,0,1,0
1,0,0,80.0,22,2,1,1,21,0,0,2,2,0,1,2,3,3,0,0,0,1,1
2,0,0,80.0,7,1,0,1,21,0,0,2,2,0,1,2,3,3,0,0,0,1,1
2,0,0,80.0,7,1,0,1,21,0,0,2,2,0,1,2,3,3,0,1,0,1,1
2,0,0,80.0,7,2,1,1,21,0,0,2,2,0,1,2,3,3,0,1,1,0,1
2,0,0,80.0,7,2,1,1,21,0,0,2,2,0,1,2,3,3,0,0,0,1,1
2,0,0,55.0,7,1,1,1,21,0,0,2,2,0,1,2,3,3,0,1,0,0,1
0,0,0,80.0,10,3,1,0,21,1,0,4,10,37500,1,0,1,2,0,0,0,0,1
0,1,0,80.0,10,1,0,0,21,1,0,4,10,37500,1,0,1,2,0,1,0,0,0
0,1,0,80.0,14,0,0,0,21,1,0,4,10,37500,1,0,1,2,0,1,0,0,0
0,1,0,80.0,18,0,1,0,21,1,0,4,10,37500,1,0,1,2,0,1,0,0,1
0,1,0,55.0,14,1,1,0,21,1,0,4,10,37500,1,0,1,2,0,0,0,0,0
0,0,0,80.0,14,0,0,0,21,1,0,4,10,37500,1,0,1,2,0,1,0,0,1
1,0,0,55.0,18,4,0,0,21,1,0,4,10,37500,1,0,1,2,0,1,0,0,0
1,0,0,80.0,18,1,1,0,21,1,0,4,10,37500,1,0,1,2,0,0,0,1,0
1,0,0,80.0,18,1,1,0,21,1,0,4,10,37500,1,0,1,2,0,0,0,0,0
1,0,0,55.0,22,2,1,0,21,1,0,4,10,37500,1,0,1,2,0,1,1,0,0
1,0,0,80.0,18,0,0,0,21,1,0,4,10,37500,1,0,1,2,0,0,0,1,1
1,0,0,80.0,18,1,0,0,21,1,0,4,10,37500,1,0,1,2,0,1,1,0,0
1,0,0,80.0,22,0,0,0,21,1,0,4,10,37500,1,0,1,2,0,0,0,1,0
1,0,0,80.0,22,2,1,0,21,1,0,4,10,37500,1,0,1,2,0,0,0,1,0
1,0,0,80.0,22,3,1,0,21,1,0,4,10,37500,1,0,1,2,0,1,0,1,1
2,0,0,80.0,7,1,0,0,21,1,0,4,10,37500,1,0,1,2,0,0,0,1,1
2,0,0,80.0,7,1,0,0,21,1,0,4,10,37500,1,0,1,2,0,1,0,1,1
2,0,0,80.0,7,4,0,0,21,1,0,4,10,37500,1,0,1,2,0,1,0,0,0
2,0,0,80.0,7,2,1,0,21,1,0,4,10,37500,1,0,1,2,0,1,1,0,0
2,0,0,80.0,7,2,1,0,21,1,0,4,10,37500,1,0,1,2,0,1,1,0,0
2,0,0,80.0,7,2,1,0,21,1,0,4,10,37500,1,0,1,2,0,0,0,1,0
2,0,0,55.0,7,1,1,0,21,1,0,4,10,37500,1,0,1,2,0,1,0,0,0
0,0,0,80.0,10,3,1,0,36,2,0,4,9,50000,1,0,3,3,0,0,0,0,0
0,1,0,80.0,10,1,0,0,36,2,0,4,9,50000,1,0,3,3,0,1,0,0,0
0,1,0,80.0,14,0,0,0,36,2,0,4,9,50000,1,0,3,3,0,1,0,0,1
0,1,0,80.0,18,0,1,0,36,2,0,4,9,50000,1,0,3,3,0,1,0,0,1
0,1,0,55.0,14,1,1,0,36,2,0,4,9,50000,1,0,3,3,0,0,0,0,0
0,3,0,80.0,10,1,1,0,36,2,0,4,9,50000,1,0,3,3,0,0,0,0,0
0,3,0,80.0,10,4,0,0,36,2,0,4,9,50000,1,0,3,3,0,0,0,0,0
0,3,0,80.0,10,1,1,0,36,2,0,4,9,50000,1,0,3,3,0,1,0,0,0
0,3,0,80.0,14,1,0,0,36,2,0,4,9,50000,1,0,3,3,0,0,0,0,0
0,3,0,80.0,18,0,1,0,36,2,0,4,9,50000,1,0,3,3,0,0,0,0,1
0,3,0,80.0,18,3,0,0,36,2,0,4,9,50000,1,0,3,3,0,1,0,0,1
1,0,0,80.0,18,1,1,0,36,2,0,4,9,50000,1,0,3,3,0,0,0,1,0
1,0,0,80.0,18,1,1,0,36,2,0,4,9,50000,1,0,3,3,0,0,0,0,0
1,0,0,80.0,18,0,0,0,36,2,0,4,9,50000,1,0,3,3,0,0,0,1,0
1,0,0,80.0,18,1,0,0,36,2,0,4,9,50000,1,0,3,3,0,1,1,0,0
1,0,0,80.0,22,0,0,0,36,2,0,4,9,50000,1,0,3,3,0,0,0,1,0
1,0,0,80.0,22,2,1,0,36,2,0,4,9,50000,1,0,3,3,0,0,0,1,1
2,0,0,80.0,7,1,0,0,36,2,0,4,9,50000,1,0,3,3,0,0,0,1,0
2,0,0,80.0,7,1,0,0,36,2,0,4,9,50000,1,0,3,3,0,1,0,1,0
2,0,0,80.0,7,2,1,0,36,2,0,4,9,50000,1,0,3,3,0,1,1,0,1
2,0,0,80.0,7,2,1,0,36,2,0,4,9,50000,1,0,3,3,0,0,0,1,1
2,0,0,55.0,7,1,1,0,36,2,0,4,9,50000,1,0,3,3,0,1,0,0,0
0,0,0,80.0,10,3,1,1,16,0,0,2,2,12500,1,4,3,2,1,0,0,0,0
0,1,0,80.0,10,1,0,1,16,0,0,2,2,12500,1,4,3,2,1,1,0,0,1
0,1,0,80.0,14,0,0,1,16,0,0,2,2,12500,1,4,3,2,1,1,0,0,1
0,1,0,80.0,18,0,1,1,16,0,0,2,2,12500,1,4,3,2,1,1,0,0,1
0,1,0,55.0,14,1,1,1,16,0,0,2,2,12500,1,4,3,2,1,0,0,0,1
0,3,0,80.0,10,1,1,1,16,0,0,2,2,12500,1,4,3,2,1,0,0,0,1
0,3,0,80.0,10,4,0,1,16,0,0,2,2,12500,1,4,3,2,1,0,0,0,0
0,3,0,80.0,10,1,1,1,16,0,0,2,2,12500,1,4,3,2,1,1,0,0,1
0,3,0,80.0,14,1,0,1,16,0,0,2,2,12500,1,4,3,2,1,0,0,0,1
0,3,0,80.0,18,0,1,1,16,0,0,2,2,12500,1,4,3,2,1,0,0,0,1
0,3,0,80.0,18,3,0,1,16,0,0,2,2,12500,1,4,3,2,1,1,0,0,0
1,0,0,80.0,18,1,1,1,16,0,0,2,2,12500,1,4,3,2,1,0,0,1,1
1,0,0,80.0,18,1,1,1,16,0,0,2,2,12500,1,4,3,2,1,0,0,0,1
1,0,0,80.0,18,0,0,1,16,0,0,2,2,12500,1,4,3,2,1,0,0,1,1
1,0,0,80.0,18,1,0,1,16,0,0,2,2,12500,1,4,3,2,1,1,1,0,0
1,0,0,80.0,22,0,0,1,16,0,0,2,2,12500,1,4,3,2,1,0,0,1,0
1,0,0,80.0,22,2,1,1,16,0,0,2,2,12500,1,4,3,2,1,0,0,1,1
2,0,0,80.0,7,1,0,1,16,0,0,2,2,12500,1,4,3,2,1,0,0,1,1
2,0,0,80.0,7,1,0,1,16,0,0,2,2,12500,1,4,3,2,1,1,0,1,1
2,0,0,80.0,7,2,1,1,16,0,0,2,2,12500,1,4,3,2,1,1,1,0,0
2,0,0,80.0,7,2,1,1,16,0,0,2,2,12500,1,4,3,2,1,0,0,1,1
2,0,0,55.0,7,1,1,1,16,0,0,2,2,12500,1,4,3,2,1,1,0,0,1
0,0,0,80.0,10,3,1,0,36,1,1,5,3,37500,1,0,3,2,1,0,0,0,0
0,1,0,80.0,10,1,0,0,36,1,1,5,3,37500,1,0,3,2,1,1,0,0,0
0,1,0,80.0,14,0,0,0,36,1,1,5,3,37500,1,0,3,2,1,1,0,0,0
0,1,0,80.0,18,0,1,0,36,1,1,5,3,37500,1,0,3,2,1,1,0,0,1
0,1,0,80.0,14,1,1,0,36,1,1,5,3,37500,1,0,3,2,1,0,0,0,0
0,0,0,80.0,14,0,0,0,36,1,1,5,3,37500,1,0,3,2,1,1,0,0,1
1,0,0,55.0,18,4,0,0,36,1,1,5,3,37500,1,0,3,2,1,1,0,0,0
1,0,0,80.0,18,1,1,0,36,1,1,5,3,37500,1,0,3,2,1,0,0,1,0
1,0,0,80.0,18,1,1,0,36,1,1,5,3,37500,1,0,3,2,1,0,0,0,0
1,0,0,55.0,22,2,1,0,36,1,1,5,3,37500,1,0,3,2,1,1,1,0,1
1,0,0,80.0,18,0,0,0,36,1,1,5,3,37500,1,0,3,2,1,0,0,1,1
1,0,0,80.0,18,1,0,0,36,1,1,5,3,37500,1,0,3,2,1,1,1,0,0
1,0,0,80.0,22,0,0,0,36,1,1,5,3,37500,1,0,3,2,1,0,0,1,0
1,0,0,80.0,22,2,1,0,36,1,1,5,3,37500,1,0,3,2,1,0,0,1,1
1,0,0,80.0,22,3,1,0,36,1,1,5,3,37500,1,0,3,2,1,1,0,1,0
2,0,0,80.0,7,1,0,0,36,1,1,5,3,37500,1,0,3,2,1,0,0,1,0
2,0,0,80.0,7,1,0,0,36,1,1,5,3,37500,1,0,3,2,1,1,0,1,0
2,0,0,80.0,7,4,0,0,36,1,1,5,3,37500,1,0,3,2,1,1,0,0,0
2,0,0,80.0,7,2,1,0,36,1,1,5,3,37500,1,0,3,2,1,1,1,0,1
2,0,0,80.0,7,2,1,0,36,1,1,5,3,37500,1,0,3,2,1,1,1,0,1
2,0,0,80.0,7,2,1,0,36,1,1,5,3,37500,1,0,3,2,1,0,0,1,0
2,0,0,55.0,7,1,1,0,36,1,1,5,3,37500,1,0,3,2,1,1,0,0,0
0,0,0,80.0,10,3,1,0,26,1,0,4,0,25000,0,1,2,3,0,0,0,0,0
0,1,0,80.0,10,1,0,0,26,1,0,4,0,25000,0,1,2,3,0,1,0,0,1
0,1,0,80.0,14,0,0,0,26,1,0,4,0,25000,0,1,2,3,0,1,0,0,1
0,1,0,80.0,18,0,1,0,26,1,0,4,0,25000,0,1,2,3,0,1,0,0,1
0,1,0,55.0,14,1,1,0,26,1,0,4,0,25000,0,1,2,3,0,0,0,0,1
0,0,0,80.0,14,0,0,0,26,1,0,4,0,25000,0,1,2,3,0,1,0,0,1
0,3,0,80.0,10,1,1,0,26,1,0,4,0,25000,0,1,2,3,0,1,0,0,1
1,0,0,55.0,18,4,0,0,26,1,0,4,0,25000,0,1,2,3,0,1,0,0,0
1,0,0,80.0,18,1,1,0,26,1,0,4,0,25000,0,1,2,3,0,0,0,1,1
1,0,0,80.0,18,1,1,0,26,1,0,4,0,25000,0,1,2,3,0,0,0,0,0
1,0,0,55.0,22,2,1,0,26,1,0,4,0,25000,0,1,2,3,0,1,1,0,1
1,0,0,80.0,18,0,0,0,26,1,0,4,0,25000,0,1,2,3,0,0,0,1,1
1,0,0,80.0,18,1,0,0,26,1,0,4,0,25000,0,1,2,3,0,1,1,0,1
1,0,0,80.0,22,0,0,0,26,1,0,4,0,25000,0,1,2,3,0,0,0,1,1
1,0,0,80.0,22,2,1,0,26,1,0,4,0,25000,0,1,2,3,0,0,0,1,1
1,0,0,80.0,22,3,1,0,26,1,0,4,0,25000,0,1,2,3,0,1,0,1,0
2,0,0,80.0,7,1,0,0,26,1,0,4,0,25000,0,1,2,3,0,0,0,1,1
2,0,0,80.0,7,1,0,0,26,1,0,4,0,25000,0,1,2,3,0,1,0,1,1
2,0,0,80.0,7,4,0,0,26,1,0,4,0,25000,0,1,2,3,0,1,0,0,0
2,0,0,80.0,7,2,1,0,26,1,0,4,0,25000,0,1,2,3,0,1,1,0,0
2,0,0,80.0,7,2,1,0,26,1,0,4,0,25000,0,1,2,3,0,1,1,0,0
2,0,0,80.0,7,2,1,0,26,1,0,4,0,25000,0,1,2,3,0,0,0,1,0
2,0,0,55.0,7,1,1,0,26,1,0,4,0,25000,0,1,2,3,0,1,0,0,0
0,0,0,80.0,10,3,1,0,36,0,0,5,15,62500,2,4,3,4,2,0,0,0,0
0,1,0,80.0,10,1,0,0,36,0,0,5,15,62500,2,4,3,4,2,1,0,0,1
0,1,0,80.0,14,0,0,0,36,0,0,5,15,62500,2,4,3,4,2,1,0,0,1
0,1,0,80.0,18,0,1,0,36,0,0,5,15,62500,2,4,3,4,2,1,0,0,1
0,1,0,55.0,14,1,1,0,36,0,0,5,15,62500,2,4,3,4,2,0,0,0,1
0,3,0,80.0,10,1,1,0,36,0,0,5,15,62500,2,4,3,4,2,0,0,0,1
0,3,0,80.0,10,4,0,0,36,0,0,5,15,62500,2,4,3,4,2,0,0,0,1
0,3,0,80.0,10,1,1,0,36,0,0,5,15,62500,2,4,3,4,2,1,0,0,1
0,3,0,80.0,14,1,0,0,36,0,0,5,15,62500,2,4,3,4,2,0,0,0,1
0,3,0,80.0,18,0,1,0,36,0,0,5,15,62500,2,4,3,4,2,0,0,0,1
0,3,0,80.0,18,3,0,0,36,0,0,5,15,62500,2,4,3,4,2,1,0,0,0
1,0,0,80.0,18,1,1,0,36,0,0,5,15,62500,2,4,3,4,2,0,0,1,1
1,0,0,80.0,18,1,1,0,36,0,0,5,15,62500,2,4,3,4,2,0,0,0,0
1,0,0,80.0,18,0,0,0,36,0,0,5,15,62500,2,4,3,4,2,0,0,1,1
1,0,0,80.0,18,1,0,0,36,0,0,5,15,62500,2,4,3,4,2,1,1,0,0
1,0,0,80.0,22,0,0,0,36,0,0,5,15,62500,2,4,3,4,2,0,0,1,0
1,0,0,80.0,22,2,1,0,36,0,0,5,15,62500,2,4,3,4,2,0,0,1,0
2,0,0,80.0,7,1,0,0,36,0,0,5,15,62500,2,4,3,4,2,0,0,1,1
2,0,0,80.0,7,1,0,0,36,0,0,5,15,62500,2,4,3,4,2,1,0,1,1
2,0,0,80.0,7,2,1,0,36,0,0,5,15,62500,2,4,3,4,2,1,1,0,0
2,0,0,80.0,7,2,1,0,36,0,0,5,15,62500,2,4,3,4,2,0,0,1,0
2,0,0,55.0,7,1,1,0,36,0,0,5,15,62500,2,4,3,4,2,1,0,0,0
0,0,0,80.0,10,3,1,0,46,2,1,2,11,37500,0,1,1,2,1,0,0,0,0
0,1,0,80.0,10,1,0,0,46,2,1,2,11,37500,0,1,1,2,1,1,0,0,1
0,1,0,80.0,14,0,0,0,46,2,1,2,11,37500,0,1,1,2,1,1,0,0,1
0,1,0,80.0,18,0,1,0,46,2,1,2,11,37500,0,1,1,2,1,1,0,0,1
0,1,0,55.0,14,1,1,0,46,2,1,2,11,37500,0,1,1,2,1,0,0,0,1
0,2,0,80.0,10,0,1,0,46,2,1,2,11,37500,0,1,1,2,1,1,0,0,0
0,2,0,80.0,10,2,1,0,46,2,1,2,11,37500,0,1,1,2,1,1,0,0,1
0,2,0,80.0,10,3,0,0,46,2,1,2,11,37500,0,1,1,2,1,1,0,0,0
0,2,0,80.0,14,0,0,0,46,2,1,2,11,37500,0,1,1,2,1,0,0,0,0
0,2,0,55.0,14,1,0,0,46,2,1,2,11,37500,0,1,1,2,1,1,0,0,1
0,2,0,55.0,18,1,1,0,46,2,1,2,11,37500,0,1,1,2,1,1,0,0,1
1,0,0,80.0,18,1,1,0,46,2,1,2,11,37500,0,1,1,2,1,0,0,1,0
1,0,0,80.0,18,1,1,0,46,2,1,2,11,37500,0,1,1,2,1,0,0,0,0
1,0,0,80.0,18,0,0,0,46,2,1,2,11,37500,0,1,1,2,1,0,0,1,0
1,0,0,80.0,18,1,0,0,46,2,1,2,11,37500,0,1,1,2,1,1,1,0,0
1,0,0,80.0,22,0,0,0,46,2,1,2,11,37500,0,1,1,2,1,0,0,1,0
1,0,0,80.0,22,2,1,0,46,2,1,2,11,37500,0,1,1,2,1,0,0,1,1
2,0,0,80.0,7,1,0,0,46,2,1,2,11,37500,0,1,1,2,1,0,0,1,0
2,0,0,80.0,7,1,0,0,46,2,1,2,11,37500,0,1,1,2,1,1,0,1,0
2,0,0,80.0,7,2,1,0,46,2,1,2,11,37500,0,1,1,2,1,1,1,0,1
2,0,0,80.0,7,2,1,0,46,2,1,2,11,37500,0,1,1,2,1,0,0,1,1
2,0,0,55.0,7,1,1,0,46,2,1,2,11,37500,0,1,1,2,1,1,0,0,0
0,0,0,80.0,10,3,1,0,31,2,1,2,13,37500,2,2,3,2,1,0,0,0,1
0,1,0,80.0,10,1,0,0,31,2,1,2,13,37500,2,2,3,2,1,1,0,0,1
0,1,0,80.0,14,0,0,0,31,2,1,2,13,37500,2,2,3,2,1,1,0,0,1
0,1,0,80.0,18,0,1,0,31,2,1,2,13,37500,2,2,3,2,1,1,0,0,1
0,1,0,55.0,14,1,1,0,31,2,1,2,13,37500,2,2,3,2,1,0,0,0,1
0,2,0,80.0,10,0,1,0,31,2,1,2,13,37500,2,2,3,2,1,1,0,0,1
0,2,0,80.0,10,2,1,0,31,2,1,2,13,37500,2,2,3,2,1,1,0,0,1
0,2,0,80.0,10,3,0,0,31,2,1,2,13,37500,2,2,3,2,1,1,0,0,0
0,2,0,80.0,14,0,0,0,31,2,1,2,13,37500,2,2,3,2,1,0,0,0,1
0,2,0,55.0,14,1,0,0,31,2,1,2,13,37500,2,2,3,2,1,1,0,0,0
0,2,0,55.0,18,1,1,0,31,2,1,2,13,37500,2,2,3,2,1,1,0,0,1
1,0,0,80.0,18,1,1,0,31,2,1,2,13,37500,2,2,3,2,1,0,0,1,0
1,0,0,80.0,18,1,1,0,31,2,1,2,13,37500,2,2,3,2,1,0,0,0,0
1,0,0,80.0,18,0,0,0,31,2,1,2,13,37500,2,2,3,2,1,0,0,1,0
1,0,0,80.0,18,1,0,0,31,2,1,2,13,37500,2,2,3,2,1,1,1,0,0
1,0,0,80.0,22,0,0,0,31,2,1,2,13,37500,2,2,3,2,1,0,0,1,1
1,0,0,80.0,22,2,1,0,31,2,1,2,13,37500,2,2,3,2,1,0,0,1,0
2,0,0,80.0,7,1,0,0,31,2,1,2,13,37500,2,2,3,2,1,0,0,1,1
2,0,0,80.0,7,1,0,0,31,2,1,2,13,37500,2,2,3,2,1,1,0,1,1
2,0,0,80.0,7,2,1,0,31,2,1,2,13,37500,2,2,3,2,1,1,1,0,1
2,0,0,80.0,7,2,1,0,31,2,1,2,13,37500,2,2,3,2,1,0,0,1,1
2,0,0,55.0,7,1,1,0,31,2,1,2,13,37500,2,2,3,2,1,1,0,0,1
0,0,0,80.0,10,3,1,0,26,0,0,5,3,37500,0,2,2,2,1,0,0,0,0
0,1,0,80.0,10,1,0,0,26,0,0,5,3,37500,0,2,2,2,1,1,0,0,1
0,1,0,80.0,14,0,0,0,26,0,0,5,3,37500,0,2,2,2,1,1,0,0,1
0,1,0,80.0,18,0,1,0,26,0,0,5,3,37500,0,2,2,2,1,1,0,0,1
0,1,0,55.0,14,1,1,0,26,0,0,5,3,37500,0,2,2,2,1,0,0,0,1
0,3,0,80.0,10,1,1,0,26,0,0,5,3,37500,0,2,2,2,1,0,0,0,1
0,3,0,80.0,10,4,0,0,26,0,0,5,3,37500,0,2,2,2,1,0,0,0,0
0,3,0,80.0,10,1,1,0,26,0,0,5,3,37500,0,2,2,2,1,1,0,0,1
0,3,0,80.0,14,1,0,0,26,0,0,5,3,37500,0,2,2,2,1,0,0,0,1
0,3,0,80.0,18,0,1,0,26,0,0,5,3,37500,0,2,2,2,1,0,0,0,1
0,3,0,80.0,18,3,0,0,26,0,0,5,3,37500,0,2,2,2,1,1,0,0,0
1,0,0,80.0,18,1,1,0,26,0,0,5,3,37500,0,2,2,2,1,0,0,1,0
1,0,0,80.0,18,1,1,0,26,0,0,5,3,37500,0,2,2,2,1,0,0,0,1
1,0,0,80.0,18,1,0,0,26,0,0,5,3,37500,0,2,2,2,1,1,1,0,0
1,0,0,80.0,22,0,0,0,26,0,0,5,3,37500,0,2,2,2,1,0,0,1,0
1,0,0,80.0,22,2,1,0,26,0,0,5,3,37500,0,2,2,2,1,0,0,1,1
2,0,0,80.0,7,1,0,0,26,0,0,5,3,37500,0,2,2,2,1,0,0,1,1
2,0,0,80.0,7,1,0,0,26,0,0,5,3,37500,0,2,2,2,1,1,0,1,1
2,0,0,80.0,7,2,1,0,26,0,0,5,3,37500,0,2,2,2,1,1,1,0,1
2,0,0,80.0,7,2,1,0,26,0,0,5,3,37500,0,2,2,2,1,1,1,0,1
2,0,0,80.0,7,2,1,0,26,0,0,5,3,37500,0,2,2,2,1,0,0,1,1
2,0,0,55.0,7,1,1,0,26,0,0,5,3,37500,0,2,2,2,1,1,0,0,1
0,0,0,80.0,10,3,1,1,36,2,0,5,3,100000,0,0,2,2,1,0,0,0,0
0,1,0,80.0,10,1,0,1,36,2,0,5,3,100000,0,0,2,2,1,1,0,0,0
0,1,0,80.0,14,0,0,1,36,2,0,5,3,100000,0,0,2,2,1,1,0,0,1
0,1,0,80.0,18,0,1,1,36,2,0,5,3,100000,0,0,2,2,1,1,0,0,1
0,1,0,55.0,14,1,1,1,36,2,0,5,3,100000,0,0,2,2,1,0,0,0,0
0,3,0,80.0,10,1,1,1,36,2,0,5,3,100000,0,0,2,2,1,0,0,0,0
0,3,0,80.0,10,4,0,1,36,2,0,5,3,100000,0,0,2,2,1,0,0,0,1
0,3,0,80.0,10,1,1,1,36,2,0,5,3,100000,0,0,2,2,1,1,0,0,0
0,3,0,80.0,14,1,0,1,36,2,0,5,3,100000,0,0,2,2,1,0,0,0,0
0,3,0,80.0,18,0,1,1,36,2,0,5,3,100000,0,0,2,2,1,0,0,0,1
0,3,0,80.0,18,3,0,1,36,2,0,5,3,100000,0,0,2,2,1,1,0,0,0
1,0,0,80.0,18,1,1,1,36,2,0,5,3,100000,0,0,2,2,1,0,0,1,0
1,0,0,80.0,18,1,1,1,36,2,0,5,3,100000,0,0,2,2,1,0,0,0,0
1,0,0,80.0,18,0,0,1,36,2,0,5,3,100000,0,0,2,2,1,0,0,1,1
1,0,0,80.0,18,1,0,1,36,2,0,5,3,100000,0,0,2,2,1,1,1,0,0
1,0,0,80.0,22,0,0,1,36,2,0,5,3,100000,0,0,2,2,1,0,0,1,1
1,0,0,80.0,22,2,1,1,36,2,0,5,3,100000,0,0,2,2,1,0,0,1,1
2,0,0,80.0,7,1,0,1,36,2,0,5,3,100000,0,0,2,2,1,0,0,1,0
2,0,0,80.0,7,1,0,1,36,2,0,5,3,100000,0,0,2,2,1,1,0,1,0
2,0,0,80.0,7,2,1,1,36,2,0,5,3,100000,0,0,2,2,1,1,1,0,1
2,0,0,80.0,7,2,1,1,36,2,0,5,3,100000,0,0,2,2,1,0,0,1,1
2,0,0,80.0,7,1,1,1,36,2,0,5,3,100000,0,0,2,2,1,1,0,0,0
0,0,0,80.0,10,3,1,1,21,1,1,4,2,25000,3,3,3,2,0,0,0,0,0
0,1,0,80.0,10,1,0,1,21,1,1,4,2,25000,3,3,3,2,0,1,0,0,1
0,1,0,80.0,14,0,0,1,21,1,1,4,2,25000,3,3,3,2,0,1,0,0,1
0,1,0,80.0,18,0,1,1,21,1,1,4,2,25000,3,3,3,2,0,1,0,0,1
0,1,0,55.0,14,1,1,1,21,1,1,4,2,25000,3,3,3,2,0,0,0,0,1
0,0,0,80.0,14,0,0,1,21,1,1,4,2,25000,3,3,3,2,0,1,0,0,1
1,0,0,55.0,18,4,0,1,21,1,1,4,2,25000,3,3,3,2,0,1,0,0,1
1,0,0,80.0,18,1,1,1,21,1,1,4,2,25000,3,3,3,2,0,0,0,1,1
1,0,0,80.0,18,1,1,1,21,1,1,4,2,25000,3,3,3,2,0,0,0,0,1
1,0,0,55.0,22,2,1,1,21,1,1,4,2,25000,3,3,3,2,0,1,1,0,1
1,0,0,80.0,18,0,0,1,21,1,1,4,2,25000,3,3,3,2,0,0,0,1,1
1,0,0,80.0,18,1,0,1,21,1,1,4,2,25000,3,3,3,2,0,1,1,0,0
1,0,0,80.0,22,0,0,1,21,1,1,4,2,25000,3,3,3,2,0,0,0,1,1
1,0,0,80.0,22,2,1,1,21,1,1,4,2,25000,3,3,3,2,0,0,0,1,1
1,0,0,80.0,22,3,1,1,21,1,1,4,2,25000,3,3,3,2,0,1,0,1,1
2,0,0,80.0,7,1,0,1,21,1,1,4,2,25000,3,3,3,2,0,0,0,1,1
2,0,0,80.0,7,1,0,1,21,1,1,4,2,25000,3,3,3,2,0,1,0,1,0
2,0,0,80.0,7,4,0,1,21,1,1,4,2,25000,3,3,3,2,0,1,0,0,0
2,0,0,80.0,7,2,1,1,21,1,1,4,2,25000,3,3,3,2,0,1,1,0,0
2,0,0,80.0,7,2,1,1,21,1,1,4,2,25000,3,3,3,2,0,1,1,0,1
2,0,0,80.0,7,2,1,1,21,1,1,4,2,25000,3,3,3,2,0,0,0,1,1
2,0,0,55.0,7,1,1,1,21,1,1,4,2,25000,3,3,3,2,0,1,0,0,1
0,0,0,80.0,10,3,1,0,51,3,1,5,6,37500,1,2,3,2,1,0,0,0,0
0,1,0,80.0,10,1,0,0,51,3,1,5,6,37500,1,2,3,2,1,1,0,0,0
0,1,0,80.0,14,0,0,0,51,3,1,5,6,37500,1,2,3,2,1,1,0,0,0
0,1,0,80.0,18,0,1,0,51,3,1,5,6,37500,1,2,3,2,1,1,0,0,1
0,1,0,55.0,14,1,1,0,51,3,1,5,6,37500,1,2,3,2,1,0,0,0,1
0,0,0,80.0,14,0,0,0,51,3,1,5,6,37500,1,2,3,2,1,1,0,0,0
1,0,0,55.0,18,4,0,0,51,3,1,5,6,37500,1,2,3,2,1,1,0,0,0
1,0,0,80.0,18,1,1,0,51,3,1,5,6,37500,1,2,3,2,1,0,0,1,1
1,0,0,80.0,18,1,1,0,51,3,1,5,6,37500,1,2,3,2,1,0,0,0,1
1,0,0,55.0,22,2,1,0,51,3,1,5,6,37500,1,2,3,2,1,1,1,0,0
1,0,0,80.0,18,0,0,0,51,3,1,5,6,37500,1,2,3,2,1,0,0,1,0
1,0,0,80.0,18,1,0,0,51,3,1,5,6,37500,1,2,3,2,1,1,1,0,0
1,0,0,80.0,22,0,0,0,51,3,1,5,6,37500,1,2,3,2,1,0,0,1,0
1,0,0,80.0,22,2,1,0,51,3,1,5,6,37500,1,2,3,2,1,0,0,1,0
1,0,0,80.0,22,3,1,0,51,3,1,5,6,37500,1,2,3,2,1,1,0,1,0
2,0,0,80.0,7,1,0,0,51,3,1,5,6,37500,1,2,3,2,1,0,0,1,0
2,0,0,80.0,7,1,0,0,51,3,1,5,6,37500,1,2,3,2,1,1,0,1,0
2,0,0,80.0,7,4,0,0,51,3,1,5,6,37500,1,2,3,2,1,1,0,0,1
2,0,0,80.0,7,2,1,0,51,3,1,5,6,37500,1,2,3,2,1,1,1,0,0
2,0,0,80.0,7,2,1,0,51,3,1,5,6,37500,1,2,3,2,1,1,1,0,1
2,0,0,80.0,7,2,1,0,51,3,1,5,6,37500,1,2,3,2,1,0,0,1,0
2,0,0,55.0,7,1,1,0,51,3,1,5,6,37500,1,2,3,2,1,1,0,0,1
0,0,0,80.0,10,3,1,0,16,0,0,2,2,25000,0,2,2,3,2,0,0,0,1
0,1,0,80.0,10,1,0,0,16,0,0,2,2,25000,0,2,2,3,2,1,0,0,0
0,1,0,80.0,14,0,0,0,16,0,0,2,2,25000,0,2,2,3,2,1,0,0,1
0,1,0,80.0,18,0,1,0,16,0,0,2,2,25000,0,2,2,3,2,1,0,0,1
0,1,0,55.0,14,1,1,0,16,0,0,2,2,25000,0,2,2,3,2,0,0,0,1
0,3,0,80.0,10,1,1,0,16,0,0,2,2,25000,0,2,2,3,2,0,0,0,1
0,3,0,80.0,10,4,0,0,16,0,0,2,2,25000,0,2,2,3,2,0,0,0,1
0,3,0,80.0,10,1,1,0,16,0,0,2,2,25000,0,2,2,3,2,1,0,0,1
0,3,0,80.0,14,1,0,0,16,0,0,2,2,25000,0,2,2,3,2,0,0,0,0
0,3,0,80.0,18,0,1,0,16,0,0,2,2,25000,0,2,2,3,2,0,0,0,1
0,3,0,80.0,18,3,0,0,16,0,0,2,2,25000,0,2,2,3,2,1,0,0,0
1,0,0,80.0,18,1,1,0,16,0,0,2,2,25000,0,2,2,3,2,0,0,1,1
1,0,0,80.0,18,1,1,0,16,0,0,2,2,25000,0,2,2,3,2,0,0,0,1
1,0,0,80.0,18,0,0,0,16,0,0,2,2,25000,0,2,2,3,2,0,0,1,1
1,0,0,80.0,18,1,0,0,16,0,0,2,2,25000,0,2,2,3,2,1,1,0,0
1,0,0,80.0,22,0,0,0,16,0,0,2,2,25000,0,2,2,3,2,0,0,1,0
1,0,0,80.0,22,2,1,0,16,0,0,2,2,25000,0,2,2,3,2,0,0,1,1
2,0,0,80.0,7,1,0,0,16,0,0,2,2,25000,0,2,2,3,2,0,0,1,1
2,0,0,80.0,7,1,0,0,16,0,0,2,2,25000,0,2,2,3,2,1,0,1,1
2,0,0,80.0,7,2,1,0,16,0,0,2,2,25000,0,2,2,3,2,1,1,0,1
2,0,0,80.0,7,2,1,0,16,0,0,2,2,25000,0,2,2,3,2,0,0,1,1
2,0,0,55.0,7,1,1,0,16,0,0,2,2,25000,0,2,2,3,2,1,0,0,0
0,0,0,80.0,10,3,1,1,31,2,1,5,12,37500,0,0,1,1,0,0,0,0,0
0,1,0,80.0,10,1,0,1,31,2,1,5,12,37500,0,0,1,1,0,1,0,0,1
0,1,0,80.0,14,0,0,1,31,2,1,5,12,37500,0,0,1,1,0,1,0,0,1
0,1,0,80.0,18,0,1,1,31,2,1,5,12,37500,0,0,1,1,0,1,0,0,1
0,1,0,55.0,14,1,1,1,31,2,1,5,12,37500,0,0,1,1,0,0,0,0,0
0,2,0,80.0,10,0,1,1,31,2,1,5,12,37500,0,0,1,1,0,1,0,0,1
0,2,0,80.0,10,2,1,1,31,2,1,5,12,37500,0,0,1,1,0,1,0,0,1
0,2,0,80.0,10,3,0,1,31,2,1,5,12,37500,0,0,1,1,0,1,0,0,0
0,2,0,80.0,14,0,0,1,31,2,1,5,12,37500,0,0,1,1,0,0,0,0,0
0,2,0,55.0,14,1,0,1,31,2,1,5,12,37500,0,0,1,1,0,1,0,0,0
0,2,0,55.0,18,1,1,1,31,2,1,5,12,37500,0,0,1,1,0,1,0,0,0
1,0,0,80.0,18,1,1,1,31,2,1,5,12,37500,0,0,1,1,0,0,0,1,0
1,0,0,80.0,18,1,1,1,31,2,1,5,12,37500,0,0,1,1,0,0,0,0,0
1,0,0,80.0,18,0,0,1,31,2,1,5,12,37500,0,0,1,1,0,0,0,1,1
1,0,0,80.0,18,1,0,1,31,2,1,5,12,37500,0,0,1,1,0,1,1,0,0
1,0,0,80.0,22,0,0,1,31,2,1,5,12,37500,0,0,1,1,0,0,0,1,0
1,0,0,80.0,22,2,1,1,31,2,1,5,12,37500,0,0,1,1,0,0,0,1,1
2,0,0,80.0,7,1,0,1,31,2,1,5,12,37500,0,0,1,1,0,0,0,1,0
2,0,0,80.0,7,1,0,1,31,2,1,5,12,37500,0,0,1,1,0,1,0,1,0
2,0,0,80.0,7,2,1,1,31,2,1,5,12,37500,0,0,1,1,0,1,1,0,1
2,0,0,80.0,7,2,1,1,31,2,1,5,12,37500,0,0,1,1,0,0,0,1,1
2,0,0,55.0,7,1,1,1,31,2,1,5,12,37500,0,0,1,1,0,1,0,0,0
0,0,0,80.0,10,3,1,0,21,0,0,4,2,50000,1,0,2,3,2,0,0,0,0
0,1,0,80.0,10,1,0,0,21,0,0,4,2,50000,1,0,2,3,2,1,0,0,1
0,1,0,80.0,14,0,0,0,21,0,0,4,2,50000,1,0,2,3,2,1,0,0,0
0,1,0,80.0,18,0,1,0,21,0,0,4,2,50000,1,0,2,3,2,1,0,0,1
0,1,0,55.0,14,1,1,0,21,0,0,4,2,50000,1,0,2,3,2,0,0,0,1
0,3,0,80.0,10,1,1,0,21,0,0,4,2,50000,1,0,2,3,2,0,0,0,1
0,3,0,80.0,10,4,0,0,21,0,0,4,2,50000,1,0,2,3,2,0,0,0,1
0,3,0,80.0,10,1,1,0,21,0,0,4,2,50000,1,0,2,3,2,1,0,0,0
0,3,0,80.0,14,1,0,0,21,0,0,4,2,50000,1,0,2,3,2,0,0,0,1
0,3,0,80.0,18,0,1,0,21,0,0,4,2,50000,1,0,2,3,2,0,0,0,1
0,3,0,80.0,18,3,0,0,21,0,0,4,2,50000,1,0,2,3,2,1,0,0,1
1,0,0,80.0,18,1,1,0,21,0,0,4,2,50000,1,0,2,3,2,0,0,1,0
1,0,0,80.0,18,1,1,0,21,0,0,4,2,50000,1,0,2,3,2,0,0,0,0
1,0,0,80.0,18,0,0,0,21,0,0,4,2,50000,1,0,2,3,2,0,0,1,1
1,0,0,80.0,18,1,0,0,21,0,0,4,2,50000,1,0,2,3,2,1,1,0,0
1,0,0,80.0,22,0,0,0,21,0,0,4,2,50000,1,0,2,3,2,0,0,1,1
1,0,0,80.0,22,2,1,0,21,0,0,4,2,50000,1,0,2,3,2,0,0,1,1
2,0,0,80.0,7,1,0,0,21,0,0,4,2,50000,1,0,2,3,2,0,0,1,1
2,0,0,80.0,7,1,0,0,21,0,0,4,2,50000,1,0,2,3,2,1,0,1,1
2,0,0,80.0,7,2,1,0,21,0,0,4,2,50000,1,0,2,3,2,1,1,0,1
2,0,0,80.0,7,2,1,0,21,0,0,4,2,50000,1,0,2,3,2,0,0,1,1
2,0,0,55.0,7,1,1,0,21,0,0,4,2,50000,1,0,2,3,2,1,0,0,0
0,0,0,80.0,10,3,1,1,16,1,0,2,2,87500,0,3,2,3,1,0,0,0,1
0,1,0,80.0,10,1,0,1,16,1,0,2,2,87500,0,3,2,3,1,1,0,0,1
0,1,0,80.0,14,0,0,1,16,1,0,2,2,87500,0,3,2,3,1,1,0,0,1
0,1,0,80.0,18,0,1,1,16,1,0,2,2,87500,0,3,2,3,1,1,0,0,1
0,1,0,55.0,14,1,1,1,16,1,0,2,2,87500,0,3,2,3,1,0,0,0,1
0,0,0,80.0,14,0,0,1,16,1,0,2,2,87500,0,3,2,3,1,1,0,0,1
1,0,0,80.0,18,1,1,1,16,1,0,2,2,87500,0,3,2,3,1,0,0,1,1
1,0,0,80.0,18,1,1,1,16,1,0,2,2,87500,0,3,2,3,1,0,0,0,1
1,0,0,55.0,22,2,1,1,16,1,0,2,2,87500,0,3,2,3,1,1,1,0,1
1,0,0,80.0,18,0,0,1,16,1,0,2,2,87500,0,3,2,3,1,0,0,1,1
1,0,0,80.0,18,1,0,1,16,1,0,2,2,87500,0,3,2,3,1,1,1,0,1
1,0,0,80.0,22,0,0,1,16,1,0,2,2,87500,0,3,2,3,1,0,0,1,0
1,0,0,80.0,22,2,1,1,16,1,0,2,2,87500,0,3,2,3,1,0,0,1,1
1,0,0,80.0,22,3,1,1,16,1,0,2,2,87500,0,3,2,3,1,1,0,1,1
2,0,0,80.0,7,1,0,1,16,1,0,2,2,87500,0,3,2,3,1,0,0,1,1
2,0,0,80.0,7,1,0,1,16,1,0,2,2,87500,0,3,2,3,1,1,0,1,1
2,0,0,80.0,7,4,0,1,16,1,0,2,2,87500,0,3,2,3,1,1,0,0,0
2,0,0,80.0,7,2,1,1,16,1,0,2,2,87500,0,3,2,3,1,1,1,0,1
2,0,0,80.0,7,2,1,1,16,1,0,2,2,87500,0,3,2,3,1,1,1,0,1
2,0,0,80.0,7,2,1,1,16,1,0,2,2,87500,0,3,2,3,1,0,0,1,1
2,0,0,55.0,7,1,1,1,16,1,0,2,2,87500,0,3,2,3,1,1,0,0,1
0,0,0,80.0,10,3,1,0,51,1,0,4,16,37500,0,0,1,3,1,0,0,0,0
0,1,0,80.0,10,1,0,0,51,1,0,4,16,37500,0,0,1,3,1,1,0,0,0
0,1,0,80.0,14,0,0,0,51,1,0,4,16,37500,0,0,1,3,1,1,0,0,1
0,1,0,80.0,18,0,1,0,51,1,0,4,16,37500,0,0,1,3,1,1,0,0,1
0,1,0,55.0,14,1,1,0,51,1,0,4,16,37500,0,0,1,3,1,0,0,0,0
0,0,0,80.0,14,0,0,0,51,1,0,4,16,37500,0,0,1,3,1,1,0,0,1
1,0,0,55.0,18,4,0,0,51,1,0,4,16,37500,0,0,1,3,1,1,0,0,0
1,0,0,80.0,18,1,1,0,51,1,0,4,16,37500,0,0,1,3,1,0,0,1,0
1,0,0,80.0,18,1,1,0,51,1,0,4,16,37500,0,0,1,3,1,0,0,0,0
1,0,0,55.0,22,2,1,0,51,1,0,4,16,37500,0,0,1,3,1,1,1,0,0
1,0,0,80.0,18,0,0,0,51,1,0,4,16,37500,0,0,1,3,1,0,0,1,1
1,0,0,80.0,18,1,0,0,51,1,0,4,16,37500,0,0,1,3,1,1,1,0,0
1,0,0,80.0,22,0,0,0,51,1,0,4,16,37500,0,0,1,3,1,0,0,1,0
1,0,0,80.0,22,2,1,0,51,1,0,4,16,37500,0,0,1,3,1,0,0,1,0
1,0,0,80.0,22,3,1,0,51,1,0,4,16,37500,0,0,1,3,1,1,0,1,0
2,0,0,80.0,7,1,0,0,51,1,0,4,16,37500,0,0,1,3,1,0,0,1,0
2,0,0,80.0,7,1,0,0,51,1,0,4,16,37500,0,0,1,3,1,1,0,1,0
2,0,0,80.0,7,4,0,0,51,1,0,4,16,37500,0,0,1,3,1,1,0,0,0
2,0,0,80.0,7,2,1,0,51,1,0,4,16,37500,0,0,1,3,1,1,1,0,1
2,0,0,80.0,7,2,1,0,51,1,0,4,16,37500,0,0,1,3,1,1,1,0,1
2,0,0,80.0,7,2,1,0,51,1,0,4,16,37500,0,0,1,3,1,0,0,1,1
2,0,0,55.0,7,1,1,0,51,1,0,4,16,37500,0,0,1,3,1,1,0,0,0
0,0,0,80.0,10,3,1,1,51,2,1,3,0,37500,1,1,1,3,1,0,0,0,1
0,1,0,80.0,10,1,0,1,51,2,1,3,0,37500,1,1,1,3,1,1,0,0,1
0,1,0,80.0,14,0,0,1,51,2,1,3,0,37500,1,1,1,3,1,1,0,0,1
0,1,0,80.0,18,0,1,1,51,2,1,3,0,37500,1,1,1,3,1,1,0,0,1
0,1,0,55.0,14,1,1,1,51,2,1,3,0,37500,1,1,1,3,1,0,0,0,1
0,3,0,80.0,10,1,1,1,51,2,1,3,0,37500,1,1,1,3,1,0,0,0,1
0,3,0,80.0,10,4,0,1,51,2,1,3,0,37500,1,1,1,3,1,0,0,0,0
0,3,0,80.0,10,1,1,1,51,2,1,3,0,37500,1,1,1,3,1,1,0,0,0
0,3,0,80.0,14,1,0,1,51,2,1,3,0,37500,1,1,1,3,1,0,0,0,1
0,3,0,80.0,18,0,1,1,51,2,1,3,0,37500,1,1,1,3,1,0,0,0,1
0,3,0,80.0,18,3,0,1,51,2,1,3,0,37500,1,1,1,3,1,1,0,0,0
1,0,0,80.0,18,1,1,1,51,2,1,3,0,37500,1,1,1,3,1,0,0,1,0
1,0,0,80.0,18,1,1,1,51,2,1,3,0,37500,1,1,1,3,1,0,0,0,0
1,0,0,80.0,18,0,0,1,51,2,1,3,0,37500,1,1,1,3,1,0,0,1,1
1,0,0,80.0,18,1,0,1,51,2,1,3,0,37500,1,1,1,3,1,1,1,0,0
1,0,0,80.0,22,0,0,1,51,2,1,3,0,37500,1,1,1,3,1,0,0,1,0
1,0,0,80.0,22,2,1,1,51,2,1,3,0,37500,1,1,1,3,1,0,0,1,1
2,0,0,80.0,7,1,0,1,51,2,1,3,0,37500,1,1,1,3,1,0,0,1,0
2,0,0,80.0,7,1,0,1,51,2,1,3,0,37500,1,1,1,3,1,1,0,1,0
2,0,0,80.0,7,2,1,1,51,2,1,3,0,37500,1,1,1,3,1,1,1,0,1
2,0,0,80.0,7,2,1,1,51,2,1,3,0,37500,1,1,1,3,1,0,0,1,1
2,0,0,55.0,7,1,1,1,51,2,1,3,0,37500,1,1,1,3,1,1,0,0,0
0,0,0,80.0,10,3,1,1,21,1,0,1,2,37500,1,0,1,1,0,0,0,0,1
0,1,0,80.0,10,1,0,1,21,1,0,1,2,37500,1,0,1,1,0,1,0,0,0
0,1,0,80.0,14,0,0,1,21,1,0,1,2,37500,1,0,1,1,0,1,0,0,0
0,1,0,80.0,18,0,1,1,21,1,0,1,2,37500,1,0,1,1,0,1,0,0,1
0,1,0,55.0,14,1,1,1,21,1,0,1,2,37500,1,0,1,1,0,0,0,0,1
0,0,0,80.0,14,0,0,1,21,1,0,1,2,37500,1,0,1,1,0,1,0,0,1
1,0,0,55.0,18,4,0,1,21,1,0,1,2,37500,1,0,1,1,0,1,0,0,1
1,0,0,80.0,18,1,1,1,21,1,0,1,2,37500,1,0,1,1,0,0,0,1,1
1,0,0,80.0,18,1,1,1,21,1,0,1,2,37500,1,0,1,1,0,0,0,0,1
1,0,0,55.0,22,2,1,1,21,1,0,1,2,37500,1,0,1,1,0,1,1,0,1
1,0,0,80.0,18,0,0,1,21,1,0,1,2,37500,1,0,1,1,0,0,0,1,0
1,0,0,80.0,18,1,0,1,21,1,0,1,2,37500,1,0,1,1,0,1,1,0,0
1,0,0,80.0,22,0,0,1,21,1,0,1,2,37500,1,0,1,1,0,0,0,1,0
1,0,0,80.0,22,2,1,1,21,1,0,1,2,37500,1,0,1,1,0,0,0,1,1
1,0,0,80.0,22,3,1,1,21,1,0,1,2,37500,1,0,1,1,0,1,0,1,1
2,0,0,80.0,7,1,0,1,21,1,0,1,2,37500,1,0,1,1,0,0,0,1,0
2,0,0,80.0,7,1,0,1,21,1,0,1,2,37500,1,0,1,1,0,1,0,1,0
2,0,0,80.0,7,4,0,1,21,1,0,1,2,37500,1,0,1,1,0,1,0,0,1
2,0,0,80.0,7,2,1,1,21,1,0,1,2,37500,1,0,1,1,0,1,1,0,1
2,0,0,80.0,7,2,1,1,21,1,0,1,2,37500,1,0,1,1,0,1,1,0,1
2,0,0,80.0,7,2,1,1,21,1,0,1,2,37500,1,0,1,1,0,0,0,1,1
2,0,0,55.0,7,1,1,1,21,1,0,1,2,37500,1,0,1,1,0,1,0,0,1
0,0,0,80.0,10,3,1,0,31,1,0,4,12,50000,3,2,2,2,1,0,0,0,0
0,1,0,80.0,10,1,0,0,31,1,0,4,12,50000,3,2,2,2,1,1,0,0,1
0,1,0,80.0,14,0,0,0,31,1,0,4,12,50000,3,2,2,2,1,1,0,0,1
0,1,0,80.0,18,0,1,0,31,1,0,4,12,50000,3,2,2,2,1,1,0,0,1
0,1,0,55.0,14,1,1,0,31,1,0,4,12,50000,3,2,2,2,1,0,0,0,1
0,0,0,80.0,14,0,0,0,31,1,0,4,12,50000,3,2,2,2,1,1,0,0,1
1,0,0,55.0,18,4,0,0,31,1,0,4,12,50000,3,2,2,2,1,1,0,0,0
1,0,0,80.0,18,1,1,0,31,1,0,4,12,50000,3,2,2,2,1,0,0,1,1
1,0,0,80.0,18,1,1,0,31,1,0,4,12,50000,3,2,2,2,1,0,0,0,1
1,0,0,55.0,22,2,1,0,31,1,0,4,12,50000,3,2,2,2,1,1,1,0,1
1,0,0,80.0,18,0,0,0,31,1,0,4,12,50000,3,2,2,2,1,0,0,1,1
1,0,0,80.0,18,1,0,0,31,1,0,4,12,50000,3,2,2,2,1,1,1,0,0
1,0,0,80.0,22,0,0,0,31,1,0,4,12,50000,3,2,2,2,1,0,0,1,1
1,0,0,80.0,22,2,1,0,31,1,0,4,12,50000,3,2,2,2,1,0,0,1,1
1,0,0,80.0,22,3,1,0,31,1,0,4,12,50000,3,2,2,2,1,1,0,1,1
2,0,0,80.0,7,1,0,0,31,1,0,4,12,50000,3,2,2,2,1,0,0,1,1
2,0,0,80.0,7,1,0,0,31,1,0,4,12,50000,3,2,2,2,1,1,0,1,1
2,0,0,80.0,7,4,0,0,31,1,0,4,12,50000,3,2,2,2,1,1,0,0,0
2,0,0,80.0,7,2,1,0,31,1,0,4,12,50000,3,2,2,2,1,1,1,0,1
2,0,0,80.0,7,2,1,0,31,1,0,4,12,50000,3,2,2,2,1,1,1,0,1
2,0,0,80.0,7,2,1,0,31,1,0,4,12,50000,3,2,2,2,1,0,0,1,1
2,0,0,55.0,7,1,1,0,31,1,0,4,12,50000,3,2,2,2,1,1,0,0,1
0,0,0,80.0,10,3,1,0,21,1,0,2,6,12500,0,2,3,2,0,0,0,0,1
0,1,0,80.0,10,1,0,0,21,1,0,2,6,12500,0,2,3,2,0,1,0,0,0
0,1,0,80.0,14,0,0,0,21,1,0,2,6,12500,0,2,3,2,0,1,0,0,0
0,1,0,80.0,18,0,1,0,21,1,0,2,6,12500,0,2,3,2,0,1,0,0,1
0,1,0,55.0,14,1,1,0,21,1,0,2,6,12500,0,2,3,2,0,0,0,0,1
0,0,0,80.0,14,0,0,0,21,1,0,2,6,12500,0,2,3,2,0,1,0,0,0
1,0,0,55.0,18,4,0,0,21,1,0,2,6,12500,0,2,3,2,0,1,0,0,0
1,0,0,80.0,18,1,1,0,21,1,0,2,6,12500,0,2,3,2,0,0,0,1,1
1,0,0,80.0,18,1,1,0,21,1,0,2,6,12500,0,2,3,2,0,0,0,0,1
1,0,0,55.0,22,2,1,0,21,1,0,2,6,12500,0,2,3,2,0,1,1,0,1
1,0,0,80.0,18,0,0,0,21,1,0,2,6,12500,0,2,3,2,0,0,0,1,0
1,0,0,80.0,18,1,0,0,21,1,0,2,6,12500,0,2,3,2,0,1,1,0,0
1,0,0,80.0,22,0,0,0,21,1,0,2,6,12500,0,2,3,2,0,0,0,1,0
1,0,0,80.0,22,2,1,0,21,1,0,2,6,12500,0,2,3,2,0,0,0,1,1
1,0,0,80.0,22,3,1,0,21,1,0,2,6,12500,0,2,3,2,0,1,0,1,1
2,0,0,80.0,7,1,0,0,21,1,0,2,6,12500,0,2,3,2,0,0,0,1,0
2,0,0,80.0,7,1,0,0,21,1,0,2,6,12500,0,2,3,2,0,1,0,1,0
2,0,0,80.0,7,4,0,0,21,1,0,2,6,12500,0,2,3,2,0,1,0,0,0
2,0,0,80.0,7,2,1,0,21,1,0,2,6,12500,0,2,3,2,0,1,1,0,1
2,0,0,80.0,7,2,1,0,21,1,0,2,6,12500,0,2,3,2,0,1,1,0,1
2,0,0,80.0,7,2,1,0,21,1,0,2,6,12500,0,2,3,2,0,0,0,1,1
2,0,0,55.0,7,1,1,0,21,1,0,2,6,12500,0,2,3,2,0,1,0,0,1
0,0,0,80.0,10,3,1,1,16,1,0,2,2,62500,0,2,3,2,1,0,0,0,1
0,1,0,80.0,10,1,0,1,16,1,0,2,2,62500,0,2,3,2,1,1,0,0,1
0,1,0,80.0,14,0,0,1,16,1,0,2,2,62500,0,2,3,2,1,1,0,0,0
0,1,0,80.0,18,0,1,1,16,1,0,2,2,62500,0,2,3,2,1,1,0,0,1
0,1,0,55.0,14,1,1,1,16,1,0,2,2,62500,0,2,3,2,1,0,0,0,1
0,0,0,80.0,14,0,0,1,16,1,0,2,2,62500,0,2,3,2,1,1,0,0,1
1,0,0,55.0,18,4,0,1,16,1,0,2,2,62500,0,2,3,2,1,1,0,0,0
1,0,0,80.0,18,1,1,1,16,1,0,2,2,62500,0,2,3,2,1,0,0,1,1
1,0,0,80.0,18,1,1,1,16,1,0,2,2,62500,0,2,3,2,1,0,0,0,1
1,0,0,55.0,22,2,1,1,16,1,0,2,2,62500,0,2,3,2,1,1,1,0,1
1,0,0,80.0,18,0,0,1,16,1,0,2,2,62500,0,2,3,2,1,0,0,1,0
1,0,0,80.0,18,1,0,1,16,1,0,2,2,62500,0,2,3,2,1,1,1,0,1
1,0,0,80.0,22,0,0,1,16,1,0,2,2,62500,0,2,3,2,1,0,0,1,0
1,0,0,80.0,22,2,1,1,16,1,0,2,2,62500,0,2,3,2,1,0,0,1,1
1,0,0,80.0,22,3,1,1,16,1,0,2,2,62500,0,2,3,2,1,1,0,1,1
2,0,0,80.0,7,1,0,1,16,1,0,2,2,62500,0,2,3,2,1,0,0,1,1
2,0,0,80.0,7,1,0,1,16,1,0,2,2,62500,0,2,3,2,1,1,0,1,1
2,0,0,80.0,7,4,0,1,16,1,0,2,2,62500,0,2,3,2,1,1,0,0,0
2,0,0,80.0,7,2,1,1,16,1,0,2,2,62500,0,2,3,2,1,1,1,0,1
2,0,0,80.0,7,2,1,1,16,1,0,2,2,62500,0,2,3,2,1,1,1,0,1
2,0,0,80.0,7,2,1,1,16,1,0,2,2,62500,0,2,3,2,1,0,0,1,1
2,0,0,55.0,7,1,1,1,16,1,0,2,2,62500,0,2,3,2,1,1,0,0,1
0,0,0,80.0,10,3,1,1,31,2,1,4,7,50000,0,0,0,1,1,0,0,0,0
0,1,0,80.0,10,1,0,1,31,2,1,4,7,50000,0,0,0,1,1,1,0,0,1
0,1,0,80.0,14,0,0,1,31,2,1,4,7,50000,0,0,0,1,1,1,0,0,1
0,1,0,80.0,18,0,1,1,31,2,1,4,7,50000,0,0,0,1,1,1,0,0,1
0,1,0,55.0,14,1,1,1,31,2,1,4,7,50000,0,0,0,1,1,0,0,0,0
0,2,0,80.0,10,0,1,1,31,2,1,4,7,50000,0,0,0,1,1,1,0,0,0
0,2,0,80.0,10,2,1,1,31,2,1,4,7,50000,0,0,0,1,1,1,0,0,1
0,2,0,80.0,10,3,0,1,31,2,1,4,7,50000,0,0,0,1,1,1,0,0,0
0,2,0,80.0,14,0,0,1,31,2,1,4,7,50000,0,0,0,1,1,0,0,0,0
0,2,0,55.0,14,1,0,1,31,2,1,4,7,50000,0,0,0,1,1,1,0,0,0
0,2,0,55.0,18,1,1,1,31,2,1,4,7,50000,0,0,0,1,1,1,0,0,0
1,0,0,80.0,18,1,1,1,31,2,1,4,7,50000,0,0,0,1,1,0,0,1,1
1,0,0,80.0,18,1,1,1,31,2,1,4,7,50000,0,0,0,1,1,0,0,0,0
1,0,0,80.0,18,0,0,1,31,2,1,4,7,50000,0,0,0,1,1,0,0,1,1
1,0,0,80.0,18,1,0,1,31,2,1,4,7,50000,0,0,0,1,1,1,1,0,0
1,0,0,80.0,22,0,0,1,31,2,1,4,7,50000,0,0,0,1,1,0,0,1,1
1,0,0,80.0,22,2,1,1,31,2,1,4,7,50000,0,0,0,1,1,0,0,1,1
2,0,0,80.0,7,1,0,1,31,2,1,4,7,50000,0,0,0,1,1,0,0,1,0
2,0,0,80.0,7,1,0,1,31,2,1,4,7,50000,0,0,0,1,1,1,0,1,1
2,0,0,80.0,7,2,1,1,31,2,1,4,7,50000,0,0,0,1,1,1,1,0,0
2,0,0,80.0,7,2,1,1,31,2,1,4,7,50000,0,0,0,1,1,0,0,1,0
2,0,0,55.0,7,1,1,1,31,2,1,4,7,50000,0,0,0,1,1,1,0,0,1
0,0,0,80.0,10,3,1,0,31,2,1,2,8,12500,0,2,3,3,0,0,0,0,0
0,1,0,80.0,10,1,0,0,31,2,1,2,8,12500,0,2,3,3,0,1,0,0,1
0,1,0,80.0,14,0,0,0,31,2,1,2,8,12500,0,2,3,3,0,1,0,0,1
0,1,0,80.0,18,0,1,0,31,2,1,2,8,12500,0,2,3,3,0,1,0,0,1
0,1,0,55.0,14,1,1,0,31,2,1,2,8,12500,0,2,3,3,0,0,0,0,1
0,2,0,80.0,10,0,1,0,31,2,1,2,8,12500,0,2,3,3,0,1,0,0,1
0,2,0,80.0,10,2,1,0,31,2,1,2,8,12500,0,2,3,3,0,1,0,0,1
0,2,0,80.0,10,3,0,0,31,2,1,2,8,12500,0,2,3,3,0,1,0,0,0
0,2,0,80.0,14,0,0,0,31,2,1,2,8,12500,0,2,3,3,0,0,0,0,1
0,2,0,55.0,14,1,0,0,31,2,1,2,8,12500,0,2,3,3,0,1,0,0,0
0,2,0,55.0,18,1,1,0,31,2,1,2,8,12500,0,2,3,3,0,1,0,0,1
1,0,0,80.0,18,1,1,0,31,2,1,2,8,12500,0,2,3,3,0,0,0,1,1
1,0,0,80.0,18,1,1,0,31,2,1,2,8,12500,0,2,3,3,0,0,0,0,1
1,0,0,80.0,18,0,0,0,31,2,1,2,8,12500,0,2,3,3,0,0,0,1,0
1,0,0,80.0,18,1,0,0,31,2,1,2,8,12500,0,2,3,3,0,1,1,0,1
1,0,0,80.0,22,0,0,0,31,2,1,2,8,12500,0,2,3,3,0,0,0,1,0
1,0,0,80.0,22,2,1,0,31,2,1,2,8,12500,0,2,3,3,0,0,0,1,1
2,0,0,80.0,7,1,0,0,31,2,1,2,8,12500,0,2,3,3,0,0,0,1,1
2,0,0,80.0,7,1,0,0,31,2,1,2,8,12500,0,2,3,3,0,1,0,1,1
2,0,0,80.0,7,2,1,0,31,2,1,2,8,12500,0,2,3,3,0,1,1,0,1
2,0,0,80.0,7,2,1,0,31,2,1,2,8,12500,0,2,3,3,0,0,0,1,1
2,0,0,55.0,7,1,1,0,31,2,1,2,8,12500,0,2,3,3,0,1,0,0,1
0,0,0,80.0,10,3,1,0,21,0,1,3,21,12500,0,0,1,2,0,0,0,0,0
0,1,0,80.0,10,1,0,0,21,0,1,3,21,12500,0,0,1,2,0,1,0,0,0
0,1,0,80.0,14,0,0,0,21,0,1,3,21,12500,0,0,1,2,0,1,0,0,1
0,1,0,80.0,18,0,1,0,21,0,1,3,21,12500,0,0,1,2,0,1,0,0,1
0,1,0,55.0,14,1,1,0,21,0,1,3,21,12500,0,0,1,2,0,0,0,0,0
0,2,0,80.0,10,0,1,0,21,0,1,3,21,12500,0,0,1,2,0,1,0,0,1
0,2,0,80.0,10,2,1,0,21,0,1,3,21,12500,0,0,1,2,0,1,0,0,1
0,2,0,80.0,10,3,0,0,21,0,1,3,21,12500,0,0,1,2,0,1,0,0,0
0,2,0,80.0,14,0,0,0,21,0,1,3,21,12500,0,0,1,2,0,0,0,0,1
0,2,0,55.0,14,1,0,0,21,0,1,3,21,12500,0,0,1,2,0,1,0,0,0
0,2,0,55.0,18,1,1,0,21,0,1,3,21,12500,0,0,1,2,0,1,0,0,0
1,0,0,80.0,18,1,1,0,21,0,1,3,21,12500,0,0,1,2,0,0,0,1,0
1,0,0,80.0,18,1,1,0,21,0,1,3,21,12500,0,0,1,2,0,0,0,0,0
1,0,0,80.0,18,0,0,0,21,0,1,3,21,12500,0,0,1,2,0,0,0,1,1
1,0,0,80.0,18,1,0,0,21,0,1,3,21,12500,0,0,1,2,0,1,1,0,0
1,0,0,80.0,22,0,0,0,21,0,1,3,21,12500,0,0,1,2,0,0,0,1,1
1,0,0,80.0,22,2,1,0,21,0,1,3,21,12500,0,0,1,2,0,0,0,1,1
2,0,0,80.0,7,1,0,0,21,0,1,3,21,12500,0,0,1,2,0,0,0,1,0
2,0,0,80.0,7,1,0,0,21,0,1,3,21,12500,0,0,1,2,0,1,0,1,0
2,0,0,80.0,7,2,1,0,21,0,1,3,21,12500,0,0,1,2,0,1,1,0,1
2,0,0,80.0,7,2,1,0,21,0,1,3,21,12500,0,0,1,2,0,0,0,1,1
2,0,0,55.0,7,1,1,0,21,0,1,3,21,12500,0,0,1,2,0,1,0,0,0
0,0,0,80.0,10,3,1,1,31,1,0,1,22,25000,2,0,3,2,1,0,0,0,0
0,1,0,80.0,10,1,0,1,31,1,0,1,22,25000,2,0,3,2,1,1,0,0,0
0,1,0,80.0,14,0,0,1,31,1,0,1,22,25000,2,0,3,2,1,1,0,0,1
0,1,0,80.0,18,0,1,1,31,1,0,1,22,25000,2,0,3,2,1,1,0,0,1
0,1,0,55.0,14,1,1,1,31,1,0,1,22,25000,2,0,3,2,1,0,0,0,0
0,0,0,80.0,14,0,0,1,31,1,0,1,22,25000,2,0,3,2,1,1,0,0,1
1,0,0,55.0,18,4,0,1,31,1,0,1,22,25000,2,0,3,2,1,1,0,0,1
1,0,0,80.0,18,1,1,1,31,1,0,1,22,25000,2,0,3,2,1,0,0,1,0
1,0,0,80.0,18,1,1,1,31,1,0,1,22,25000,2,0,3,2,1,0,0,0,0
1,0,0,55.0,22,2,1,1,31,1,0,1,22,25000,2,0,3,2,1,1,1,0,1
1,0,0,80.0,18,0,0,1,31,1,0,1,22,25000,2,0,3,2,1,0,0,1,0
1,0,0,80.0,18,1,0,1,31,1,0,1,22,25000,2,0,3,2,1,1,1,0,0
1,0,0,80.0,22,0,0,1,31,1,0,1,22,25000,2,0,3,2,1,0,0,1,1
1,0,0,80.0,22,2,1,1,31,1,0,1,22,25000,2,0,3,2,1,0,0,1,1
1,0,0,80.0,22,3,1,1,31,1,0,1,22,25000,2,0,3,2,1,1,0,1,0
2,0,0,80.0,7,1,0,1,31,1,0,1,22,25000,2,0,3,2,1,0,0,1,0
2,0,0,80.0,7,1,0,1,31,1,0,1,22,25000,2,0,3,2,1,1,0,1,0
2,0,0,80.0,7,4,0,1,31,1,0,1,22,25000,2,0,3,2,1,1,0,0,0
2,0,0,80.0,7,2,1,1,31,1,0,1,22,25000,2,0,3,2,1,1,1,0,1
2,0,0,80.0,7,2,1,1,31,1,0,1,22,25000,2,0,3,2,1,1,1,0,1
2,0,0,80.0,7,2,1,1,31,1,0,1,22,25000,2,0,3,2,1,0,0,1,1
2,0,0,55.0,7,1,1,1,31,1,0,1,22,25000,2,0,3,2,1,1,0,0,0
0,0,0,80.0,10,3,1,1,21,1,0,4,6,100000,1,3,2,3,2,0,0,0,1
0,1,0,80.0,10,1,0,1,21,1,0,4,6,100000,1,3,2,3,2,1,0,0,0
0,1,0,80.0,14,0,0,1,21,1,0,4,6,100000,1,3,2,3,2,1,0,0,1
0,1,0,80.0,18,0,1,1,21,1,0,4,6,100000,1,3,2,3,2,1,0,0,1
0,1,0,55.0,14,1,1,1,21,1,0,4,6,100000,1,3,2,3,2,0,0,0,1
0,0,0,80.0,14,0,0,1,21,1,0,4,6,100000,1,3,2,3,2,1,0,0,1
1,0,0,80.0,18,1,1,1,21,1,0,4,6,100000,1,3,2,3,2,0,0,1,1
1,0,0,80.0,18,1,1,1,21,1,0,4,6,100000,1,3,2,3,2,0,0,0,1
1,0,0,55.0,22,2,1,1,21,1,0,4,6,100000,1,3,2,3,2,1,1,0,1
1,0,0,80.0,18,0,0,1,21,1,0,4,6,100000,1,3,2,3,2,0,0,1,0
1,0,0,80.0,18,1,0,1,21,1,0,4,6,100000,1,3,2,3,2,1,1,0,1
1,0,0,80.0,22,0,0,1,21,1,0,4,6,100000,1,3,2,3,2,0,0,1,0
1,0,0,80.0,22,2,1,1,21,1,0,4,6,100000,1,3,2,3,2,0,0,1,1
1,0,0,80.0,22,3,1,1,21,1,0,4,6,100000,1,3,2,3,2,1,0,1,1
2,0,0,80.0,7,1,0,1,21,1,0,4,6,100000,1,3,2,3,2,0,0,1,0
2,0,0,80.0,7,1,0,1,21,1,0,4,6,100000,1,3,2,3,2,1,0,1,1
2,0,0,80.0,7,4,0,1,21,1,0,4,6,100000,1,3,2,3,2,1,0,0,1
2,0,0,80.0,7,2,1,1,21,1,0,4,6,100000,1,3,2,3,2,1,1,0,1
2,0,0,80.0,7,2,1,1,21,1,0,4,6,100000,1,3,2,3,2,1,1,0,1
2,0,0,80.0,7,2,1,1,21,1,0,4,6,100000,1,3,2,3,2,0,0,1,1
2,0,0,55.0,7,1,1,1,21,1,0,4,6,100000,1,3,2,3,2,1,0,0,1
0,0,0,80.0,10,3,1,0,21,1,0,1,0,100000,0,0,1,0,0,0,0,0,0
0,1,0,80.0,10,1,0,0,21,1,0,1,0,100000,0,0,1,0,0,1,0,0,0
0,1,0,80.0,14,0,0,0,21,1,0,1,0,100000,0,0,1,0,0,1,0,0,0
0,1,0,80.0,18,0,1,0,21,1,0,1,0,100000,0,0,1,0,0,1,0,0,1
0,1,0,55.0,14,1,1,0,21,1,0,1,0,100000,0,0,1,0,0,0,0,0,1
0,0,0,80.0,14,0,0,0,21,1,0,1,0,100000,0,0,1,0,0,1,0,0,0
1,0,0,55.0,18,4,0,0,21,1,0,1,0,100000,0,0,1,0,0,1,0,0,0
1,0,0,80.0,18,1,1,0,21,1,0,1,0,100000,0,0,1,0,0,0,0,1,0
1,0,0,80.0,18,1,1,0,21,1,0,1,0,100000,0,0,1,0,0,0,0,0,0
1,0,0,55.0,22,2,1,0,21,1,0,1,0,100000,0,0,1,0,0,1,1,0,1
1,0,0,80.0,18,0,0,0,21,1,0,1,0,100000,0,0,1,0,0,0,0,1,0
1,0,0,80.0,18,1,0,0,21,1,0,1,0,100000,0,0,1,0,0,1,1,0,0
1,0,0,80.0,22,0,0,0,21,1,0,1,0,100000,0,0,1,0,0,0,0,1,0
1,0,0,80.0,22,2,1,0,21,1,0,1,0,100000,0,0,1,0,0,0,0,1,1
1,0,0,80.0,22,3,1,0,21,1,0,1,0,100000,0,0,1,0,0,1,0,1,0
2,0,0,80.0,7,1,0,0,21,1,0,1,0,100000,0,0,1,0,0,0,0,1,0
2,0,0,80.0,7,1,0,0,21,1,0,1,0,100000,0,0,1,0,0,1,0,1,1
2,0,0,80.0,7,4,0,0,21,1,0,1,0,100000,0,0,1,0,0,1,0,0,0
2,0,0,80.0,7,2,1,0,21,1,0,1,0,100000,0,0,1,0,0,1,1,0,1
2,0,0,80.0,7,2,1,0,21,1,0,1,0,100000,0,0,1,0,0,1,1,0,1
2,0,0,80.0,7,2,1,0,21,1,0,1,0,100000,0,0,1,0,0,0,0,1,1
2,0,0,55.0,7,1,1,0,21,1,0,1,0,100000,0,0,1,0,0,1,0,0,1
0,0,0,80.0,10,3,1,0,31,2,0,2,0,50000,0,0,2,4,2,0,0,0,1
0,1,0,80.0,10,1,0,0,31,2,0,2,0,50000,0,0,2,4,2,1,0,0,1
0,1,0,80.0,14,0,0,0,31,2,0,2,0,50000,0,0,2,4,2,1,0,0,1
0,1,0,80.0,18,0,1,0,31,2,0,2,0,50000,0,0,2,4,2,1,0,0,1
0,1,0,55.0,14,1,1,0,31,2,0,2,0,50000,0,0,2,4,2,0,0,0,0
0,3,0,80.0,10,1,1,0,31,2,0,2,0,50000,0,0,2,4,2,0,0,0,0
0,3,0,80.0,10,4,0,0,31,2,0,2,0,50000,0,0,2,4,2,0,0,0,1
0,3,0,80.0,10,1,1,0,31,2,0,2,0,50000,0,0,2,4,2,1,0,0,0
0,3,0,80.0,14,1,0,0,31,2,0,2,0,50000,0,0,2,4,2,0,0,0,0
0,3,0,80.0,18,0,1,0,31,2,0,2,0,50000,0,0,2,4,2,0,0,0,1
0,3,0,80.0,18,3,0,0,31,2,0,2,0,50000,0,0,2,4,2,1,0,0,0
1,0,0,80.0,18,1,1,0,31,2,0,2,0,50000,0,0,2,4,2,0,0,1,0
1,0,0,80.0,18,1,1,0,31,2,0,2,0,50000,0,0,2,4,2,0,0,0,0
1,0,0,80.0,18,0,0,0,31,2,0,2,0,50000,0,0,2,4,2,0,0,1,1
1,0,0,80.0,18,1,0,0,31,2,0,2,0,50000,0,0,2,4,2,1,1,0,0
1,0,0,80.0,22,0,0,0,31,2,0,2,0,50000,0,0,2,4,2,0,0,1,1
1,0,0,80.0,22,2,1,0,31,2,0,2,0,50000,0,0,2,4,2,0,0,1,1
2,0,0,80.0,7,1,0,0,31,2,0,2,0,50000,0,0,2,4,2,0,0,1,0
2,0,0,80.0,7,1,0,0,31,2,0,2,0,50000,0,0,2,4,2,1,0,1,0
2,0,0,80.0,7,2,1,0,31,2,0,2,0,50000,0,0,2,4,2,1,1,0,1
2,0,0,80.0,7,2,1,0,31,2,0,2,0,50000,0,0,2,4,2,0,0,1,1
2,0,0,55.0,7,1,1,0,31,2,0,2,0,50000,0,0,2,4,2,1,0,0,0
0,0,0,80.0,10,3,1,1,21,1,0,4,9,12500,1,2,4,4,2,0,0,0,1
0,1,0,80.0,10,1,0,1,21,1,0,4,9,12500,1,2,4,4,2,1,0,0,1
0,1,0,80.0,14,0,0,1,21,1,0,4,9,12500,1,2,4,4,2,1,0,0,1
0,1,0,80.0,18,0,1,1,21,1,0,4,9,12500,1,2,4,4,2,1,0,0,1
0,1,0,55.0,14,1,1,1,21,1,0,4,9,12500,1,2,4,4,2,0,0,0,1
0,0,0,80.0,14,0,0,1,21,1,0,4,9,12500,1,2,4,4,2,1,0,0,1
0,3,0,80.0,10,1,1,1,21,1,0,4,9,12500,1,2,4,4,2,0,0,0,1
0,3,0,80.0,10,4,0,1,21,1,0,4,9,12500,1,2,4,4,2,0,0,0,1
0,3,0,80.0,10,1,1,1,21,1,0,4,9,12500,1,2,4,4,2,1,0,0,1
0,3,0,80.0,14,1,0,1,21,1,0,4,9,12500,1,2,4,4,2,0,0,0,1
0,3,0,80.0,18,0,1,1,21,1,0,4,9,12500,1,2,4,4,2,0,0,0,1
0,3,0,80.0,18,3,0,1,21,1,0,4,9,12500,1,2,4,4,2,1,0,0,1
0,2,0,80.0,10,0,1,1,21,1,0,4,9,12500,1,2,4,4,2,1,0,0,1
0,2,0,80.0,10,2,1,1,21,1,0,4,9,12500,1,2,4,4,2,1,0,0,1
0,2,0,80.0,10,3,0,1,21,1,0,4,9,12500,1,2,4,4,2,1,0,0,1
0,2,0,80.0,14,0,0,1,21,1,0,4,9,12500,1,2,4,4,2,0,0,0,1
0,2,0,55.0,14,1,0,1,21,1,0,4,9,12500,1,2,4,4,2,1,0,0,1
0,2,0,55.0,18,1,1,1,21,1,0,4,9,12500,1,2,4,4,2,1,0,0,1
1,0,0,55.0,18,4,0,1,21,1,0,4,9,12500,1,2,4,4,2,1,0,0,1
1,0,0,80.0,18,1,1,1,21,1,0,4,9,12500,1,2,4,4,2,0,0,1,1
1,0,0,80.0,18,1,1,1,21,1,0,4,9,12500,1,2,4,4,2,0,0,0,1
1,0,0,55.0,22,2,1,1,21,1,0,4,9,12500,1,2,4,4,2,1,1,0,1
1,0,0,80.0,18,0,0,1,21,1,0,4,9,12500,1,2,4,4,2,0,0,1,1
1,0,0,80.0,18,1,0,1,21,1,0,4,9,12500,1,2,4,4,2,1,1,0,1
1,0,0,80.0,22,0,0,1,21,1,0,4,9,12500,1,2,4,4,2,0,0,1,1
1,0,0,80.0,22,2,1,1,21,1,0,4,9,12500,1,2,4,4,2,0,0,1,1
1,0,0,80.0,22,3,1,1,21,1,0,4,9,12500,1,2,4,4,2,1,0,1,1
2,0,0,80.0,7,1,0,1,21,1,0,4,9,12500,1,2,4,4,2,0,0,1,1
2,0,0,80.0,7,1,0,1,21,1,0,4,9,12500,1,2,4,4,2,1,0,1,1
2,0,0,80.0,7,4,0,1,21,1,0,4,9,12500,1,2,4,4,2,1,0,0,1
2,0,0,80.0,7,2,1,1,21,1,0,4,9,12500,1,2,4,4,2,1,1,0,1
2,0,0,80.0,7,2,1,1,21,1,0,4,9,12500,1,2,4,4,2,1,1,0,1
2,0,0,80.0,7,2,1,1,21,1,0,4,9,12500,1,2,4,4,2,0,0,1,1
2,0,0,80.0,7,1,1,1,21,1,0,4,9,12500,1,2,4,4,2,1,0,0,1
0,0,0,80.0,10,3,1,1,36,2,0,2,5,25000,0,4,3,1,1,0,0,0,0
0,1,0,80.0,10,1,0,1,36,2,0,2,5,25000,0,4,3,1,1,1,0,0,1
0,1,0,80.0,14,0,0,1,36,2,0,2,5,25000,0,4,3,1,1,1,0,0,1
0,1,0,80.0,18,0,1,1,36,2,0,2,5,25000,0,4,3,1,1,1,0,0,1
0,1,0,55.0,14,1,1,1,36,2,0,2,5,25000,0,4,3,1,1,0,0,0,1
0,3,0,80.0,10,1,1,1,36,2,0,2,5,25000,0,4,3,1,1,0,0,0,1
0,3,0,80.0,10,4,0,1,36,2,0,2,5,25000,0,4,3,1,1,0,0,0,1
0,3,0,80.0,10,1,1,1,36,2,0,2,5,25000,0,4,3,1,1,1,0,0,1
0,3,0,80.0,14,1,0,1,36,2,0,2,5,25000,0,4,3,1,1,0,0,0,1
0,3,0,80.0,18,0,1,1,36,2,0,2,5,25000,0,4,3,1,1,0,0,0,0
0,3,0,80.0,18,3,0,1,36,2,0,2,5,25000,0,4,3,1,1,1,0,0,0
1,0,0,80.0,18,1,1,1,36,2,0,2,5,25000,0,4,3,1,1,0,0,1,1
1,0,0,80.0,18,1,1,1,36,2,0,2,5,25000,0,4,3,1,1,0,0,0,1
1,0,0,80.0,18,0,0,1,36,2,0,2,5,25000,0,4,3,1,1,0,0,1,1
1,0,0,80.0,18,1,0,1,36,2,0,2,5,25000,0,4,3,1,1,1,1,0,1
1,0,0,80.0,22,0,0,1,36,2,0,2,5,25000,0,4,3,1,1,0,0,1,1
1,0,0,80.0,22,2,1,1,36,2,0,2,5,25000,0,4,3,1,1,0,0,1,1
2,0,0,80.0,7,1,0,1,36,2,0,2,5,25000,0,4,3,1,1,0,0,1,1
2,0,0,80.0,7,1,0,1,36,2,0,2,5,25000,0,4,3,1,1,1,0,1,1
2,0,0,80.0,7,2,1,1,36,2,0,2,5,25000,0,4,3,1,1,1,1,0,1
2,0,0,80.0,7,2,1,1,36,2,0,2,5,25000,0,4,3,1,1,0,0,1,1
2,0,0,55.0,7,1,1,1,36,2,0,2,5,25000,0,4,3,1,1,1,0,0,1
0,0,0,80.0,10,3,1,1,21,1,0,1,0,25000,1,2,3,2,1,0,0,0,1
0,1,0,80.0,10,1,0,1,21,1,0,1,0,25000,1,2,3,2,1,1,0,0,1
0,1,0,80.0,14,0,0,1,21,1,0,1,0,25000,1,2,3,2,1,1,0,0,0
0,1,0,80.0,18,0,1,1,21,1,0,1,0,25000,1,2,3,2,1,1,0,0,1
0,1,0,55.0,14,1,1,1,21,1,0,1,0,25000,1,2,3,2,1,0,0,0,1
0,0,0,80.0,14,0,0,1,21,1,0,1,0,25000,1,2,3,2,1,1,0,0,1
1,0,0,55.0,18,4,0,1,21,1,0,1,0,25000,1,2,3,2,1,1,0,0,1
1,0,0,80.0,18,1,1,1,21,1,0,1,0,25000,1,2,3,2,1,0,0,1,0
1,0,0,80.0,18,1,1,1,21,1,0,1,0,25000,1,2,3,2,1,0,0,0,1
1,0,0,55.0,22,2,1,1,21,1,0,1,0,25000,1,2,3,2,1,1,1,0,1
1,0,0,80.0,18,0,0,1,21,1,0,1,0,25000,1,2,3,2,1,0,0,1,1
1,0,0,80.0,18,1,0,1,21,1,0,1,0,25000,1,2,3,2,1,1,1,0,0
1,0,0,80.0,22,0,0,1,21,1,0,1,0,25000,1,2,3,2,1,0,0,1,0
1,0,0,80.0,22,2,1,1,21,1,0,1,0,25000,1,2,3,2,1,0,0,1,1
1,0,0,80.0,22,3,1,1,21,1,0,1,0,25000,1,2,3,2,1,1,0,1,0
2,0,0,80.0,7,1,0,1,21,1,0,1,0,25000,1,2,3,2,1,0,0,1,0
2,0,0,80.0,7,1,0,1,21,1,0,1,0,25000,1,2,3,2,1,1,0,1,0
2,0,0,80.0,7,4,0,1,21,1,0,1,0,25000,1,2,3,2,1,1,0,0,1
2,0,0,80.0,7,2,1,1,21,1,0,1,0,25000,1,2,3,2,1,1,1,0,0
2,0,0,80.0,7,2,1,1,21,1,0,1,0,25000,1,2,3,2,1,1,1,0,0
2,0,0,80.0,7,2,1,1,21,1,0,1,0,25000,1,2,3,2,1,0,0,1,1
2,0,0,55.0,7,1,1,1,21,1,0,1,0,25000,1,2,3,2,1,1,0,0,1
0,0,0,80.0,10,3,1,0,21,1,0,2,2,50000,0,0,0,4,1,0,0,0,0
0,1,0,80.0,10,1,0,0,21,1,0,2,2,50000,0,0,0,4,1,1,0,0,1
0,1,0,80.0,14,0,0,0,21,1,0,2,2,50000,0,0,0,4,1,1,0,0,1
0,1,0,80.0,18,0,1,0,21,1,0,2,2,50000,0,0,0,4,1,1,0,0,1
0,1,0,55.0,14,1,1,0,21,1,0,2,2,50000,0,0,0,4,1,0,0,0,1
0,0,0,80.0,14,0,0,0,21,1,0,2,2,50000,0,0,0,4,1,1,0,0,1
1,0,0,55.0,18,4,0,0,21,1,0,2,2,50000,0,0,0,4,1,1,0,0,1
1,0,0,80.0,18,1,1,0,21,1,0,2,2,50000,0,0,0,4,1,0,0,1,0
1,0,0,80.0,18,1,1,0,21,1,0,2,2,50000,0,0,0,4,1,0,0,0,0
1,0,0,55.0,22,2,1,0,21,1,0,2,2,50000,0,0,0,4,1,1,1,0,1
1,0,0,80.0,18,0,0,0,21,1,0,2,2,50000,0,0,0,4,1,0,0,1,1
1,0,0,80.0,18,1,0,0,21,1,0,2,2,50000,0,0,0,4,1,1,1,0,0
1,0,0,80.0,22,0,0,0,21,1,0,2,2,50000,0,0,0,4,1,0,0,1,1
1,0,0,80.0,22,2,1,0,21,1,0,2,2,50000,0,0,0,4,1,0,0,1,1
1,0,0,80.0,22,3,1,0,21,1,0,2,2,50000,0,0,0,4,1,1,0,1,0
2,0,0,80.0,7,1,0,0,21,1,0,2,2,50000,0,0,0,4,1,0,0,1,0
2,0,0,80.0,7,1,0,0,21,1,0,2,2,50000,0,0,0,4,1,1,0,1,0
2,0,0,80.0,7,4,0,0,21,1,0,2,2,50000,0,0,0,4,1,1,0,0,0
2,0,0,80.0,7,2,1,0,21,1,0,2,2,50000,0,0,0,4,1,1,1,0,1
2,0,0,80.0,7,2,1,0,21,1,0,2,2,50000,0,0,0,4,1,1,1,0,1
2,0,0,80.0,7,2,1,0,21,1,0,2,2,50000,0,0,0,4,1,0,0,1,1
2,0,0,55.0,7,1,1,0,21,1,0,2,2,50000,0,0,0,4,1,1,0,0,0
0,0,0,80.0,10,3,1,1,21,1,0,4,2,50000,1,0,3,1,0,0,0,0,0
0,1,0,80.0,10,1,0,1,21,1,0,4,2,50000,1,0,3,1,0,1,0,0,0
0,1,0,80.0,14,0,0,1,21,1,0,4,2,50000,1,0,3,1,0,1,0,0,1
0,1,0,80.0,18,0,1,1,21,1,0,4,2,50000,1,0,3,1,0,1,0,0,0
0,1,0,55.0,14,1,1,1,21,1,0,4,2,50000,1,0,3,1,0,0,0,0,0
0,0,0,80.0,14,0,0,1,21,1,0,4,2,50000,1,0,3,1,0,1,0,0,0
1,0,0,55.0,18,4,0,1,21,1,0,4,2,50000,1,0,3,1,0,1,0,0,0
1,0,0,80.0,18,1,1,1,21,1,0,4,2,50000,1,0,3,1,0,0,0,1,0
1,0,0,80.0,18,1,1,1,21,1,0,4,2,50000,1,0,3,1,0,0,0,0,0
1,0,0,55.0,22,2,1,1,21,1,0,4,2,50000,1,0,3,1,0,1,1,0,1
1,0,0,80.0,18,0,0,1,21,1,0,4,2,50000,1,0,3,1,0,0,0,1,1
1,0,0,80.0,18,1,0,1,21,1,0,4,2,50000,1,0,3,1,0,1,1,0,0
1,0,0,80.0,22,0,0,1,21,1,0,4,2,50000,1,0,3,1,0,0,0,1,0
1,0,0,80.0,22,2,1,1,21,1,0,4,2,50000,1,0,3,1,0,0,0,1,1
1,0,0,80.0,22,3,1,1,21,1,0,4,2,50000,1,0,3,1,0,1,0,1,0
2,0,0,80.0,7,1,0,1,21,1,0,4,2,50000,1,0,3,1,0,0,0,1,0
2,0,0,80.0,7,1,0,1,21,1,0,4,2,50000,1,0,3,1,0,1,0,1,0
2,0,0,80.0,7,4,0,1,21,1,0,4,2,50000,1,0,3,1,0,1,0,0,0
2,0,0,80.0,7,2,1,1,21,1,0,4,2,50000,1,0,3,1,0,1,1,0,0
2,0,0,80.0,7,2,1,1,21,1,0,4,2,50000,1,0,3,1,0,1,1,0,1
2,0,0,80.0,7,2,1,1,21,1,0,4,2,50000,1,0,3,1,0,0,0,1,0
2,0,0,55.0,7,1,1,1,21,1,0,4,2,50000,1,0,3,1,0,1,0,0,0
0,0,0,80.0,10,3,1,1,36,2,0,4,8,100000,1,2,3,2,2,0,0,0,0
0,1,0,80.0,10,1,0,1,36,2,0,4,8,100000,1,2,3,2,2,1,0,0,1
0,1,0,80.0,14,0,0,1,36,2,0,4,8,100000,1,2,3,2,2,1,0,0,0
0,1,0,80.0,18,0,1,1,36,2,0,4,8,100000,1,2,3,2,2,1,0,0,1
0,1,0,55.0,14,1,1,1,36,2,0,4,8,100000,1,2,3,2,2,0,0,0,1
0,3,0,80.0,10,1,1,1,36,2,0,4,8,100000,1,2,3,2,2,0,0,0,1
0,3,0,80.0,10,4,0,1,36,2,0,4,8,100000,1,2,3,2,2,0,0,0,0
0,3,0,80.0,10,1,1,1,36,2,0,4,8,100000,1,2,3,2,2,1,0,0,1
0,3,0,80.0,14,1,0,1,36,2,0,4,8,100000,1,2,3,2,2,0,0,0,1
0,3,0,80.0,18,0,1,1,36,2,0,4,8,100000,1,2,3,2,2,0,0,0,1
0,3,0,80.0,18,3,0,1,36,2,0,4,8,100000,1,2,3,2,2,1,0,0,1
1,0,0,80.0,18,1,1,1,36,2,0,4,8,100000,1,2,3,2,2,0,0,1,0
1,0,0,80.0,18,1,1,1,36,2,0,4,8,100000,1,2,3,2,2,0,0,0,0
1,0,0,80.0,18,0,0,1,36,2,0,4,8,100000,1,2,3,2,2,0,0,1,0
1,0,0,80.0,18,1,0,1,36,2,0,4,8,100000,1,2,3,2,2,1,1,0,0
1,0,0,80.0,22,0,0,1,36,2,0,4,8,100000,1,2,3,2,2,0,0,1,0
1,0,0,80.0,22,2,1,1,36,2,0,4,8,100000,1,2,3,2,2,0,0,1,1
2,0,0,80.0,7,1,0,1,36,2,0,4,8,100000,1,2,3,2,2,0,0,1,1
2,0,0,80.0,7,1,0,1,36,2,0,4,8,100000,1,2,3,2,2,1,0,1,1
2,0,0,80.0,7,2,1,1,36,2,0,4,8,100000,1,2,3,2,2,1,1,0,0
2,0,0,80.0,7,2,1,1,36,2,0,4,8,100000,1,2,3,2,2,0,0,1,0
2,0,0,55.0,7,1,1,1,36,2,0,4,8,100000,1,2,3,2,2,1,0,0,1
0,0,0,80.0,10,3,1,0,51,1,0,5,3,12500,0,0,3,3,1,0,0,0,0
0,1,0,80.0,10,1,0,0,51,1,0,5,3,12500,0,0,3,3,1,1,0,0,0
0,1,0,80.0,14,0,0,0,51,1,0,5,3,12500,0,0,3,3,1,1,0,0,0
0,1,0,80.0,18,0,1,0,51,1,0,5,3,12500,0,0,3,3,1,1,0,0,1
0,1,0,55.0,14,1,1,0,51,1,0,5,3,12500,0,0,3,3,1,0,0,0,0
0,0,0,80.0,14,0,0,0,51,1,0,5,3,12500,0,0,3,3,1,1,0,0,0
1,0,0,55.0,18,4,0,0,51,1,0,5,3,12500,0,0,3,3,1,1,0,0,0
1,0,0,80.0,18,1,1,0,51,1,0,5,3,12500,0,0,3,3,1,0,0,1,0
1,0,0,80.0,18,1,1,0,51,1,0,5,3,12500,0,0,3,3,1,0,0,0,0
1,0,0,55.0,22,2,1,0,51,1,0,5,3,12500,0,0,3,3,1,1,1,0,1
1,0,0,80.0,18,0,0,0,51,1,0,5,3,12500,0,0,3,3,1,0,0,1,0
1,0,0,80.0,18,1,0,0,51,1,0,5,3,12500,0,0,3,3,1,1,1,0,0
1,0,0,80.0,22,0,0,0,51,1,0,5,3,12500,0,0,3,3,1,0,0,1,0
1,0,0,80.0,22,2,1,0,51,1,0,5,3,12500,0,0,3,3,1,0,0,1,1
1,0,0,80.0,22,3,1,0,51,1,0,5,3,12500,0,0,3,3,1,1,0,1,0
2,0,0,80.0,7,1,0,0,51,1,0,5,3,12500,0,0,3,3,1,0,0,1,0
2,0,0,80.0,7,1,0,0,51,1,0,5,3,12500,0,0,3,3,1,1,0,1,0
2,0,0,80.0,7,4,0,0,51,1,0,5,3,12500,0,0,3,3,1,1,0,0,0
2,0,0,80.0,7,2,1,0,51,1,0,5,3,12500,0,0,3,3,1,1,1,0,1
2,0,0,80.0,7,2,1,0,51,1,0,5,3,12500,0,0,3,3,1,1,1,0,1
2,0,0,80.0,7,2,1,0,51,1,0,5,3,12500,0,0,3,3,1,0,0,1,1
2,0,0,55.0,7,1,1,0,51,1,0,5,3,12500,0,0,3,3,1,1,0,0,0
0,0,0,80.0,10,3,1,0,51,0,1,2,7,37500,0,0,3,2,1,0,0,0,0
0,1,0,80.0,10,1,0,0,51,0,1,2,7,37500,0,0,3,2,1,1,0,0,0
0,1,0,80.0,14,0,0,0,51,0,1,2,7,37500,0,0,3,2,1,1,0,0,0
0,1,0,80.0,18,0,1,0,51,0,1,2,7,37500,0,0,3,2,1,1,0,0,1
0,1,0,55.0,14,1,1,0,51,0,1,2,7,37500,0,0,3,2,1,0,0,0,0
0,2,0,80.0,10,0,1,0,51,0,1,2,7,37500,0,0,3,2,1,1,0,0,0
0,2,0,80.0,10,2,1,0,51,0,1,2,7,37500,0,0,3,2,1,1,0,0,1
0,2,0,80.0,10,3,0,0,51,0,1,2,7,37500,0,0,3,2,1,1,0,0,0
0,2,0,80.0,14,0,0,0,51,0,1,2,7,37500,0,0,3,2,1,0,0,0,0
0,2,0,55.0,14,1,0,0,51,0,1,2,7,37500,0,0,3,2,1,1,0,0,0
0,2,0,55.0,18,1,1,0,51,0,1,2,7,37500,0,0,3,2,1,1,0,0,0
1,0,0,80.0,18,1,1,0,51,0,1,2,7,37500,0,0,3,2,1,0,0,1,0
1,0,0,80.0,18,1,1,0,51,0,1,2,7,37500,0,0,3,2,1,0,0,0,0
1,0,0,80.0,18,0,0,0,51,0,1,2,7,37500,0,0,3,2,1,0,0,1,0
1,0,0,80.0,18,1,0,0,51,0,1,2,7,37500,0,0,3,2,1,1,1,0,0
1,0,0,80.0,22,0,0,0,51,0,1,2,7,37500,0,0,3,2,1,0,0,1,0
1,0,0,80.0,22,2,1,0,51,0,1,2,7,37500,0,0,3,2,1,0,0,1,1
2,0,0,80.0,7,1,0,0,51,0,1,2,7,37500,0,0,3,2,1,0,0,1,0
2,0,0,80.0,7,1,0,0,51,0,1,2,7,37500,0,0,3,2,1,1,0,1,0
2,0,0,80.0,7,2,1,0,51,0,1,2,7,37500,0,0,3,2,1,1,1,0,1
2,0,0,80.0,7,2,1,0,51,0,1,2,7,37500,0,0,3,2,1,0,0,1,1
2,0,0,55.0,7,1,1,0,51,0,1,2,7,37500,0,0,3,2,1,1,0,0,0
0,0,0,80.0,10,3,1,1,31,2,1,5,3,25000,0,2,3,3,1,0,0,0,0
0,1,0,80.0,10,1,0,1,31,2,1,5,3,25000,0,2,3,3,1,1,0,0,1
0,1,0,80.0,14,0,0,1,31,2,1,5,3,25000,0,2,3,3,1,1,0,0,0
0,1,0,80.0,18,0,1,1,31,2,1,5,3,25000,0,2,3,3,1,1,0,0,1
0,1,0,55.0,14,1,1,1,31,2,1,5,3,25000,0,2,3,3,1,0,0,0,1
0,2,0,80.0,10,0,1,1,31,2,1,5,3,25000,0,2,3,3,1,1,0,0,0
0,2,0,80.0,10,2,1,1,31,2,1,5,3,25000,0,2,3,3,1,1,0,0,0
0,2,0,80.0,10,3,0,1,31,2,1,5,3,25000,0,2,3,3,1,1,0,0,0
0,2,0,80.0,14,0,0,1,31,2,1,5,3,25000,0,2,3,3,1,0,0,0,1
0,2,0,55.0,14,1,0,1,31,2,1,5,3,25000,0,2,3,3,1,1,0,0,1
0,2,0,55.0,18,1,1,1,31,2,1,5,3,25000,0,2,3,3,1,1,0,0,0
1,0,0,80.0,18,1,1,1,31,2,1,5,3,25000,0,2,3,3,1,0,0,1,0
1,0,0,80.0,18,1,1,1,31,2,1,5,3,25000,0,2,3,3,1,0,0,0,0
1,0,0,80.0,18,0,0,1,31,2,1,5,3,25000,0,2,3,3,1,0,0,1,0
1,0,0,80.0,18,1,0,1,31,2,1,5,3,25000,0,2,3,3,1,1,1,0,0
1,0,0,80.0,22,0,0,1,31,2,1,5,3,25000,0,2,3,3,1,0,0,1,0
1,0,0,80.0,22,2,1,1,31,2,1,5,3,25000,0,2,3,3,1,0,0,1,0
2,0,0,80.0,7,1,0,1,31,2,1,5,3,25000,0,2,3,3,1,0,0,1,1
2,0,0,80.0,7,1,0,1,31,2,1,5,3,25000,0,2,3,3,1,1,0,1,1
2,0,0,80.0,7,2,1,1,31,2,1,5,3,25000,0,2,3,3,1,1,1,0,1
2,0,0,80.0,7,2,1,1,31,2,1,5,3,25000,0,2,3,3,1,0,0,1,0
2,0,0,55.0,7,1,1,1,31,2,1,5,3,25000,0,2,3,3,1,1,0,0,0
0,0,0,80.0,10,3,1,0,26,0,0,5,15,37500,1,1,2,1,0,0,0,0,0
0,1,0,80.0,10,1,0,0,26,0,0,5,15,37500,1,1,2,1,0,1,0,0,0
0,1,0,80.0,14,0,0,0,26,0,0,5,15,37500,1,1,2,1,0,1,0,0,0
0,1,0,80.0,18,0,1,0,26,0,0,5,15,37500,1,1,2,1,0,1,0,0,1
0,1,0,55.0,14,1,1,0,26,0,0,5,15,37500,1,1,2,1,0,0,0,0,0
0,3,0,80.0,10,1,1,0,26,0,0,5,15,37500,1,1,2,1,0,0,0,0,0
0,3,0,80.0,10,4,0,0,26,0,0,5,15,37500,1,1,2,1,0,0,0,0,0
0,3,0,80.0,10,1,1,0,26,0,0,5,15,37500,1,1,2,1,0,1,0,0,0
0,3,0,80.0,14,1,0,0,26,0,0,5,15,37500,1,1,2,1,0,0,0,0,0
0,3,0,80.0,18,0,1,0,26,0,0,5,15,37500,1,1,2,1,0,0,0,0,1
0,3,0,80.0,18,3,0,0,26,0,0,5,15,37500,1,1,2,1,0,1,0,0,0
1,0,0,80.0,18,1,1,0,26,0,0,5,15,37500,1,1,2,1,0,0,0,1,0
1,0,0,80.0,18,1,1,0,26,0,0,5,15,37500,1,1,2,1,0,0,0,0,0
1,0,0,80.0,18,0,0,0,26,0,0,5,15,37500,1,1,2,1,0,0,0,1,0
1,0,0,80.0,18,1,0,0,26,0,0,5,15,37500,1,1,2,1,0,1,1,0,0
1,0,0,80.0,22,0,0,0,26,0,0,5,15,37500,1,1,2,1,0,0,0,1,0
1,0,0,80.0,22,2,1,0,26,0,0,5,15,37500,1,1,2,1,0,0,0,1,0
2,0,0,80.0,7,1,0,0,26,0,0,5,15,37500,1,1,2,1,0,0,0,1,0
2,0,0,80.0,7,1,0,0,26,0,0,5,15,37500,1,1,2,1,0,1,0,1,0
2,0,0,80.0,7,2,1,0,26,0,0,5,15,37500,1,1,2,1,0,1,1,0,0
2,0,0,80.0,7,2,1,0,26,0,0,5,15,37500,1,1,2,1,0,0,0,1,0
2,0,0,55.0,7,1,1,0,26,0,0,5,15,37500,1,1,2,1,0,1,0,0,0
0,0,0,80.0,10,3,1,1,51,2,1,5,16,62500,0,3,2,3,1,0,0,0,0
0,1,0,80.0,10,1,0,1,51,2,1,5,16,62500,0,3,2,3,1,1,0,0,1
0,1,0,80.0,14,0,0,1,51,2,1,5,16,62500,0,3,2,3,1,1,0,0,1
0,1,0,80.0,18,0,1,1,51,2,1,5,16,62500,0,3,2,3,1,1,0,0,1
0,1,0,55.0,14,1,1,1,51,2,1,5,16,62500,0,3,2,3,1,0,0,0,1
0,2,0,80.0,10,0,1,1,51,2,1,5,16,62500,0,3,2,3,1,1,0,0,1
0,2,0,80.0,10,2,1,1,51,2,1,5,16,62500,0,3,2,3,1,1,0,0,1
0,2,0,80.0,10,3,0,1,51,2,1,5,16,62500,0,3,2,3,1,1,0,0,0
0,2,0,80.0,14,0,0,1,51,2,1,5,16,62500,0,3,2,3,1,0,0,0,0
0,2,0,55.0,14,1,0,1,51,2,1,5,16,62500,0,3,2,3,1,1,0,0,1
0,2,0,55.0,18,1,1,1,51,2,1,5,16,62500,0,3,2,3,1,1,0,0,1
1,0,0,80.0,18,1,1,1,51,2,1,5,16,62500,0,3,2,3,1,0,0,1,1
1,0,0,80.0,18,1,1,1,51,2,1,5,16,62500,0,3,2,3,1,0,0,0,1
1,0,0,80.0,18,0,0,1,51,2,1,5,16,62500,0,3,2,3,1,0,0,1,1
1,0,0,80.0,18,1,0,1,51,2,1,5,16,62500,0,3,2,3,1,1,1,0,0
1,0,0,80.0,22,0,0,1,51,2,1,5,16,62500,0,3,2,3,1,0,0,1,0
1,0,0,80.0,22,2,1,1,51,2,1,5,16,62500,0,3,2,3,1,0,0,1,1
2,0,0,80.0,7,1,0,1,51,2,1,5,16,62500,0,3,2,3,1,0,0,1,1
2,0,0,80.0,7,1,0,1,51,2,1,5,16,62500,0,3,2,3,1,1,0,1,1
2,0,0,80.0,7,2,1,1,51,2,1,5,16,62500,0,3,2,3,1,1,1,0,1
2,0,0,80.0,7,2,1,1,51,2,1,5,16,62500,0,3,2,3,1,0,0,1,1
2,0,0,55.0,7,1,1,1,51,2,1,5,16,62500,0,3,2,3,1,1,0,0,1
0,0,0,80.0,10,3,1,1,46,0,0,2,18,12500,0,1,2,1,1,0,0,0,0
0,1,0,80.0,10,1,0,1,46,0,0,2,18,12500,0,1,2,1,1,1,0,0,1
0,1,0,80.0,14,0,0,1,46,0,0,2,18,12500,0,1,2,1,1,1,0,0,1
0,1,0,80.0,18,0,1,1,46,0,0,2,18,12500,0,1,2,1,1,1,0,0,1
0,1,0,55.0,14,1,1,1,46,0,0,2,18,12500,0,1,2,1,1,0,0,0,0
0,3,0,80.0,10,1,1,1,46,0,0,2,18,12500,0,1,2,1,1,0,0,0,1
0,3,0,80.0,10,4,0,1,46,0,0,2,18,12500,0,1,2,1,1,0,0,0,1
0,3,0,80.0,10,1,1,1,46,0,0,2,18,12500,0,1,2,1,1,1,0,0,1
0,3,0,80.0,14,1,0,1,46,0,0,2,18,12500,0,1,2,1,1,0,0,0,1
0,3,0,80.0,18,0,1,1,46,0,0,2,18,12500,0,1,2,1,1,0,0,0,1
0,3,0,80.0,18,3,0,1,46,0,0,2,18,12500,0,1,2,1,1,1,0,0,1
1,0,0,80.0,18,1,1,1,46,0,0,2,18,12500,0,1,2,1,1,0,0,1,0
1,0,0,80.0,18,1,1,1,46,0,0,2,18,12500,0,1,2,1,1,0,0,0,1
1,0,0,80.0,18,0,0,1,46,0,0,2,18,12500,0,1,2,1,1,0,0,1,1
1,0,0,80.0,18,1,0,1,46,0,0,2,18,12500,0,1,2,1,1,1,1,0,0
1,0,0,80.0,22,0,0,1,46,0,0,2,18,12500,0,1,2,1,1,0,0,1,1
1,0,0,80.0,22,2,1,1,46,0,0,2,18,12500,0,1,2,1,1,0,0,1,1
2,0,0,80.0,7,1,0,1,46,0,0,2,18,12500,0,1,2,1,1,0,0,1,1
2,0,0,80.0,7,1,0,1,46,0,0,2,18,12500,0,1,2,1,1,1,0,1,1
2,0,0,80.0,7,2,1,1,46,0,0,2,18,12500,0,1,2,1,1,1,1,0,1
2,0,0,80.0,7,2,1,1,46,0,0,2,18,12500,0,1,2,1,1,0,0,1,1
2,0,0,55.0,7,1,1,1,46,0,0,2,18,12500,0,1,2,1,1,1,0,0,0
0,0,0,80.0,10,3,1,1,21,0,0,4,19,75000,2,1,3,2,2,0,0,0,0
0,1,0,80.0,10,1,0,1,21,0,0,4,19,75000,2,1,3,2,2,1,0,0,0
0,1,0,80.0,14,0,0,1,21,0,0,4,19,75000,2,1,3,2,2,1,0,0,1
0,1,0,80.0,18,0,1,1,21,0,0,4,19,75000,2,1,3,2,2,1,0,0,1
0,1,0,55.0,14,1,1,1,21,0,0,4,19,75000,2,1,3,2,2,0,0,0,0
0,3,0,80.0,10,1,1,1,21,0,0,4,19,75000,2,1,3,2,2,0,0,0,0
0,3,0,80.0,10,4,0,1,21,0,0,4,19,75000,2,1,3,2,2,0,0,0,0
0,3,0,80.0,10,1,1,1,21,0,0,4,19,75000,2,1,3,2,2,1,0,0,0
0,3,0,80.0,14,1,0,1,21,0,0,4,19,75000,2,1,3,2,2,0,0,0,0
0,3,0,80.0,18,0,1,1,21,0,0,4,19,75000,2,1,3,2,2,0,0,0,1
0,3,0,80.0,18,3,0,1,21,0,0,4,19,75000,2,1,3,2,2,1,0,0,0
1,0,0,80.0,18,1,1,1,21,0,0,4,19,75000,2,1,3,2,2,0,0,1,0
1,0,0,80.0,18,1,1,1,21,0,0,4,19,75000,2,1,3,2,2,0,0,0,0
1,0,0,80.0,18,0,0,1,21,0,0,4,19,75000,2,1,3,2,2,0,0,1,1
1,0,0,80.0,18,1,0,1,21,0,0,4,19,75000,2,1,3,2,2,1,1,0,0
1,0,0,80.0,22,0,0,1,21,0,0,4,19,75000,2,1,3,2,2,0,0,1,1
1,0,0,80.0,22,2,1,1,21,0,0,4,19,75000,2,1,3,2,2,0,0,1,1
2,0,0,80.0,7,1,0,1,21,0,0,4,19,75000,2,1,3,2,2,0,0,1,0
2,0,0,80.0,7,1,0,1,21,0,0,4,19,75000,2,1,3,2,2,1,0,1,0
2,0,0,80.0,7,2,1,1,21,0,0,4,19,75000,2,1,3,2,2,1,1,0,1
2,0,0,80.0,7,2,1,1,21,0,0,4,19,75000,2,1,3,2,2,0,0,1,1
2,0,0,55.0,7,1,1,1,21,0,0,4,19,75000,2,1,3,2,2,1,0,0,0
0,0,0,80.0,10,3,1,0,26,0,0,2,2,25000,0,1,2,2,1,0,0,0,0
0,1,0,80.0,10,1,0,0,26,0,0,2,2,25000,0,1,2,2,1,1,0,0,0
0,1,0,80.0,14,0,0,0,26,0,0,2,2,25000,0,1,2,2,1,1,0,0,1
0,1,0,80.0,18,0,1,0,26,0,0,2,2,25000,0,1,2,2,1,1,0,0,0
0,1,0,55.0,14,1,1,0,26,0,0,2,2,25000,0,1,2,2,1,0,0,0,0
0,3,0,80.0,10,1,1,0,26,0,0,2,2,25000,0,1,2,2,1,0,0,0,1
0,3,0,80.0,10,4,0,0,26,0,0,2,2,25000,0,1,2,2,1,0,0,0,1
0,3,0,80.0,10,1,1,0,26,0,0,2,2,25000,0,1,2,2,1,1,0,0,1
0,3,0,80.0,14,1,0,0,26,0,0,2,2,25000,0,1,2,2,1,0,0,0,1
0,3,0,80.0,18,0,1,0,26,0,0,2,2,25000,0,1,2,2,1,0,0,0,1
0,3,0,80.0,18,3,0,0,26,0,0,2,2,25000,0,1,2,2,1,1,0,0,0
1,0,0,80.0,18,1,1,0,26,0,0,2,2,25000,0,1,2,2,1,0,0,1,1
1,0,0,80.0,18,1,1,0,26,0,0,2,2,25000,0,1,2,2,1,0,0,0,1
1,0,0,80.0,18,0,0,0,26,0,0,2,2,25000,0,1,2,2,1,0,0,1,1
1,0,0,80.0,18,1,0,0,26,0,0,2,2,25000,0,1,2,2,1,1,1,0,1
1,0,0,80.0,22,0,0,0,26,0,0,2,2,25000,0,1,2,2,1,0,0,1,0
1,0,0,80.0,22,2,1,0,26,0,0,2,2,25000,0,1,2,2,1,0,0,1,1
2,0,0,80.0,7,1,0,0,26,0,0,2,2,25000,0,1,2,2,1,0,0,1,0
2,0,0,80.0,7,1,0,0,26,0,0,2,2,25000,0,1,2,2,1,1,0,1,1
2,0,0,80.0,7,2,1,0,26,0,0,2,2,25000,0,1,2,2,1,1,1,0,1
2,0,0,80.0,7,2,1,0,26,0,0,2,2,25000,0,1,2,2,1,0,0,1,1
2,0,0,55.0,7,1,1,0,26,0,0,2,2,25000,0,1,2,2,1,1,0,0,1
0,0,0,80.0,10,3,1,0,26,0,0,3,13,12500,1,2,2,2,2,0,0,0,0
0,1,0,80.0,10,1,0,0,26,0,0,3,13,12500,1,2,2,2,2,1,0,0,1
0,1,0,80.0,14,0,0,0,26,0,0,3,13,12500,1,2,2,2,2,1,0,0,1
0,1,0,80.0,18,0,1,0,26,0,0,3,13,12500,1,2,2,2,2,1,0,0,1
0,1,0,55.0,14,1,1,0,26,0,0,3,13,12500,1,2,2,2,2,0,0,0,1
0,3,0,80.0,10,1,1,0,26,0,0,3,13,12500,1,2,2,2,2,0,0,0,0
0,3,0,80.0,10,4,0,0,26,0,0,3,13,12500,1,2,2,2,2,0,0,0,1
0,3,0,80.0,10,1,1,0,26,0,0,3,13,12500,1,2,2,2,2,1,0,0,0
0,3,0,80.0,14,1,0,0,26,0,0,3,13,12500,1,2,2,2,2,0,0,0,0
0,3,0,80.0,18,0,1,0,26,0,0,3,13,12500,1,2,2,2,2,0,0,0,1
0,3,0,80.0,18,3,0,0,26,0,0,3,13,12500,1,2,2,2,2,1,0,0,0
1,0,0,80.0,18,1,1,0,26,0,0,3,13,12500,1,2,2,2,2,0,0,1,0
1,0,0,80.0,18,1,1,0,26,0,0,3,13,12500,1,2,2,2,2,0,0,0,0
1,0,0,80.0,18,0,0,0,26,0,0,3,13,12500,1,2,2,2,2,0,0,1,1
1,0,0,80.0,18,1,0,0,26,0,0,3,13,12500,1,2,2,2,2,1,1,0,0
1,0,0,80.0,22,0,0,0,26,0,0,3,13,12500,1,2,2,2,2,0,0,1,1
1,0,0,80.0,22,2,1,0,26,0,0,3,13,12500,1,2,2,2,2,0,0,1,1
2,0,0,80.0,7,1,0,0,26,0,0,3,13,12500,1,2,2,2,2,0,0,1,0
2,0,0,80.0,7,1,0,0,26,0,0,3,13,12500,1,2,2,2,2,1,0,1,1
2,0,0,80.0,7,2,1,0,26,0,0,3,13,12500,1,2,2,2,2,1,1,0,0
2,0,0,80.0,7,2,1,0,26,0,0,3,13,12500,1,2,2,2,2,0,0,1,1
2,0,0,55.0,7,1,1,0,26,0,0,3,13,12500,1,2,2,2,2,1,0,0,0
0,0,0,80.0,10,3,1,1,26,1,0,4,19,100000,3,2,2,2,1,0,0,0,1
0,1,0,80.0,10,1,0,1,26,1,0,4,19,100000,3,2,2,2,1,1,0,0,1
0,1,0,80.0,14,0,0,1,26,1,0,4,19,100000,3,2,2,2,1,1,0,0,1
0,1,0,80.0,18,0,1,1,26,1,0,4,19,100000,3,2,2,2,1,1,0,0,1
0,1,0,55.0,14,1,1,1,26,1,0,4,19,100000,3,2,2,2,1,0,0,0,1
0,0,0,80.0,14,0,0,1,26,1,0,4,19,100000,3,2,2,2,1,1,0,0,0
1,0,0,55.0,18,4,0,1,26,1,0,4,19,100000,3,2,2,2,1,1,0,0,0
1,0,0,80.0,18,1,1,1,26,1,0,4,19,100000,3,2,2,2,1,0,0,1,1
1,0,0,80.0,18,1,1,1,26,1,0,4,19,100000,3,2,2,2,1,0,0,0,1
1,0,0,55.0,22,2,1,1,26,1,0,4,19,100000,3,2,2,2,1,1,1,0,1
1,0,0,80.0,18,0,0,1,26,1,0,4,19,100000,3,2,2,2,1,0,0,1,1
1,0,0,80.0,18,1,0,1,26,1,0,4,19,100000,3,2,2,2,1,1,1,0,1
1,0,0,80.0,22,0,0,1,26,1,0,4,19,100000,3,2,2,2,1,0,0,1,1
1,0,0,80.0,22,2,1,1,26,1,0,4,19,100000,3,2,2,2,1,0,0,1,0
1,0,0,80.0,22,3,1,1,26,1,0,4,19,100000,3,2,2,2,1,1,0,1,1
2,0,0,80.0,7,1,0,1,26,1,0,4,19,100000,3,2,2,2,1,0,0,1,0
2,0,0,80.0,7,1,0,1,26,1,0,4,19,100000,3,2,2,2,1,1,0,1,0
2,0,0,80.0,7,4,0,1,26,1,0,4,19,100000,3,2,2,2,1,1,0,0,1
2,0,0,80.0,7,2,1,1,26,1,0,4,19,100000,3,2,2,2,1,1,1,0,0
2,0,0,80.0,7,2,1,1,26,1,0,4,19,100000,3,2,2,2,1,1,1,0,1
2,0,0,80.0,7,2,1,1,26,1,0,4,19,100000,3,2,2,2,1,0,0,1,1
2,0,0,55.0,7,1,1,1,26,1,0,4,19,100000,3,2,2,2,1,1,0,0,0
0,0,0,80.0,10,3,1,0,26,0,0,4,3,50000,2,2,2,2,2,0,0,0,1
0,1,0,80.0,10,1,0,0,26,0,0,4,3,50000,2,2,2,2,2,1,0,0,0
0,1,0,80.0,14,0,0,0,26,0,0,4,3,50000,2,2,2,2,2,1,0,0,1
0,1,0,80.0,18,0,1,0,26,0,0,4,3,50000,2,2,2,2,2,1,0,0,1
0,1,0,55.0,14,1,1,0,26,0,0,4,3,50000,2,2,2,2,2,0,0,0,1
0,3,0,80.0,10,1,1,0,26,0,0,4,3,50000,2,2,2,2,2,0,0,0,1
0,3,0,80.0,10,4,0,0,26,0,0,4,3,50000,2,2,2,2,2,0,0,0,1
0,3,0,80.0,10,1,1,0,26,0,0,4,3,50000,2,2,2,2,2,1,0,0,1
0,3,0,80.0,14,1,0,0,26,0,0,4,3,50000,2,2,2,2,2,0,0,0,0
0,3,0,80.0,18,0,1,0,26,0,0,4,3,50000,2,2,2,2,2,0,0,0,1
0,3,0,80.0,18,3,0,0,26,0,0,4,3,50000,2,2,2,2,2,1,0,0,1
1,0,0,80.0,18,1,1,0,26,0,0,4,3,50000,2,2,2,2,2,0,0,1,1
1,0,0,80.0,18,1,1,0,26,0,0,4,3,50000,2,2,2,2,2,0,0,0,0
1,0,0,80.0,18,0,0,0,26,0,0,4,3,50000,2,2,2,2,2,0,0,1,1
1,0,0,80.0,18,1,0,0,26,0,0,4,3,50000,2,2,2,2,2,1,1,0,0
1,0,0,80.0,22,0,0,0,26,0,0,4,3,50000,2,2,2,2,2,0,0,1,1
1,0,0,80.0,22,2,1,0,26,0,0,4,3,50000,2,2,2,2,2,0,0,1,1
2,0,0,80.0,7,1,0,0,26,0,0,4,3,50000,2,2,2,2,2,0,0,1,0
2,0,0,80.0,7,1,0,0,26,0,0,4,3,50000,2,2,2,2,2,1,0,1,0
2,0,0,80.0,7,2,1,0,26,0,0,4,3,50000,2,2,2,2,2,1,1,0,1
2,0,0,80.0,7,2,1,0,26,0,0,4,3,50000,2,2,2,2,2,0,0,1,1
2,0,0,55.0,7,1,1,0,26,0,0,4,3,50000,2,2,2,2,2,1,0,0,1
0,0,0,80.0,10,3,1,0,26,1,0,4,11,12500,0,1,2,2,1,0,0,0,0
0,1,0,80.0,10,1,0,0,26,1,0,4,11,12500,0,1,2,2,1,1,0,0,1
0,1,0,80.0,14,0,0,0,26,1,0,4,11,12500,0,1,2,2,1,1,0,0,1
0,1,0,80.0,18,0,1,0,26,1,0,4,11,12500,0,1,2,2,1,1,0,0,1
0,1,0,55.0,14,1,1,0,26,1,0,4,11,12500,0,1,2,2,1,0,0,0,1
0,0,0,80.0,14,0,0,0,26,1,0,4,11,12500,0,1,2,2,1,1,0,0,1
1,0,0,55.0,18,4,0,0,26,1,0,4,11,12500,0,1,2,2,1,1,0,0,0
1,0,0,80.0,18,1,1,0,26,1,0,4,11,12500,0,1,2,2,1,0,0,1,1
1,0,0,80.0,18,1,1,0,26,1,0,4,11,12500,0,1,2,2,1,0,0,0,0
1,0,0,55.0,22,2,1,0,26,1,0,4,11,12500,0,1,2,2,1,1,1,0,0
1,0,0,80.0,18,0,0,0,26,1,0,4,11,12500,0,1,2,2,1,0,0,1,1
1,0,0,80.0,18,1,0,0,26,1,0,4,11,12500,0,1,2,2,1,1,1,0,0
1,0,0,80.0,22,0,0,0,26,1,0,4,11,12500,0,1,2,2,1,0,0,1,0
1,0,0,80.0,22,2,1,0,26,1,0,4,11,12500,0,1,2,2,1,0,0,1,0
1,0,0,80.0,22,3,1,0,26,1,0,4,11,12500,0,1,2,2,1,1,0,1,0
2,0,0,80.0,7,1,0,0,26,1,0,4,11,12500,0,1,2,2,1,0,0,1,1
2,0,0,80.0,7,1,0,0,26,1,0,4,11,12500,0,1,2,2,1,1,0,1,1
2,0,0,80.0,7,4,0,0,26,1,0,4,11,12500,0,1,2,2,1,1,0,0,0
2,0,0,80.0,7,2,1,0,26,1,0,4,11,12500,0,1,2,2,1,1,1,0,1
2,0,0,80.0,7,2,1,0,26,1,0,4,11,12500,0,1,2,2,1,1,1,0,0
2,0,0,80.0,7,2,1,0,26,1,0,4,11,12500,0,1,2,2,1,0,0,1,1
2,0,0,55.0,7,1,1,0,26,1,0,4,11,12500,0,1,2,2,1,1,0,0,0
0,0,0,80.0,10,3,1,0,51,1,0,4,0,0,0,0,1,1,0,0,0,0,0
0,1,0,80.0,10,1,0,0,51,1,0,4,0,0,0,0,1,1,0,1,0,0,1
0,1,0,80.0,14,0,0,0,51,1,0,4,0,0,0,0,1,1,0,1,0,0,0
0,1,0,80.0,18,0,1,0,51,1,0,4,0,0,0,0,1,1,0,1,0,0,1
0,1,0,55.0,14,1,1,0,51,1,0,4,0,0,0,0,1,1,0,0,0,0,1
0,0,0,80.0,14,0,0,0,51,1,0,4,0,0,0,0,1,1,0,1,0,0,0
1,0,0,55.0,18,4,0,0,51,1,0,4,0,0,0,0,1,1,0,1,0,0,0
1,0,0,80.0,18,1,1,0,51,1,0,4,0,0,0,0,1,1,0,0,0,1,0
1,0,0,80.0,18,1,1,0,51,1,0,4,0,0,0,0,1,1,0,0,0,0,0
1,0,0,55.0,22,2,1,0,51,1,0,4,0,0,0,0,1,1,0,1,1,0,1
1,0,0,80.0,18,0,0,0,51,1,0,4,0,0,0,0,1,1,0,0,0,1,1
1,0,0,80.0,18,1,0,0,51,1,0,4,0,0,0,0,1,1,0,1,1,0,0
1,0,0,80.0,22,0,0,0,51,1,0,4,0,0,0,0,1,1,0,0,0,1,0
1,0,0,80.0,22,2,1,0,51,1,0,4,0,0,0,0,1,1,0,0,0,1,1
1,0,0,80.0,22,3,1,0,51,1,0,4,0,0,0,0,1,1,0,1,0,1,0
2,0,0,80.0,7,1,0,0,51,1,0,4,0,0,0,0,1,1,0,0,0,1,0
2,0,0,80.0,7,1,0,0,51,1,0,4,0,0,0,0,1,1,0,1,0,1,0
2,0,0,80.0,7,4,0,0,51,1,0,4,0,0,0,0,1,1,0,1,0,0,0
2,0,0,80.0,7,2,1,0,51,1,0,4,0,0,0,0,1,1,0,1,1,0,1
2,0,0,80.0,7,2,1,0,51,1,0,4,0,0,0,0,1,1,0,1,1,0,1
2,0,0,80.0,7,2,1,0,51,1,0,4,0,0,0,0,1,1,0,0,0,1,1
2,0,0,55.0,7,1,1,0,51,1,0,4,0,0,0,0,1,1,0,1,0,0,0
0,0,0,80.0,10,3,1,1,26,1,0,4,6,75000,0,0,2,2,2,0,0,0,1
0,1,0,80.0,10,1,0,1,26,1,0,4,6,75000,0,0,2,2,2,1,0,0,0
0,1,0,80.0,14,0,0,1,26,1,0,4,6,75000,0,0,2,2,2,1,0,0,0
0,1,0,80.0,18,0,1,1,26,1,0,4,6,75000,0,0,2,2,2,1,0,0,0
0,1,0,55.0,14,1,1,1,26,1,0,4,6,75000,0,0,2,2,2,0,0,0,0
0,0,0,80.0,14,0,0,1,26,1,0,4,6,75000,0,0,2,2,2,1,0,0,0
1,0,0,55.0,18,4,0,1,26,1,0,4,6,75000,0,0,2,2,2,1,0,0,0
1,0,0,80.0,18,1,1,1,26,1,0,4,6,75000,0,0,2,2,2,0,0,1,0
1,0,0,80.0,18,1,1,1,26,1,0,4,6,75000,0,0,2,2,2,0,0,0,0
1,0,0,55.0,22,2,1,1,26,1,0,4,6,75000,0,0,2,2,2,1,1,0,0
1,0,0,80.0,18,0,0,1,26,1,0,4,6,75000,0,0,2,2,2,0,0,1,0
1,0,0,80.0,18,1,0,1,26,1,0,4,6,75000,0,0,2,2,2,1,1,0,0
1,0,0,80.0,22,0,0,1,26,1,0,4,6,75000,0,0,2,2,2,0,0,1,0
1,0,0,80.0,22,2,1,1,26,1,0,4,6,75000,0,0,2,2,2,0,0,1,0
2,0,0,80.0,7,1,0,1,26,1,0,4,6,75000,0,0,2,2,2,0,0,1,1
2,0,0,80.0,7,1,0,1,26,1,0,4,6,75000,0,0,2,2,2,1,0,1,0
2,0,0,80.0,7,4,0,1,26,1,0,4,6,75000,0,0,2,2,2,1,0,0,0
2,0,0,80.0,7,2,1,1,26,1,0,4,6,75000,0,0,2,2,2,1,1,0,0
2,0,0,80.0,7,2,1,1,26,1,0,4,6,75000,0,0,2,2,2,1,1,0,0
2,0,0,80.0,7,2,1,1,26,1,0,4,6,75000,0,0,2,2,2,0,0,1,0
2,0,0,55.0,7,1,1,1,26,1,0,4,6,75000,0,0,2,2,2,1,0,0,0
0,0,0,80.0,10,3,1,0,41,1,1,2,19,12500,0,1,1,1,0,0,0,0,1
0,1,0,80.0,10,1,0,0,41,1,1,2,19,12500,0,1,1,1,0,1,0,0,0
0,1,0,80.0,14,0,0,0,41,1,1,2,19,12500,0,1,1,1,0,1,0,0,0
0,1,0,80.0,18,0,1,0,41,1,1,2,19,12500,0,1,1,1,0,1,0,0,0
0,1,0,55.0,14,1,1,0,41,1,1,2,19,12500,0,1,1,1,0,0,0,0,0
0,0,0,80.0,14,0,0,0,41,1,1,2,19,12500,0,1,1,1,0,1,0,0,0
1,0,0,55.0,18,4,0,0,41,1,1,2,19,12500,0,1,1,1,0,1,0,0,0
1,0,0,80.0,18,1,1,0,41,1,1,2,19,12500,0,1,1,1,0,0,0,1,0
1,0,0,80.0,18,1,1,0,41,1,1,2,19,12500,0,1,1,1,0,0,0,0,0
1,0,0,55.0,22,2,1,0,41,1,1,2,19,12500,0,1,1,1,0,1,1,0,0
1,0,0,80.0,18,0,0,0,41,1,1,2,19,12500,0,1,1,1,0,0,0,1,0
1,0,0,80.0,18,1,0,0,41,1,1,2,19,12500,0,1,1,1,0,1,1,0,0
1,0,0,80.0,22,0,0,0,41,1,1,2,19,12500,0,1,1,1,0,0,0,1,0
1,0,0,80.0,22,2,1,0,41,1,1,2,19,12500,0,1,1,1,0,0,0,1,1
1,0,0,80.0,22,3,1,0,41,1,1,2,19,12500,0,1,1,1,0,1,0,1,0
2,0,0,80.0,7,1,0,0,41,1,1,2,19,12500,0,1,1,1,0,0,0,1,0
2,0,0,80.0,7,1,0,0,41,1,1,2,19,12500,0,1,1,1,0,1,0,1,0
2,0,0,80.0,7,4,0,0,41,1,1,2,19,12500,0,1,1,1,0,1,0,0,0
2,0,0,80.0,7,2,1,0,41,1,1,2,19,12500,0,1,1,1,0,1,1,0,1
2,0,0,80.0,7,2,1,0,41,1,1,2,19,12500,0,1,1,1,0,1,1,0,1
2,0,0,80.0,7,2,1,0,41,1,1,2,19,12500,0,1,1,1,0,0,0,1,1
2,0,0,55.0,7,1,1,0,41,1,1,2,19,12500,0,1,1,1,0,1,0,0,0
0,0,0,80.0,10,3,1,1,21,0,0,2,3,25000,3,1,2,1,0,0,0,0,1
0,1,0,80.0,10,1,0,1,21,0,0,2,3,25000,3,1,2,1,0,1,0,0,0
0,1,0,80.0,14,0,0,1,21,0,0,2,3,25000,3,1,2,1,0,1,0,0,1
0,1,0,80.0,18,0,1,1,21,0,0,2,3,25000,3,1,2,1,0,1,0,0,1
0,1,0,55.0,14,1,1,1,21,0,0,2,3,25000,3,1,2,1,0,0,0,0,0
0,3,0,80.0,10,1,1,1,21,0,0,2,3,25000,3,1,2,1,0,0,0,0,0
0,3,0,80.0,10,4,0,1,21,0,0,2,3,25000,3,1,2,1,0,0,0,0,0
0,3,0,80.0,10,1,1,1,21,0,0,2,3,25000,3,1,2,1,0,1,0,0,0
0,3,0,80.0,14,1,0,1,21,0,0,2,3,25000,3,1,2,1,0,0,0,0,0
0,3,0,80.0,18,0,1,1,21,0,0,2,3,25000,3,1,2,1,0,0,0,0,1
0,3,0,80.0,18,3,0,1,21,0,0,2,3,25000,3,1,2,1,0,1,0,0,0
1,0,0,80.0,18,1,1,1,21,0,0,2,3,25000,3,1,2,1,0,0,0,1,0
1,0,0,80.0,18,1,1,1,21,0,0,2,3,25000,3,1,2,1,0,0,0,0,0
1,0,0,80.0,18,0,0,1,21,0,0,2,3,25000,3,1,2,1,0,0,0,1,1
1,0,0,80.0,18,1,0,1,21,0,0,2,3,25000,3,1,2,1,0,1,1,0,0
1,0,0,80.0,22,0,0,1,21,0,0,2,3,25000,3,1,2,1,0,0,0,1,0
1,0,0,80.0,22,2,1,1,21,0,0,2,3,25000,3,1,2,1,0,0,0,1,1
2,0,0,80.0,7,1,0,1,21,0,0,2,3,25000,3,1,2,1,0,0,0,1,0
2,0,0,80.0,7,1,0,1,21,0,0,2,3,25000,3,1,2,1,0,1,0,1,0
2,0,0,80.0,7,2,1,1,21,0,0,2,3,25000,3,1,2,1,0,1,1,0,0
2,0,0,80.0,7,2,1,1,21,0,0,2,3,25000,3,1,2,1,0,0,0,1,0
2,0,0,55.0,7,1,1,1,21,0,0,2,3,25000,3,1,2,1,0,1,0,0,0
0,0,0,80.0,10,3,1,0,51,1,0,1,7,37500,1,1,1,1,2,0,0,0,0
0,1,0,80.0,10,1,0,0,51,1,0,1,7,37500,1,1,1,1,2,1,0,0,0
0,1,0,80.0,14,0,0,0,51,1,0,1,7,37500,1,1,1,1,2,1,0,0,0
0,1,0,80.0,18,0,1,0,51,1,0,1,7,37500,1,1,1,1,2,1,0,0,1
0,1,0,55.0,14,1,1,0,51,1,0,1,7,37500,1,1,1,1,2,0,0,0,0
0,0,0,80.0,14,0,0,0,51,1,0,1,7,37500,1,1,1,1,2,1,0,0,0
1,0,0,55.0,18,4,0,0,51,1,0,1,7,37500,1,1,1,1,2,1,0,0,0
1,0,0,80.0,18,1,1,0,51,1,0,1,7,37500,1,1,1,1,2,0,0,1,0
1,0,0,80.0,18,1,1,0,51,1,0,1,7,37500,1,1,1,1,2,0,0,0,0
1,0,0,55.0,22,2,1,0,51,1,0,1,7,37500,1,1,1,1,2,1,1,0,1
1,0,0,80.0,18,0,0,0,51,1,0,1,7,37500,1,1,1,1,2,0,0,1,1
1,0,0,80.0,18,1,0,0,51,1,0,1,7,37500,1,1,1,1,2,1,1,0,0
1,0,0,80.0,22,0,0,0,51,1,0,1,7,37500,1,1,1,1,2,0,0,1,0
1,0,0,80.0,22,2,1,0,51,1,0,1,7,37500,1,1,1,1,2,0,0,1,1
1,0,0,80.0,22,3,1,0,51,1,0,1,7,37500,1,1,1,1,2,1,0,1,0
2,0,0,80.0,7,1,0,0,51,1,0,1,7,37500,1,1,1,1,2,0,0,1,1
2,0,0,80.0,7,1,0,0,51,1,0,1,7,37500,1,1,1,1,2,1,0,1,0
2,0,0,80.0,7,4,0,0,51,1,0,1,7,37500,1,1,1,1,2,1,0,0,0
2,0,0,80.0,7,2,1,0,51,1,0,1,7,37500,1,1,1,1,2,1,1,0,0
2,0,0,80.0,7,2,1,0,51,1,0,1,7,37500,1,1,1,1,2,1,1,0,1
2,0,0,80.0,7,2,1,0,51,1,0,1,7,37500,1,1,1,1,2,0,0,1,1
2,0,0,55.0,7,1,1,0,51,1,0,1,7,37500,1,1,1,1,2,1,0,0,0
0,0,0,80.0,10,3,1,0,41,2,1,4,3,25000,0,2,2,2,2,0,0,0,0
0,1,0,80.0,10,1,0,0,41,2,1,4,3,25000,0,2,2,2,2,1,0,0,1
0,1,0,80.0,14,0,0,0,41,2,1,4,3,25000,0,2,2,2,2,1,0,0,1
0,1,0,80.0,18,0,1,0,41,2,1,4,3,25000,0,2,2,2,2,1,0,0,1
0,1,0,55.0,14,1,1,0,41,2,1,4,3,25000,0,2,2,2,2,0,0,0,1
0,2,0,80.0,10,0,1,0,41,2,1,4,3,25000,0,2,2,2,2,1,0,0,1
0,2,0,80.0,10,2,1,0,41,2,1,4,3,25000,0,2,2,2,2,1,0,0,1
0,2,0,80.0,10,3,0,0,41,2,1,4,3,25000,0,2,2,2,2,1,0,0,0
0,2,0,80.0,14,0,0,0,41,2,1,4,3,25000,0,2,2,2,2,0,0,0,1
0,2,0,55.0,14,1,0,0,41,2,1,4,3,25000,0,2,2,2,2,1,0,0,0
0,2,0,55.0,18,1,1,0,41,2,1,4,3,25000,0,2,2,2,2,1,0,0,1
1,0,0,80.0,18,1,1,0,41,2,1,4,3,25000,0,2,2,2,2,0,0,1,1
1,0,0,80.0,18,1,1,0,41,2,1,4,3,25000,0,2,2,2,2,0,0,0,1
1,0,0,80.0,18,0,0,0,41,2,1,4,3,25000,0,2,2,2,2,0,0,1,1
1,0,0,80.0,18,1,0,0,41,2,1,4,3,25000,0,2,2,2,2,1,1,0,1
1,0,0,80.0,22,0,0,0,41,2,1,4,3,25000,0,2,2,2,2,0,0,1,1
1,0,0,80.0,22,2,1,0,41,2,1,4,3,25000,0,2,2,2,2,0,0,1,1
2,0,0,80.0,7,1,0,0,41,2,1,4,3,25000,0,2,2,2,2,0,0,1,1
2,0,0,80.0,7,1,0,0,41,2,1,4,3,25000,0,2,2,2,2,1,0,1,1
2,0,0,80.0,7,2,1,0,41,2,1,4,3,25000,0,2,2,2,2,1,1,0,1
2,0,0,55.0,7,1,1,0,41,2,1,4,3,25000,0,2,2,2,2,1,0,0,1
0,0,0,80.0,10,3,1,1,36,2,1,5,18,87500,1,1,1,2,1,0,0,0,0
0,1,0,80.0,10,1,0,1,36,2,1,5,18,87500,1,1,1,2,1,1,0,0,0
0,1,0,80.0,14,0,0,1,36,2,1,5,18,87500,1,1,1,2,1,1,0,0,0
0,1,0,80.0,18,0,1,1,36,2,1,5,18,87500,1,1,1,2,1,1,0,0,0
0,1,0,55.0,14,1,1,1,36,2,1,5,18,87500,1,1,1,2,1,0,0,0,0
0,2,0,80.0,10,0,1,1,36,2,1,5,18,87500,1,1,1,2,1,1,0,0,0
0,2,0,80.0,10,2,1,1,36,2,1,5,18,87500,1,1,1,2,1,1,0,0,0
0,2,0,80.0,10,3,0,1,36,2,1,5,18,87500,1,1,1,2,1,1,0,0,0
0,2,0,80.0,14,0,0,1,36,2,1,5,18,87500,1,1,1,2,1,0,0,0,0
0,2,0,55.0,14,1,0,1,36,2,1,5,18,87500,1,1,1,2,1,1,0,0,0
0,2,0,55.0,18,1,1,1,36,2,1,5,18,87500,1,1,1,2,1,1,0,0,0
1,0,0,80.0,18,1,1,1,36,2,1,5,18,87500,1,1,1,2,1,0,0,1,0
1,0,0,80.0,18,1,1,1,36,2,1,5,18,87500,1,1,1,2,1,0,0,0,0
1,0,0,80.0,18,0,0,1,36,2,1,5,18,87500,1,1,1,2,1,0,0,1,0
1,0,0,80.0,18,1,0,1,36,2,1,5,18,87500,1,1,1,2,1,1,1,0,0
1,0,0,80.0,22,0,0,1,36,2,1,5,18,87500,1,1,1,2,1,0,0,1,1
1,0,0,80.0,22,2,1,1,36,2,1,5,18,87500,1,1,1,2,1,0,0,1,1
2,0,0,80.0,7,1,0,1,36,2,1,5,18,87500,1,1,1,2,1,0,0,1,1
2,0,0,80.0,7,1,0,1,36,2,1,5,18,87500,1,1,1,2,1,1,0,1,1
2,0,0,80.0,7,2,1,1,36,2,1,5,18,87500,1,1,1,2,1,1,1,0,0
2,0,0,80.0,7,2,1,1,36,2,1,5,18,87500,1,1,1,2,1,0,0,1,1
2,0,0,55.0,7,1,1,1,36,2,1,5,18,87500,1,1,1,2,1,1,0,0,0
0,0,0,80.0,10,3,1,1,16,1,0,2,2,0,0,1,4,2,0,0,0,0,1
0,1,0,80.0,10,1,0,1,16,1,0,2,2,0,0,1,4,2,0,1,0,0,1
0,1,0,80.0,14,0,0,1,16,1,0,2,2,0,0,1,4,2,0,1,0,0,1
0,1,0,80.0,18,0,1,1,16,1,0,2,2,0,0,1,4,2,0,1,0,0,1
0,1,0,55.0,14,1,1,1,16,1,0,2,2,0,0,1,4,2,0,0,0,0,1
0,0,0,80.0,14,0,0,1,16,1,0,2,2,0,0,1,4,2,0,1,0,0,1
1,0,0,55.0,18,4,0,1,16,1,0,2,2,0,0,1,4,2,0,1,0,0,0
1,0,0,80.0,18,1,1,1,16,1,0,2,2,0,0,1,4,2,0,0,0,1,0
1,0,0,80.0,18,1,1,1,16,1,0,2,2,0,0,1,4,2,0,0,0,0,1
1,0,0,55.0,22,2,1,1,16,1,0,2,2,0,0,1,4,2,0,1,1,0,1
1,0,0,80.0,18,0,0,1,16,1,0,2,2,0,0,1,4,2,0,0,0,1,1
1,0,0,80.0,18,1,0,1,16,1,0,2,2,0,0,1,4,2,0,1,1,0,0
1,0,0,80.0,22,0,0,1,16,1,0,2,2,0,0,1,4,2,0,0,0,1,1
1,0,0,80.0,22,2,1,1,16,1,0,2,2,0,0,1,4,2,0,0,0,1,1
1,0,0,80.0,22,3,1,1,16,1,0,2,2,0,0,1,4,2,0,1,0,1,1
2,0,0,80.0,7,1,0,1,16,1,0,2,2,0,0,1,4,2,0,0,0,1,1
2,0,0,80.0,7,1,0,1,16,1,0,2,2,0,0,1,4,2,0,1,0,1,1
2,0,0,80.0,7,4,0,1,16,1,0,2,2,0,0,1,4,2,0,1,0,0,0
2,0,0,80.0,7,2,1,1,16,1,0,2,2,0,0,1,4,2,0,1,1,0,1
2,0,0,80.0,7,2,1,1,16,1,0,2,2,0,0,1,4,2,0,1,1,0,1
2,0,0,80.0,7,2,1,1,16,1,0,2,2,0,0,1,4,2,0,0,0,1,1
2,0,0,55.0,7,1,1,1,16,1,0,2,2,0,0,1,4,2,0,1,0,0,1
0,0,0,80.0,10,3,1,1,26,1,0,3,7,37500,3,2,3,2,1,0,0,0,1
0,1,0,80.0,10,1,0,1,26,1,0,3,7,37500,3,2,3,2,1,1,0,0,1
0,1,0,80.0,14,0,0,1,26,1,0,3,7,37500,3,2,3,2,1,1,0,0,1
0,1,0,80.0,18,0,1,1,26,1,0,3,7,37500,3,2,3,2,1,1,0,0,1
0,1,0,55.0,14,1,1,1,26,1,0,3,7,37500,3,2,3,2,1,0,0,0,0
0,0,0,80.0,14,0,0,1,26,1,0,3,7,37500,3,2,3,2,1,1,0,0,0
1,0,0,55.0,18,4,0,1,26,1,0,3,7,37500,3,2,3,2,1,1,0,0,0
1,0,0,80.0,18,1,1,1,26,1,0,3,7,37500,3,2,3,2,1,0,0,1,1
1,0,0,80.0,18,1,1,1,26,1,0,3,7,37500,3,2,3,2,1,0,0,0,1
1,0,0,55.0,22,2,1,1,26,1,0,3,7,37500,3,2,3,2,1,1,1,0,0
1,0,0,80.0,18,0,0,1,26,1,0,3,7,37500,3,2,3,2,1,0,0,1,1
1,0,0,80.0,18,1,0,1,26,1,0,3,7,37500,3,2,3,2,1,1,1,0,0
1,0,0,80.0,22,0,0,1,26,1,0,3,7,37500,3,2,3,2,1,0,0,1,1
1,0,0,80.0,22,2,1,1,26,1,0,3,7,37500,3,2,3,2,1,0,0,1,0
1,0,0,80.0,22,3,1,1,26,1,0,3,7,37500,3,2,3,2,1,1,0,1,0
2,0,0,80.0,7,1,0,1,26,1,0,3,7,37500,3,2,3,2,1,0,0,1,1
2,0,0,80.0,7,1,0,1,26,1,0,3,7,37500,3,2,3,2,1,1,0,1,0
2,0,0,80.0,7,4,0,1,26,1,0,3,7,37500,3,2,3,2,1,1,0,0,1
2,0,0,80.0,7,2,1,1,26,1,0,3,7,37500,3,2,3,2,1,1,1,0,1
2,0,0,80.0,7,2,1,1,26,1,0,3,7,37500,3,2,3,2,1,1,1,0,1
2,0,0,80.0,7,2,1,1,26,1,0,3,7,37500,3,2,3,2,1,0,0,1,1
2,0,0,55.0,7,1,1,1,26,1,0,3,7,37500,3,2,3,2,1,1,0,0,1
0,0,0,80.0,10,3,1,0,36,1,1,5,3,25000,1,3,3,2,1,0,0,0,1
0,1,0,80.0,10,1,0,0,36,1,1,5,3,25000,1,3,3,2,1,1,0,0,1
0,1,0,80.0,14,0,0,0,36,1,1,5,3,25000,1,3,3,2,1,1,0,0,1
0,1,0,80.0,18,0,1,0,36,1,1,5,3,25000,1,3,3,2,1,1,0,0,1
0,1,0,55.0,14,1,1,0,36,1,1,5,3,25000,1,3,3,2,1,0,0,0,1
0,0,0,80.0,14,0,0,0,36,1,1,5,3,25000,1,3,3,2,1,1,0,0,0
1,0,0,55.0,18,4,0,0,36,1,1,5,3,25000,1,3,3,2,1,1,0,0,0
1,0,0,80.0,18,1,1,0,36,1,1,5,3,25000,1,3,3,2,1,0,0,1,1
1,0,0,80.0,18,1,1,0,36,1,1,5,3,25000,1,3,3,2,1,0,0,0,1
1,0,0,55.0,22,2,1,0,36,1,1,5,3,25000,1,3,3,2,1,1,1,0,0
1,0,0,80.0,18,0,0,0,36,1,1,5,3,25000,1,3,3,2,1,0,0,1,1
1,0,0,80.0,18,1,0,0,36,1,1,5,3,25000,1,3,3,2,1,1,1,0,0
1,0,0,80.0,22,0,0,0,36,1,1,5,3,25000,1,3,3,2,1,0,0,1,1
1,0,0,80.0,22,2,1,0,36,1,1,5,3,25000,1,3,3,2,1,0,0,1,1
1,0,0,80.0,22,3,1,0,36,1,1,5,3,25000,1,3,3,2,1,1,0,1,1
2,0,0,80.0,7,1,0,0,36,1,1,5,3,25000,1,3,3,2,1,0,0,1,1
2,0,0,80.0,7,1,0,0,36,1,1,5,3,25000,1,3,3,2,1,1,0,1,1
2,0,0,80.0,7,4,0,0,36,1,1,5,3,25000,1,3,3,2,1,1,0,0,0
2,0,0,80.0,7,2,1,0,36,1,1,5,3,25000,1,3,3,2,1,1,1,0,1
2,0,0,80.0,7,2,1,0,36,1,1,5,3,25000,1,3,3,2,1,1,1,0,0
2,0,0,80.0,7,2,1,0,36,1,1,5,3,25000,1,3,3,2,1,0,0,1,1
2,0,0,55.0,7,1,1,0,36,1,1,5,3,25000,1,3,3,2,1,1,0,0,0
0,0,0,80.0,10,3,1,0,31,1,1,4,22,37500,1,1,3,2,1,0,0,0,0
0,1,0,80.0,10,1,0,0,31,1,1,4,22,37500,1,1,3,2,1,1,0,0,0
0,1,0,80.0,14,0,0,0,31,1,1,4,22,37500,1,1,3,2,1,1,0,0,0
0,1,0,80.0,18,0,1,0,31,1,1,4,22,37500,1,1,3,2,1,1,0,0,1
0,1,0,55.0,14,1,1,0,31,1,1,4,22,37500,1,1,3,2,1,0,0,0,1
0,0,0,80.0,14,0,0,0,31,1,1,4,22,37500,1,1,3,2,1,1,0,0,1
1,0,0,55.0,18,4,0,0,31,1,1,4,22,37500,1,1,3,2,1,1,0,0,0
1,0,0,80.0,18,1,1,0,31,1,1,4,22,37500,1,1,3,2,1,0,0,1,0
1,0,0,80.0,18,1,1,0,31,1,1,4,22,37500,1,1,3,2,1,0,0,0,0
1,0,0,55.0,22,2,1,0,31,1,1,4,22,37500,1,1,3,2,1,1,1,0,0
1,0,0,80.0,18,0,0,0,31,1,1,4,22,37500,1,1,3,2,1,0,0,1,1
1,0,0,80.0,18,1,0,0,31,1,1,4,22,37500,1,1,3,2,1,1,1,0,0
1,0,0,80.0,22,0,0,0,31,1,1,4,22,37500,1,1,3,2,1,0,0,1,0
1,0,0,80.0,22,2,1,0,31,1,1,4,22,37500,1,1,3,2,1,0,0,1,1
1,0,0,80.0,22,3,1,0,31,1,1,4,22,37500,1,1,3,2,1,1,0,1,1
2,0,0,80.0,7,1,0,0,31,1,1,4,22,37500,1,1,3,2,1,0,0,1,0
2,0,0,80.0,7,1,0,0,31,1,1,4,22,37500,1,1,3,2,1,1,0,1,0
2,0,0,80.0,7,4,0,0,31,1,1,4,22,37500,1,1,3,2,1,1,0,0,0
2,0,0,80.0,7,2,1,0,31,1,1,4,22,37500,1,1,3,2,1,1,1,0,0
2,0,0,80.0,7,2,1,0,31,1,1,4,22,37500,1,1,3,2,1,1,1,0,0
2,0,0,80.0,7,2,1,0,31,1,1,4,22,37500,1,1,3,2,1,0,0,1,0
2,0,0,55.0,7,1,1,0,31,1,1,4,22,37500,1,1,3,2,1,1,0,0,0
0,0,0,80.0,10,3,1,1,21,1,0,1,2,50000,0,2,4,3,0,0,0,0,0
0,1,0,80.0,10,1,0,1,21,1,0,1,2,50000,0,2,4,3,0,1,0,0,1
0,1,0,80.0,14,0,0,1,21,1,0,1,2,50000,0,2,4,3,0,1,0,0,1
0,1,0,80.0,18,0,1,1,21,1,0,1,2,50000,0,2,4,3,0,1,0,0,1
0,1,0,55.0,14,1,1,1,21,1,0,1,2,50000,0,2,4,3,0,0,0,0,1
0,0,0,80.0,14,0,0,1,21,1,0,1,2,50000,0,2,4,3,0,1,0,0,1
1,0,0,55.0,18,4,0,1,21,1,0,1,2,50000,0,2,4,3,0,1,0,0,0
1,0,0,80.0,18,1,1,1,21,1,0,1,2,50000,0,2,4,3,0,0,0,1,1
1,0,0,80.0,18,1,1,1,21,1,0,1,2,50000,0,2,4,3,0,0,0,0,1
1,0,0,55.0,22,2,1,1,21,1,0,1,2,50000,0,2,4,3,0,1,1,0,1
1,0,0,80.0,18,0,0,1,21,1,0,1,2,50000,0,2,4,3,0,0,0,1,1
1,0,0,80.0,18,1,0,1,21,1,0,1,2,50000,0,2,4,3,0,1,1,0,0
1,0,0,80.0,22,0,0,1,21,1,0,1,2,50000,0,2,4,3,0,0,0,1,1
1,0,0,80.0,22,2,1,1,21,1,0,1,2,50000,0,2,4,3,0,0,0,1,1
1,0,0,80.0,22,3,1,1,21,1,0,1,2,50000,0,2,4,3,0,1,0,1,0
2,0,0,80.0,7,1,0,1,21,1,0,1,2,50000,0,2,4,3,0,0,0,1,1
2,0,0,80.0,7,1,0,1,21,1,0,1,2,50000,0,2,4,3,0,1,0,1,1
2,0,0,80.0,7,4,0,1,21,1,0,1,2,50000,0,2,4,3,0,1,0,0,0
2,0,0,80.0,7,2,1,1,21,1,0,1,2,50000,0,2,4,3,0,1,1,0,1
2,0,0,80.0,7,2,1,1,21,1,0,1,2,50000,0,2,4,3,0,1,1,0,1
2,0,0,80.0,7,2,1,1,21,1,0,1,2,50000,0,2,4,3,0,0,0,1,1
2,0,0,55.0,7,1,1,1,21,1,0,1,2,50000,0,2,4,3,0,1,0,0,1
0,0,0,80.0,10,3,1,0,26,2,0,5,0,62500,3,2,3,3,2,0,0,0,1
0,1,0,80.0,10,1,0,0,26,2,0,5,0,62500,3,2,3,3,2,1,0,0,1
0,1,0,80.0,14,0,0,0,26,2,0,5,0,62500,3,2,3,3,2,1,0,0,1
0,1,0,80.0,18,0,1,0,26,2,0,5,0,62500,3,2,3,3,2,1,0,0,1
0,1,0,55.0,14,1,1,0,26,2,0,5,0,62500,3,2,3,3,2,0,0,0,1
0,3,0,80.0,10,1,1,0,26,2,0,5,0,62500,3,2,3,3,2,0,0,0,1
0,3,0,80.0,10,4,0,0,26,2,0,5,0,62500,3,2,3,3,2,0,0,0,0
0,3,0,80.0,10,1,1,0,26,2,0,5,0,62500,3,2,3,3,2,1,0,0,1
0,3,0,80.0,14,1,0,0,26,2,0,5,0,62500,3,2,3,3,2,0,0,0,1
0,3,0,80.0,18,0,1,0,26,2,0,5,0,62500,3,2,3,3,2,0,0,0,1
0,3,0,80.0,18,3,0,0,26,2,0,5,0,62500,3,2,3,3,2,1,0,0,1
1,0,0,80.0,18,1,1,0,26,2,0,5,0,62500,3,2,3,3,2,0,0,1,1
1,0,0,80.0,18,1,1,0,26,2,0,5,0,62500,3,2,3,3,2,0,0,0,1
1,0,0,80.0,18,0,0,0,26,2,0,5,0,62500,3,2,3,3,2,0,0,1,1
1,0,0,80.0,18,1,0,0,26,2,0,5,0,62500,3,2,3,3,2,1,1,0,0
1,0,0,80.0,22,0,0,0,26,2,0,5,0,62500,3,2,3,3,2,0,0,1,0
1,0,0,80.0,22,2,1,0,26,2,0,5,0,62500,3,2,3,3,2,0,0,1,1
2,0,0,80.0,7,1,0,0,26,2,0,5,0,62500,3,2,3,3,2,0,0,1,1
2,0,0,80.0,7,1,0,0,26,2,0,5,0,62500,3,2,3,3,2,1,0,1,1
2,0,0,80.0,7,2,1,0,26,2,0,5,0,62500,3,2,3,3,2,1,1,0,1
2,0,0,80.0,7,2,1,0,26,2,0,5,0,62500,3,2,3,3,2,0,0,1,1
2,0,0,55.0,7,1,1,0,26,2,0,5,0,62500,3,2,3,3,2,1,0,0,1
0,0,0,80.0,10,3,1,1,21,1,0,2,2,100000,1,2,2,2,1,0,0,0,1
0,1,0,80.0,10,1,0,1,21,1,0,2,2,100000,1,2,2,2,1,1,0,0,1
0,1,0,80.0,14,0,0,1,21,1,0,2,2,100000,1,2,2,2,1,1,0,0,1
0,1,0,80.0,18,0,1,1,21,1,0,2,2,100000,1,2,2,2,1,1,0,0,1
0,1,0,55.0,14,1,1,1,21,1,0,2,2,100000,1,2,2,2,1,0,0,0,1
0,0,0,80.0,14,0,0,1,21,1,0,2,2,100000,1,2,2,2,1,1,0,0,1
1,0,0,55.0,18,4,0,1,21,1,0,2,2,100000,1,2,2,2,1,1,0,0,0
1,0,0,80.0,18,1,1,1,21,1,0,2,2,100000,1,2,2,2,1,0,0,1,1
1,0,0,80.0,18,1,1,1,21,1,0,2,2,100000,1,2,2,2,1,0,0,0,0
1,0,0,55.0,22,2,1,1,21,1,0,2,2,100000,1,2,2,2,1,1,1,0,1
1,0,0,80.0,18,0,0,1,21,1,0,2,2,100000,1,2,2,2,1,0,0,1,1
1,0,0,80.0,18,1,0,1,21,1,0,2,2,100000,1,2,2,2,1,1,1,0,0
1,0,0,80.0,22,0,0,1,21,1,0,2,2,100000,1,2,2,2,1,0,0,1,0
1,0,0,80.0,22,2,1,1,21,1,0,2,2,100000,1,2,2,2,1,0,0,1,1
1,0,0,80.0,22,3,1,1,21,1,0,2,2,100000,1,2,2,2,1,1,0,1,0
2,0,0,80.0,7,1,0,1,21,1,0,2,2,100000,1,2,2,2,1,0,0,1,0
2,0,0,80.0,7,1,0,1,21,1,0,2,2,100000,1,2,2,2,1,1,0,1,0
2,0,0,80.0,7,4,0,1,21,1,0,2,2,100000,1,2,2,2,1,1,0,0,0
2,0,0,80.0,7,2,1,1,21,1,0,2,2,100000,1,2,2,2,1,1,1,0,1
2,0,0,80.0,7,2,1,1,21,1,0,2,2,100000,1,2,2,2,1,1,1,0,1
2,0,0,80.0,7,2,1,1,21,1,0,2,2,100000,1,2,2,2,1,0,0,1,1
2,0,0,55.0,7,1,1,1,21,1,0,2,2,100000,1,2,2,2,1,1,0,0,1
0,0,0,80.0,10,3,1,1,26,2,1,2,9,50000,0,2,2,1,2,0,0,0,0
0,1,0,80.0,10,1,0,1,26,2,1,2,9,50000,0,2,2,1,2,1,0,0,1
0,1,0,80.0,14,0,0,1,26,2,1,2,9,50000,0,2,2,1,2,1,0,0,1
0,1,0,80.0,18,0,1,1,26,2,1,2,9,50000,0,2,2,1,2,1,0,0,1
0,1,0,55.0,14,1,1,1,26,2,1,2,9,50000,0,2,2,1,2,0,0,0,1
0,2,0,80.0,10,0,1,1,26,2,1,2,9,50000,0,2,2,1,2,1,0,0,1
0,2,0,80.0,10,2,1,1,26,2,1,2,9,50000,0,2,2,1,2,1,0,0,0
0,2,0,80.0,10,3,0,1,26,2,1,2,9,50000,0,2,2,1,2,1,0,0,0
0,2,0,80.0,14,0,0,1,26,2,1,2,9,50000,0,2,2,1,2,0,0,0,1
0,2,0,55.0,14,1,0,1,26,2,1,2,9,50000,0,2,2,1,2,1,0,0,1
0,2,0,55.0,18,1,1,1,26,2,1,2,9,50000,0,2,2,1,2,1,0,0,1
1,0,0,80.0,18,1,1,1,26,2,1,2,9,50000,0,2,2,1,2,0,0,1,1
1,0,0,80.0,18,1,1,1,26,2,1,2,9,50000,0,2,2,1,2,0,0,0,1
1,0,0,80.0,18,0,0,1,26,2,1,2,9,50000,0,2,2,1,2,0,0,1,0
1,0,0,80.0,18,1,0,1,26,2,1,2,9,50000,0,2,2,1,2,1,1,0,1
1,0,0,80.0,22,0,0,1,26,2,1,2,9,50000,0,2,2,1,2,0,0,1,0
1,0,0,80.0,22,2,1,1,26,2,1,2,9,50000,0,2,2,1,2,0,0,1,1
2,0,0,80.0,7,1,0,1,26,2,1,2,9,50000,0,2,2,1,2,0,0,1,1
2,0,0,80.0,7,1,0,1,26,2,1,2,9,50000,0,2,2,1,2,1,0,1,0
2,0,0,80.0,7,2,1,1,26,2,1,2,9,50000,0,2,2,1,2,1,1,0,1
2,0,0,80.0,7,2,1,1,26,2,1,2,9,50000,0,2,2,1,2,0,0,1,1
2,0,0,55.0,7,1,1,1,26,2,1,2,9,50000,0,2,2,1,2,1,0,0,1
0,0,0,80.0,10,3,1,0,41,1,1,3,6,25000,1,1,3,3,2,0,0,0,0
0,1,0,80.0,10,1,0,0,41,1,1,3,6,25000,1,1,3,3,2,1,0,0,0
0,1,0,80.0,14,0,0,0,41,1,1,3,6,25000,1,1,3,3,2,1,0,0,0
0,1,0,80.0,18,0,1,0,41,1,1,3,6,25000,1,1,3,3,2,1,0,0,0
0,1,0,55.0,14,1,1,0,41,1,1,3,6,25000,1,1,3,3,2,0,0,0,1
0,0,0,80.0,14,0,0,0,41,1,1,3,6,25000,1,1,3,3,2,1,0,0,1
1,0,0,55.0,18,4,0,0,41,1,1,3,6,25000,1,1,3,3,2,1,0,0,0
1,0,0,80.0,18,1,1,0,41,1,1,3,6,25000,1,1,3,3,2,0,0,1,1
1,0,0,80.0,18,1,1,0,41,1,1,3,6,25000,1,1,3,3,2,0,0,0,0
1,0,0,55.0,22,2,1,0,41,1,1,3,6,25000,1,1,3,3,2,1,1,0,0
1,0,0,80.0,18,0,0,0,41,1,1,3,6,25000,1,1,3,3,2,0,0,1,1
1,0,0,80.0,18,1,0,0,41,1,1,3,6,25000,1,1,3,3,2,1,1,0,0
1,0,0,80.0,22,0,0,0,41,1,1,3,6,25000,1,1,3,3,2,0,0,1,0
1,0,0,80.0,22,2,1,0,41,1,1,3,6,25000,1,1,3,3,2,0,0,1,1
1,0,0,80.0,22,3,1,0,41,1,1,3,6,25000,1,1,3,3,2,1,0,1,0
2,0,0,80.0,7,1,0,0,41,1,1,3,6,25000,1,1,3,3,2,0,0,1,0
2,0,0,80.0,7,1,0,0,41,1,1,3,6,25000,1,1,3,3,2,1,0,1,1
2,0,0,80.0,7,4,0,0,41,1,1,3,6,25000,1,1,3,3,2,1,0,0,0
2,0,0,80.0,7,2,1,0,41,1,1,3,6,25000,1,1,3,3,2,1,1,0,0
2,0,0,80.0,7,2,1,0,41,1,1,3,6,25000,1,1,3,3,2,1,1,0,0
2,0,0,80.0,7,2,1,0,41,1,1,3,6,25000,1,1,3,3,2,0,0,1,1
2,0,0,55.0,7,1,1,0,41,1,1,3,6,25000,1,1,3,3,2,1,0,0,0
0,0,0,80.0,10,3,1,0,31,0,1,4,7,25000,3,1,2,3,2,0,0,0,1
0,1,0,80.0,10,1,0,0,31,0,1,4,7,25000,3,1,2,3,2,1,0,0,0
0,1,0,80.0,14,0,0,0,31,0,1,4,7,25000,3,1,2,3,2,1,0,0,1
0,1,0,80.0,18,0,1,0,31,0,1,4,7,25000,3,1,2,3,2,1,0,0,1
0,1,0,55.0,14,1,1,0,31,0,1,4,7,25000,3,1,2,3,2,0,0,0,0
0,3,0,80.0,10,1,1,0,31,0,1,4,7,25000,3,1,2,3,2,0,0,0,0
0,3,0,80.0,10,4,0,0,31,0,1,4,7,25000,3,1,2,3,2,0,0,0,1
0,3,0,80.0,10,1,1,0,31,0,1,4,7,25000,3,1,2,3,2,1,0,0,0
0,3,0,80.0,14,1,0,0,31,0,1,4,7,25000,3,1,2,3,2,0,0,0,0
0,3,0,80.0,18,0,1,0,31,0,1,4,7,25000,3,1,2,3,2,0,0,0,1
0,3,0,80.0,18,3,0,0,31,0,1,4,7,25000,3,1,2,3,2,1,0,0,1
1,0,0,80.0,18,1,1,0,31,0,1,4,7,25000,3,1,2,3,2,0,0,1,0
1,0,0,80.0,18,1,1,0,31,0,1,4,7,25000,3,1,2,3,2,0,0,0,0
1,0,0,80.0,18,0,0,0,31,0,1,4,7,25000,3,1,2,3,2,0,0,1,1
1,0,0,80.0,18,1,0,0,31,0,1,4,7,25000,3,1,2,3,2,1,1,0,0
1,0,0,80.0,22,0,0,0,31,0,1,4,7,25000,3,1,2,3,2,0,0,1,1
1,0,0,80.0,22,2,1,0,31,0,1,4,7,25000,3,1,2,3,2,0,0,1,1
2,0,0,80.0,7,1,0,0,31,0,1,4,7,25000,3,1,2,3,2,0,0,1,0
2,0,0,80.0,7,1,0,0,31,0,1,4,7,25000,3,1,2,3,2,1,0,1,0
2,0,0,80.0,7,2,1,0,31,0,1,4,7,25000,3,1,2,3,2,1,1,0,1
2,0,0,80.0,7,2,1,0,31,0,1,4,7,25000,3,1,2,3,2,0,0,1,1
2,0,0,55.0,7,1,1,0,31,0,1,4,7,25000,3,1,2,3,2,1,0,0,0
0,0,0,80.0,10,3,1,1,31,2,1,4,1,87500,1,1,3,1,1,0,0,0,0
0,1,0,80.0,10,1,0,1,31,2,1,4,1,87500,1,1,3,1,1,1,0,0,0
0,1,0,80.0,14,0,0,1,31,2,1,4,1,87500,1,1,3,1,1,1,0,0,0
0,1,0,80.0,18,0,1,1,31,2,1,4,1,87500,1,1,3,1,1,1,0,0,1
0,1,0,55.0,14,1,1,1,31,2,1,4,1,87500,1,1,3,1,1,0,0,0,1
0,2,0,80.0,10,0,1,1,31,2,1,4,1,87500,1,1,3,1,1,1,0,0,1
0,2,0,80.0,10,2,1,1,31,2,1,4,1,87500,1,1,3,1,1,1,0,0,0
0,2,0,80.0,10,3,0,1,31,2,1,4,1,87500,1,1,3,1,1,1,0,0,0
0,2,0,80.0,14,0,0,1,31,2,1,4,1,87500,1,1,3,1,1,0,0,0,0
0,2,0,55.0,14,1,0,1,31,2,1,4,1,87500,1,1,3,1,1,1,0,0,0
0,2,0,55.0,18,1,1,1,31,2,1,4,1,87500,1,1,3,1,1,1,0,0,1
1,0,0,80.0,18,1,1,1,31,2,1,4,1,87500,1,1,3,1,1,0,0,1,1
1,0,0,80.0,18,1,1,1,31,2,1,4,1,87500,1,1,3,1,1,0,0,0,1
1,0,0,80.0,18,0,0,1,31,2,1,4,1,87500,1,1,3,1,1,0,0,1,1
1,0,0,80.0,18,1,0,1,31,2,1,4,1,87500,1,1,3,1,1,1,1,0,0
1,0,0,80.0,22,0,0,1,31,2,1,4,1,87500,1,1,3,1,1,0,0,1,0
1,0,0,80.0,22,2,1,1,31,2,1,4,1,87500,1,1,3,1,1,0,0,1,1
2,0,0,80.0,7,1,0,1,31,2,1,4,1,87500,1,1,3,1,1,0,0,1,1
2,0,0,80.0,7,1,0,1,31,2,1,4,1,87500,1,1,3,1,1,1,0,1,1
2,0,0,80.0,7,2,1,1,31,2,1,4,1,87500,1,1,3,1,1,1,1,0,0
2,0,0,80.0,7,2,1,1,31,2,1,4,1,87500,1,1,3,1,1,0,0,1,0
2,0,0,55.0,7,1,1,1,31,2,1,4,1,87500,1,1,3,1,1,1,0,0,0
0,0,0,80.0,10,3,1,0,51,1,0,5,8,37500,2,3,3,3,2,0,0,0,0
0,1,0,80.0,10,1,0,0,51,1,0,5,8,37500,2,3,3,3,2,1,0,0,1
0,1,0,80.0,14,0,0,0,51,1,0,5,8,37500,2,3,3,3,2,1,0,0,0
0,1,0,80.0,18,0,1,0,51,1,0,5,8,37500,2,3,3,3,2,1,0,0,1
0,1,0,55.0,14,1,1,0,51,1,0,5,8,37500,2,3,3,3,2,0,0,0,1
0,0,0,80.0,14,0,0,0,51,1,0,5,8,37500,2,3,3,3,2,1,0,0,0
1,0,0,55.0,18,4,0,0,51,1,0,5,8,37500,2,3,3,3,2,1,0,0,0
1,0,0,80.0,18,1,1,0,51,1,0,5,8,37500,2,3,3,3,2,0,0,1,1
1,0,0,80.0,18,1,1,0,51,1,0,5,8,37500,2,3,3,3,2,0,0,0,1
1,0,0,55.0,22,2,1,0,51,1,0,5,8,37500,2,3,3,3,2,1,1,0,1
1,0,0,80.0,18,0,0,0,51,1,0,5,8,37500,2,3,3,3,2,0,0,1,1
1,0,0,80.0,18,1,0,0,51,1,0,5,8,37500,2,3,3,3,2,1,1,0,0
1,0,0,80.0,22,0,0,0,51,1,0,5,8,37500,2,3,3,3,2,0,0,1,1
1,0,0,80.0,22,2,1,0,51,1,0,5,8,37500,2,3,3,3,2,0,0,1,1
1,0,0,80.0,22,3,1,0,51,1,0,5,8,37500,2,3,3,3,2,1,0,1,1
2,0,0,80.0,7,1,0,0,51,1,0,5,8,37500,2,3,3,3,2,0,0,1,1
2,0,0,80.0,7,1,0,0,51,1,0,5,8,37500,2,3,3,3,2,1,0,1,1
2,0,0,80.0,7,4,0,0,51,1,0,5,8,37500,2,3,3,3,2,1,0,0,0
2,0,0,80.0,7,2,1,0,51,1,0,5,8,37500,2,3,3,3,2,1,1,0,1
2,0,0,80.0,7,2,1,0,51,1,0,5,8,37500,2,3,3,3,2,1,1,0,1
2,0,0,80.0,7,2,1,0,51,1,0,5,8,37500,2,3,3,3,2,0,0,1,1
2,0,0,55.0,7,1,1,0,51,1,0,5,8,37500,2,3,3,3,2,1,0,0,0
0,0,0,80.0,10,3,1,0,26,2,0,5,12,50000,1,1,1,4,1,0,0,0,0
0,1,0,80.0,10,1,0,0,26,2,0,5,12,50000,1,1,1,4,1,1,0,0,0
0,1,0,80.0,14,0,0,0,26,2,0,5,12,50000,1,1,1,4,1,1,0,0,1
0,1,0,80.0,18,0,1,0,26,2,0,5,12,50000,1,1,1,4,1,1,0,0,1
0,1,0,55.0,14,1,1,0,26,2,0,5,12,50000,1,1,1,4,1,0,0,0,1
0,3,0,80.0,10,1,1,0,26,2,0,5,12,50000,1,1,1,4,1,0,0,0,0
0,3,0,80.0,10,4,0,0,26,2,0,5,12,50000,1,1,1,4,1,0,0,0,0
0,3,0,80.0,10,1,1,0,26,2,0,5,12,50000,1,1,1,4,1,1,0,0,0
0,3,0,80.0,14,1,0,0,26,2,0,5,12,50000,1,1,1,4,1,0,0,0,0
0,3,0,80.0,18,0,1,0,26,2,0,5,12,50000,1,1,1,4,1,0,0,0,1
0,3,0,80.0,18,3,0,0,26,2,0,5,12,50000,1,1,1,4,1,1,0,0,0
1,0,0,80.0,18,1,1,0,26,2,0,5,12,50000,1,1,1,4,1,0,0,1,0
1,0,0,80.0,18,1,1,0,26,2,0,5,12,50000,1,1,1,4,1,0,0,0,0
1,0,0,80.0,18,0,0,0,26,2,0,5,12,50000,1,1,1,4,1,0,0,1,0
1,0,0,80.0,18,1,0,0,26,2,0,5,12,50000,1,1,1,4,1,1,1,0,0
1,0,0,80.0,22,0,0,0,26,2,0,5,12,50000,1,1,1,4,1,0,0,1,0
1,0,0,80.0,22,2,1,0,26,2,0,5,12,50000,1,1,1,4,1,0,0,1,1
2,0,0,80.0,7,1,0,0,26,2,0,5,12,50000,1,1,1,4,1,0,0,1,0
2,0,0,80.0,7,1,0,0,26,2,0,5,12,50000,1,1,1,4,1,1,0,1,0
2,0,0,80.0,7,2,1,0,26,2,0,5,12,50000,1,1,1,4,1,1,1,0,1
2,0,0,80.0,7,2,1,0,26,2,0,5,12,50000,1,1,1,4,1,0,0,1,1
2,0,0,55.0,7,1,1,0,26,2,0,5,12,50000,1,1,1,4,1,1,0,0,0
0,0,0,80.0,10,3,1,1,31,2,1,5,7,87500,0,0,3,4,3,0,0,0,0
0,1,0,80.0,10,1,0,1,31,2,1,5,7,87500,0,0,3,4,3,1,0,0,0
0,1,0,80.0,14,0,0,1,31,2,1,5,7,87500,0,0,3,4,3,1,0,0,1
0,1,0,80.0,18,0,1,1,31,2,1,5,7,87500,0,0,3,4,3,1,0,0,1
0,1,0,55.0,14,1,1,1,31,2,1,5,7,87500,0,0,3,4,3,0,0,0,0
0,2,0,80.0,10,0,1,1,31,2,1,5,7,87500,0,0,3,4,3,1,0,0,0
0,2,0,80.0,10,2,1,1,31,2,1,5,7,87500,0,0,3,4,3,1,0,0,1
0,2,0,80.0,10,3,0,1,31,2,1,5,7,87500,0,0,3,4,3,1,0,0,0
0,2,0,80.0,14,0,0,1,31,2,1,5,7,87500,0,0,3,4,3,0,0,0,0
0,2,0,55.0,14,1,0,1,31,2,1,5,7,87500,0,0,3,4,3,1,0,0,0
0,2,0,55.0,18,1,1,1,31,2,1,5,7,87500,0,0,3,4,3,1,0,0,0
1,0,0,80.0,18,1,1,1,31,2,1,5,7,87500,0,0,3,4,3,0,0,1,0
1,0,0,80.0,18,1,1,1,31,2,1,5,7,87500,0,0,3,4,3,0,0,0,0
1,0,0,80.0,18,0,0,1,31,2,1,5,7,87500,0,0,3,4,3,0,0,1,1
1,0,0,80.0,18,1,0,1,31,2,1,5,7,87500,0,0,3,4,3,1,1,0,0
1,0,0,80.0,22,0,0,1,31,2,1,5,7,87500,0,0,3,4,3,0,0,1,0
1,0,0,80.0,22,2,1,1,31,2,1,5,7,87500,0,0,3,4,3,0,0,1,1
2,0,0,80.0,7,1,0,1,31,2,1,5,7,87500,0,0,3,4,3,0,0,1,0
2,0,0,80.0,7,1,0,1,31,2,1,5,7,87500,0,0,3,4,3,1,0,1,0
2,0,0,80.0,7,2,1,1,31,2,1,5,7,87500,0,0,3,4,3,1,1,0,1
2,0,0,80.0,7,2,1,1,31,2,1,5,7,87500,0,0,3,4,3,0,0,1,1
2,0,0,55.0,7,1,1,1,31,2,1,5,7,87500,0,0,3,4,3,1,0,0,0
0,0,0,80.0,10,3,1,0,21,2,1,2,0,87500,1,2,2,3,3,0,0,0,1
0,1,0,80.0,10,1,0,0,21,2,1,2,0,87500,1,2,2,3,3,1,0,0,1
0,1,0,80.0,14,0,0,0,21,2,1,2,0,87500,1,2,2,3,3,1,0,0,1
0,1,0,80.0,18,0,1,0,21,2,1,2,0,87500,1,2,2,3,3,1,0,0,1
0,1,0,55.0,14,1,1,0,21,2,1,2,0,87500,1,2,2,3,3,0,0,0,1
0,2,0,80.0,10,0,1,0,21,2,1,2,0,87500,1,2,2,3,3,1,0,0,1
0,2,0,80.0,10,2,1,0,21,2,1,2,0,87500,1,2,2,3,3,1,0,0,1
0,2,0,80.0,10,3,0,0,21,2,1,2,0,87500,1,2,2,3,3,1,0,0,0
0,2,0,80.0,14,0,0,0,21,2,1,2,0,87500,1,2,2,3,3,0,0,0,1
0,2,0,55.0,14,1,0,0,21,2,1,2,0,87500,1,2,2,3,3,1,0,0,1
0,2,0,55.0,18,1,1,0,21,2,1,2,0,87500,1,2,2,3,3,1,0,0,1
1,0,0,80.0,18,1,1,0,21,2,1,2,0,87500,1,2,2,3,3,0,0,1,1
1,0,0,80.0,18,1,1,0,21,2,1,2,0,87500,1,2,2,3,3,0,0,0,1
1,0,0,80.0,18,0,0,0,21,2,1,2,0,87500,1,2,2,3,3,0,0,1,1
1,0,0,80.0,18,1,0,0,21,2,1,2,0,87500,1,2,2,3,3,1,1,0,1
1,0,0,80.0,22,0,0,0,21,2,1,2,0,87500,1,2,2,3,3,0,0,1,0
1,0,0,80.0,22,2,1,0,21,2,1,2,0,87500,1,2,2,3,3,0,0,1,1
2,0,0,80.0,7,1,0,0,21,2,1,2,0,87500,1,2,2,3,3,0,0,1,0
2,0,0,80.0,7,1,0,0,21,2,1,2,0,87500,1,2,2,3,3,1,0,1,1
2,0,0,80.0,7,2,1,0,21,2,1,2,0,87500,1,2,2,3,3,1,1,0,1
2,0,0,80.0,7,2,1,0,21,2,1,2,0,87500,1,2,2,3,3,0,0,1,1
2,0,0,55.0,7,1,1,0,21,2,1,2,0,87500,1,2,2,3,3,1,0,0,1
0,0,0,80.0,10,3,1,0,21,1,0,2,2,0,4,4,2,1,0,0,0,0,0
0,1,0,80.0,10,1,0,0,21,1,0,2,2,0,4,4,2,1,0,1,0,0,1
0,1,0,80.0,14,0,0,0,21,1,0,2,2,0,4,4,2,1,0,1,0,0,0
0,1,0,80.0,18,0,1,0,21,1,0,2,2,0,4,4,2,1,0,1,0,0,0
0,1,0,55.0,14,1,1,0,21,1,0,2,2,0,4,4,2,1,0,0,0,0,1
0,0,0,80.0,14,0,0,0,21,1,0,2,2,0,4,4,2,1,0,1,0,0,0
1,0,0,55.0,18,4,0,0,21,1,0,2,2,0,4,4,2,1,0,1,0,0,1
1,0,0,80.0,18,1,1,0,21,1,0,2,2,0,4,4,2,1,0,0,0,1,1
1,0,0,80.0,18,1,1,0,21,1,0,2,2,0,4,4,2,1,0,0,0,0,1
1,0,0,55.0,22,2,1,0,21,1,0,2,2,0,4,4,2,1,0,1,1,0,0
1,0,0,80.0,18,0,0,0,21,1,0,2,2,0,4,4,2,1,0,0,0,1,0
1,0,0,80.0,18,1,0,0,21,1,0,2,2,0,4,4,2,1,0,1,1,0,1
1,0,0,80.0,22,0,0,0,21,1,0,2,2,0,4,4,2,1,0,0,0,1,0
1,0,0,80.0,22,2,1,0,21,1,0,2,2,0,4,4,2,1,0,0,0,1,1
1,0,0,80.0,22,3,1,0,21,1,0,2,2,0,4,4,2,1,0,1,0,1,0
2,0,0,80.0,7,1,0,0,21,1,0,2,2,0,4,4,2,1,0,0,0,1,1
2,0,0,80.0,7,1,0,0,21,1,0,2,2,0,4,4,2,1,0,1,0,1,1
2,0,0,80.0,7,4,0,0,21,1,0,2,2,0,4,4,2,1,0,1,0,0,0
2,0,0,80.0,7,2,1,0,21,1,0,2,2,0,4,4,2,1,0,1,1,0,0
2,0,0,80.0,7,2,1,0,21,1,0,2,2,0,4,4,2,1,0,1,1,0,0
2,0,0,80.0,7,2,1,0,21,1,0,2,2,0,4,4,2,1,0,0,0,1,0
2,0,0,55.0,7,1,1,0,21,1,0,2,2,0,4,4,2,1,0,1,0,0,1
0,0,0,80.0,10,3,1,0,21,2,0,2,0,37500,1,1,2,2,2,0,0,0,0
0,1,0,80.0,10,1,0,0,21,2,0,2,0,37500,1,1,2,2,2,1,0,0,0
0,1,0,80.0,14,0,0,0,21,2,0,2,0,37500,1,1,2,2,2,1,0,0,1
0,1,0,80.0,18,0,1,0,21,2,0,2,0,37500,1,1,2,2,2,1,0,0,1
0,1,0,55.0,14,1,1,0,21,2,0,2,0,37500,1,1,2,2,2,0,0,0,0
0,3,0,80.0,10,1,1,0,21,2,0,2,0,37500,1,1,2,2,2,0,0,0,0
0,3,0,80.0,10,4,0,0,21,2,0,2,0,37500,1,1,2,2,2,0,0,0,1
0,3,0,80.0,10,1,1,0,21,2,0,2,0,37500,1,1,2,2,2,1,0,0,0
0,3,0,80.0,14,1,0,0,21,2,0,2,0,37500,1,1,2,2,2,0,0,0,0
0,3,0,80.0,18,0,1,0,21,2,0,2,0,37500,1,1,2,2,2,0,0,0,1
0,3,0,80.0,18,3,0,0,21,2,0,2,0,37500,1,1,2,2,2,1,0,0,0
1,0,0,80.0,18,1,1,0,21,2,0,2,0,37500,1,1,2,2,2,0,0,1,0
1,0,0,80.0,18,1,1,0,21,2,0,2,0,37500,1,1,2,2,2,0,0,0,0
1,0,0,80.0,18,0,0,0,21,2,0,2,0,37500,1,1,2,2,2,0,0,1,1
1,0,0,80.0,18,1,0,0,21,2,0,2,0,37500,1,1,2,2,2,1,1,0,0
1,0,0,80.0,22,0,0,0,21,2,0,2,0,37500,1,1,2,2,2,0,0,1,0
1,0,0,80.0,22,2,1,0,21,2,0,2,0,37500,1,1,2,2,2,0,0,1,0
2,0,0,80.0,7,1,0,0,21,2,0,2,0,37500,1,1,2,2,2,0,0,1,0
2,0,0,80.0,7,1,0,0,21,2,0,2,0,37500,1,1,2,2,2,1,0,1,0
2,0,0,80.0,7,2,1,0,21,2,0,2,0,37500,1,1,2,2,2,1,1,0,0
2,0,0,80.0,7,2,1,0,21,2,0,2,0,37500,1,1,2,2,2,0,0,1,0
2,0,0,80.0,7,1,1,0,21,2,0,2,0,37500,1,1,2,2,2,1,0,0,0
0,0,0,80.0,10,3,1,1,36,2,0,5,6,100000,2,1,2,3,2,0,0,0,1
0,1,0,80.0,10,1,0,1,36,2,0,5,6,100000,2,1,2,3,2,1,0,0,1
0,1,0,80.0,14,0,0,1,36,2,0,5,6,100000,2,1,2,3,2,1,0,0,1
0,1,0,80.0,18,0,1,1,36,2,0,5,6,100000,2,1,2,3,2,1,0,0,1
0,1,0,55.0,14,1,1,1,36,2,0,5,6,100000,2,1,2,3,2,0,0,0,1
0,3,0,80.0,10,1,1,1,36,2,0,5,6,100000,2,1,2,3,2,0,0,0,1
0,3,0,80.0,10,4,0,1,36,2,0,5,6,100000,2,1,2,3,2,0,0,0,1
0,3,0,80.0,10,1,1,1,36,2,0,5,6,100000,2,1,2,3,2,1,0,0,1
0,3,0,80.0,14,1,0,1,36,2,0,5,6,100000,2,1,2,3,2,0,0,0,1
0,3,0,80.0,18,0,1,1,36,2,0,5,6,100000,2,1,2,3,2,0,0,0,1
0,3,0,80.0,18,3,0,1,36,2,0,5,6,100000,2,1,2,3,2,1,0,0,1
1,0,0,80.0,18,1,1,1,36,2,0,5,6,100000,2,1,2,3,2,0,0,1,1
1,0,0,80.0,18,1,1,1,36,2,0,5,6,100000,2,1,2,3,2,0,0,0,0
1,0,0,80.0,18,0,0,1,36,2,0,5,6,100000,2,1,2,3,2,0,0,1,1
1,0,0,80.0,18,1,0,1,36,2,0,5,6,100000,2,1,2,3,2,1,1,0,0
1,0,0,80.0,22,0,0,1,36,2,0,5,6,100000,2,1,2,3,2,0,0,1,0
1,0,0,80.0,22,2,1,1,36,2,0,5,6,100000,2,1,2,3,2,0,0,1,1
2,0,0,80.0,7,1,0,1,36,2,0,5,6,100000,2,1,2,3,2,0,0,1,1
2,0,0,80.0,7,1,0,1,36,2,0,5,6,100000,2,1,2,3,2,1,0,1,1
2,0,0,80.0,7,2,1,1,36,2,0,5,6,100000,2,1,2,3,2,0,0,1,1
2,0,0,55.0,7,1,1,1,36,2,0,5,6,100000,2,1,2,3,2,1,0,0,1
0,0,0,80.0,10,3,1,0,51,3,0,5,16,37500,0,0,3,2,0,0,0,0,0
0,1,0,80.0,10,1,0,0,51,3,0,5,16,37500,0,0,3,2,0,1,0,0,0
0,1,0,80.0,14,0,0,0,51,3,0,5,16,37500,0,0,3,2,0,1,0,0,1
0,1,0,80.0,18,0,1,0,51,3,0,5,16,37500,0,0,3,2,0,1,0,0,1
0,1,0,55.0,14,1,1,0,51,3,0,5,16,37500,0,0,3,2,0,0,0,0,0
0,0,0,80.0,14,0,0,0,51,3,0,5,16,37500,0,0,3,2,0,1,0,0,0
1,0,0,55.0,18,4,0,0,51,3,0,5,16,37500,0,0,3,2,0,1,0,0,1
1,0,0,80.0,18,1,1,0,51,3,0,5,16,37500,0,0,3,2,0,0,0,1,0
1,0,0,80.0,18,1,1,0,51,3,0,5,16,37500,0,0,3,2,0,0,0,0,0
1,0,0,55.0,22,2,1,0,51,3,0,5,16,37500,0,0,3,2,0,1,1,0,0
1,0,0,80.0,18,0,0,0,51,3,0,5,16,37500,0,0,3,2,0,0,0,1,1
1,0,0,80.0,18,1,0,0,51,3,0,5,16,37500,0,0,3,2,0,1,1,0,0
1,0,0,80.0,22,0,0,0,51,3,0,5,16,37500,0,0,3,2,0,0,0,1,0
1,0,0,80.0,22,2,1,0,51,3,0,5,16,37500,0,0,3,2,0,0,0,1,1
1,0,0,80.0,22,3,1,0,51,3,0,5,16,37500,0,0,3,2,0,1,0,1,0
2,0,0,80.0,7,1,0,0,51,3,0,5,16,37500,0,0,3,2,0,0,0,1,1
2,0,0,80.0,7,1,0,0,51,3,0,5,16,37500,0,0,3,2,0,1,0,1,0
2,0,0,80.0,7,4,0,0,51,3,0,5,16,37500,0,0,3,2,0,1,0,0,0
2,0,0,80.0,7,2,1,0,51,3,0,5,16,37500,0,0,3,2,0,1,1,0,1
2,0,0,80.0,7,2,1,0,51,3,0,5,16,37500,0,0,3,2,0,1,1,0,1
2,0,0,80.0,7,2,1,0,51,3,0,5,16,37500,0,0,3,2,0,0,0,1,0
2,0,0,55.0,7,1,1,0,51,3,0,5,16,37500,0,0,3,2,0,1,0,0,1
0,0,0,80.0,10,3,1,0,26,1,0,4,0,0,3,2,4,3,2,0,0,0,1
0,1,0,80.0,10,1,0,0,26,1,0,4,0,0,3,2,4,3,2,1,0,0,1
0,1,0,80.0,14,0,0,0,26,1,0,4,0,0,3,2,4,3,2,1,0,0,1
0,1,0,80.0,18,0,1,0,26,1,0,4,0,0,3,2,4,3,2,1,0,0,1
0,1,0,55.0,14,1,1,0,26,1,0,4,0,0,3,2,4,3,2,0,0,0,1
0,0,0,80.0,14,0,0,0,26,1,0,4,0,0,3,2,4,3,2,1,0,0,1
1,0,0,80.0,18,4,0,0,26,1,0,4,0,0,3,2,4,3,2,1,0,0,0
1,0,0,80.0,18,1,1,0,26,1,0,4,0,0,3,2,4,3,2,0,0,1,1
1,0,0,80.0,18,1,1,0,26,1,0,4,0,0,3,2,4,3,2,0,0,0,0
1,0,0,55.0,22,2,1,0,26,1,0,4,0,0,3,2,4,3,2,1,1,0,0
1,0,0,80.0,18,0,0,0,26,1,0,4,0,0,3,2,4,3,2,0,0,1,1
1,0,0,80.0,18,1,0,0,26,1,0,4,0,0,3,2,4,3,2,1,1,0,0
1,0,0,80.0,22,0,0,0,26,1,0,4,0,0,3,2,4,3,2,0,0,1,0
1,0,0,80.0,22,2,1,0,26,1,0,4,0,0,3,2,4,3,2,0,0,1,1
1,0,0,80.0,22,3,1,0,26,1,0,4,0,0,3,2,4,3,2,1,0,1,1
2,0,0,80.0,7,1,0,0,26,1,0,4,0,0,3,2,4,3,2,0,0,1,1
2,0,0,80.0,7,1,0,0,26,1,0,4,0,0,3,2,4,3,2,1,0,1,1
2,0,0,80.0,7,4,0,0,26,1,0,4,0,0,3,2,4,3,2,1,0,0,0
2,0,0,80.0,7,2,1,0,26,1,0,4,0,0,3,2,4,3,2,1,1,0,1
2,0,0,80.0,7,2,1,0,26,1,0,4,0,0,3,2,4,3,2,1,1,0,1
2,0,0,80.0,7,2,1,0,26,1,0,4,0,0,3,2,4,3,2,0,0,1,1
2,0,0,55.0,7,1,1,0,26,1,0,4,0,0,3,2,4,3,2,1,0,0,0
0,0,0,80.0,10,3,1,0,26,0,0,2,7,37500,1,1,1,2,1,0,0,0,0
0,1,0,80.0,10,1,0,0,26,0,0,2,7,37500,1,1,1,2,1,1,0,0,1
0,1,0,80.0,14,0,0,0,26,0,0,2,7,37500,1,1,1,2,1,1,0,0,1
0,1,0,80.0,18,0,1,0,26,0,0,2,7,37500,1,1,1,2,1,1,0,0,1
0,1,0,55.0,14,1,1,0,26,0,0,2,7,37500,1,1,1,2,1,0,0,0,1
0,3,0,80.0,10,1,1,0,26,0,0,2,7,37500,1,1,1,2,1,0,0,0,1
0,3,0,80.0,10,4,0,0,26,0,0,2,7,37500,1,1,1,2,1,0,0,0,0
0,3,0,80.0,10,1,1,0,26,0,0,2,7,37500,1,1,1,2,1,1,0,0,1
0,3,0,80.0,14,1,0,0,26,0,0,2,7,37500,1,1,1,2,1,0,0,0,1
0,3,0,80.0,18,0,1,0,26,0,0,2,7,37500,1,1,1,2,1,0,0,0,1
0,3,0,80.0,18,3,0,0,26,0,0,2,7,37500,1,1,1,2,1,1,0,0,0
1,0,0,80.0,18,1,1,0,26,0,0,2,7,37500,1,1,1,2,1,0,0,1,1
1,0,0,80.0,18,1,1,0,26,0,0,2,7,37500,1,1,1,2,1,0,0,0,1
1,0,0,80.0,18,0,0,0,26,0,0,2,7,37500,1,1,1,2,1,0,0,1,0
1,0,0,80.0,18,1,0,0,26,0,0,2,7,37500,1,1,1,2,1,1,1,0,0
1,0,0,80.0,22,0,0,0,26,0,0,2,7,37500,1,1,1,2,1,0,0,1,0
1,0,0,80.0,22,2,1,0,26,0,0,2,7,37500,1,1,1,2,1,0,0,1,0
2,0,0,80.0,7,1,0,0,26,0,0,2,7,37500,1,1,1,2,1,0,0,1,0
2,0,0,80.0,7,1,0,0,26,0,0,2,7,37500,1,1,1,2,1,1,0,1,0
2,0,0,80.0,7,2,1,0,26,0,0,2,7,37500,1,1,1,2,1,1,1,0,0
2,0,0,80.0,7,2,1,0,26,0,0,2,7,37500,1,1,1,2,1,0,0,1,0
2,0,0,55.0,7,1,1,0,26,0,0,2,7,37500,1,1,1,2,1,1,0,0,1
0,0,0,80.0,10,3,1,0,26,1,1,1,0,0,1,1,3,2,0,0,0,0,0
0,1,0,80.0,10,1,0,0,26,1,1,1,0,0,1,1,3,2,0,1,0,0,1
0,1,0,80.0,14,0,0,0,26,1,1,1,0,0,1,1,3,2,0,1,0,0,1
0,1,0,80.0,18,0,1,0,26,1,1,1,0,0,1,1,3,2,0,1,0,0,1
0,1,0,55.0,14,1,1,0,26,1,1,1,0,0,1,1,3,2,0,0,0,0,1
0,0,0,80.0,14,0,0,0,26,1,1,1,0,0,1,1,3,2,0,1,0,0,1
1,0,0,55.0,18,4,0,0,26,1,1,1,0,0,1,1,3,2,0,1,0,0,0
1,0,0,80.0,18,1,1,0,26,1,1,1,0,0,1,1,3,2,0,0,0,1,0
1,0,0,80.0,18,1,1,0,26,1,1,1,0,0,1,1,3,2,0,0,0,0,0
1,0,0,55.0,22,2,1,0,26,1,1,1,0,0,1,1,3,2,0,1,1,0,1
1,0,0,80.0,18,0,0,0,26,1,1,1,0,0,1,1,3,2,0,0,0,1,1
1,0,0,80.0,18,1,0,0,26,1,1,1,0,0,1,1,3,2,0,1,1,0,0
1,0,0,80.0,22,0,0,0,26,1,1,1,0,0,1,1,3,2,0,0,0,1,1
1,0,0,80.0,22,2,1,0,26,1,1,1,0,0,1,1,3,2,0,0,0,1,1
1,0,0,80.0,22,3,1,0,26,1,1,1,0,0,1,1,3,2,0,1,0,1,0
2,0,0,80.0,7,1,0,0,26,1,1,1,0,0,1,1,3,2,0,0,0,1,1
2,0,0,80.0,7,1,0,0,26,1,1,1,0,0,1,1,3,2,0,1,0,1,0
2,0,0,80.0,7,4,0,0,26,1,1,1,0,0,1,1,3,2,0,1,0,0,0
2,0,0,80.0,7,2,1,0,26,1,1,1,0,0,1,1,3,2,0,1,1,0,0
2,0,0,80.0,7,2,1,0,26,1,1,1,0,0,1,1,3,2,0,1,1,0,0
2,0,0,80.0,7,2,1,0,26,1,1,1,0,0,1,1,3,2,0,0,0,1,1
2,0,0,55.0,7,1,1,0,26,1,1,1,0,0,1,1,3,2,0,1,0,0,0
0,0,0,80.0,10,3,1,0,51,1,0,5,0,0,0,4,2,1,1,0,0,0,0
0,1,0,80.0,10,1,0,0,51,1,0,5,0,0,0,4,2,1,1,1,0,0,1
0,1,0,80.0,14,0,0,0,51,1,0,5,0,0,0,4,2,1,1,1,0,0,1
0,1,0,80.0,18,0,1,0,51,1,0,5,0,0,0,4,2,1,1,1,0,0,1
0,1,0,55.0,14,1,1,0,51,1,0,5,0,0,0,4,2,1,1,0,0,0,1
0,0,0,80.0,14,0,0,0,51,1,0,5,0,0,0,4,2,1,1,1,0,0,1
1,0,0,55.0,18,4,0,0,51,1,0,5,0,0,0,4,2,1,1,1,0,0,1
1,0,0,80.0,18,1,1,0,51,1,0,5,0,0,0,4,2,1,1,0,0,1,1
1,0,0,80.0,18,1,1,0,51,1,0,5,0,0,0,4,2,1,1,0,0,0,1
1,0,0,55.0,22,2,1,0,51,1,0,5,0,0,0,4,2,1,1,1,1,0,1
1,0,0,80.0,18,0,0,0,51,1,0,5,0,0,0,4,2,1,1,0,0,1,1
1,0,0,80.0,18,1,0,0,51,1,0,5,0,0,0,4,2,1,1,1,1,0,1
1,0,0,80.0,22,0,0,0,51,1,0,5,0,0,0,4,2,1,1,0,0,1,1
1,0,0,80.0,22,2,1,0,51,1,0,5,0,0,0,4,2,1,1,0,0,1,1
1,0,0,80.0,22,3,1,0,51,1,0,5,0,0,0,4,2,1,1,1,0,1,0
2,0,0,80.0,7,1,0,0,51,1,0,5,0,0,0,4,2,1,1,0,0,1,1
2,0,0,80.0,7,1,0,0,51,1,0,5,0,0,0,4,2,1,1,1,0,1,1
2,0,0,80.0,7,4,0,0,51,1,0,5,0,0,0,4,2,1,1,1,0,0,0
2,0,0,80.0,7,2,1,0,51,1,0,5,0,0,0,4,2,1,1,1,1,0,1
2,0,0,80.0,7,2,1,0,51,1,0,5,0,0,0,4,2,1,1,1,1,0,1
2,0,0,80.0,7,2,1,0,51,1,0,5,0,0,0,4,2,1,1,0,0,1,1
2,0,0,55.0,7,1,1,0,51,1,0,5,0,0,0,4,2,1,1,1,0,0,1
0,0,0,80.0,10,3,1,1,21,0,0,2,21,12500,2,1,2,2,0,0,0,0,1
0,1,0,80.0,10,1,0,1,21,0,0,2,21,12500,2,1,2,2,0,1,0,0,0
0,1,0,80.0,14,0,0,1,21,0,0,2,21,12500,2,1,2,2,0,1,0,0,0
0,1,0,80.0,18,0,1,1,21,0,0,2,21,12500,2,1,2,2,0,1,0,0,1
0,1,0,55.0,14,1,1,1,21,0,0,2,21,12500,2,1,2,2,0,0,0,0,0
0,3,0,80.0,10,1,1,1,21,0,0,2,21,12500,2,1,2,2,0,0,0,0,0
0,3,0,80.0,10,4,0,1,21,0,0,2,21,12500,2,1,2,2,0,0,0,0,0
0,3,0,80.0,10,1,1,1,21,0,0,2,21,12500,2,1,2,2,0,1,0,0,0
0,3,0,80.0,14,1,0,1,21,0,0,2,21,12500,2,1,2,2,0,0,0,0,0
0,3,0,80.0,18,0,1,1,21,0,0,2,21,12500,2,1,2,2,0,0,0,0,1
0,3,0,80.0,18,3,0,1,21,0,0,2,21,12500,2,1,2,2,0,1,0,0,1
1,0,0,80.0,18,1,1,1,21,0,0,2,21,12500,2,1,2,2,0,0,0,1,0
1,0,0,80.0,18,1,1,1,21,0,0,2,21,12500,2,1,2,2,0,0,0,0,0
1,0,0,80.0,18,0,0,1,21,0,0,2,21,12500,2,1,2,2,0,0,0,1,0
1,0,0,80.0,18,1,0,1,21,0,0,2,21,12500,2,1,2,2,0,1,1,0,0
1,0,0,80.0,22,0,0,1,21,0,0,2,21,12500,2,1,2,2,0,0,0,1,0
1,0,0,80.0,22,2,1,1,21,0,0,2,21,12500,2,1,2,2,0,0,0,1,1
2,0,0,80.0,7,1,0,1,21,0,0,2,21,12500,2,1,2,2,0,0,0,1,0
2,0,0,80.0,7,1,0,1,21,0,0,2,21,12500,2,1,2,2,0,1,0,1,0
2,0,0,80.0,7,2,1,1,21,0,0,2,21,12500,2,1,2,2,0,1,1,0,1
2,0,0,80.0,7,2,1,1,21,0,0,2,21,12500,2,1,2,2,0,0,0,1,1
2,0,0,55.0,7,1,1,1,21,0,0,2,21,12500,2,1,2,2,0,1,0,0,0
0,0,0,80.0,10,3,1,1,26,2,0,4,9,75000,2,0,2,2,1,0,0,0,0
0,1,0,80.0,10,1,0,1,26,2,0,4,9,75000,2,0,2,2,1,1,0,0,0
0,1,0,80.0,14,0,0,1,26,2,0,4,9,75000,2,0,2,2,1,1,0,0,1
0,1,0,80.0,18,0,1,1,26,2,0,4,9,75000,2,0,2,2,1,1,0,0,1
0,1,0,55.0,14,1,1,1,26,2,0,4,9,75000,2,0,2,2,1,0,0,0,0
0,3,0,80.0,10,1,1,1,26,2,0,4,9,75000,2,0,2,2,1,0,0,0,0
0,3,0,80.0,10,4,0,1,26,2,0,4,9,75000,2,0,2,2,1,0,0,0,0
0,3,0,80.0,10,1,1,1,26,2,0,4,9,75000,2,0,2,2,1,1,0,0,0
0,3,0,80.0,14,1,0,1,26,2,0,4,9,75000,2,0,2,2,1,0,0,0,0
0,3,0,80.0,18,0,1,1,26,2,0,4,9,75000,2,0,2,2,1,0,0,0,1
0,3,0,80.0,18,3,0,1,26,2,0,4,9,75000,2,0,2,2,1,1,0,0,0
1,0,0,80.0,18,1,1,1,26,2,0,4,9,75000,2,0,2,2,1,0,0,1,0
1,0,0,80.0,18,1,1,1,26,2,0,4,9,75000,2,0,2,2,1,0,0,0,0
1,0,0,80.0,18,0,0,1,26,2,0,4,9,75000,2,0,2,2,1,0,0,1,1
1,0,0,80.0,18,1,0,1,26,2,0,4,9,75000,2,0,2,2,1,1,1,0,0
1,0,0,80.0,22,0,0,1,26,2,0,4,9,75000,2,0,2,2,1,0,0,1,0
1,0,0,80.0,22,2,1,1,26,2,0,4,9,75000,2,0,2,2,1,0,0,1,0
2,0,0,80.0,7,1,0,1,26,2,0,4,9,75000,2,0,2,2,1,0,0,1,0
2,0,0,80.0,7,1,0,1,26,2,0,4,9,75000,2,0,2,2,1,1,0,1,0
2,0,0,80.0,7,2,1,1,26,2,0,4,9,75000,2,0,2,2,1,1,1,0,1
2,0,0,80.0,7,2,1,1,26,2,0,4,9,75000,2,0,2,2,1,0,0,1,1
2,0,0,55.0,7,1,1,1,26,2,0,4,9,75000,2,0,2,2,1,1,0,0,0
0,0,0,80.0,10,3,1,1,46,2,1,5,16,50000,0,0,1,3,2,0,0,0,1
0,1,0,80.0,10,1,0,1,46,2,1,5,16,50000,0,0,1,3,2,1,0,0,1
0,1,0,80.0,14,0,0,1,46,2,1,5,16,50000,0,0,1,3,2,1,0,0,0
0,1,0,80.0,18,0,1,1,46,2,1,5,16,50000,0,0,1,3,2,1,0,0,1
0,1,0,55.0,14,1,1,1,46,2,1,5,16,50000,0,0,1,3,2,0,0,0,1
0,0,0,80.0,14,0,0,1,46,2,1,5,16,50000,0,0,1,3,2,1,0,0,0
0,3,0,80.0,10,1,1,1,46,2,1,5,16,50000,0,0,1,3,2,0,0,0,1
0,3,0,80.0,10,4,0,1,46,2,1,5,16,50000,0,0,1,3,2,0,0,0,0
0,3,0,80.0,10,1,1,1,46,2,1,5,16,50000,0,0,1,3,2,1,0,0,1
0,3,0,80.0,14,1,0,1,46,2,1,5,16,50000,0,0,1,3,2,0,0,0,1
0,3,0,80.0,18,0,1,1,46,2,1,5,16,50000,0,0,1,3,2,0,0,0,1
0,3,0,80.0,18,3,0,1,46,2,1,5,16,50000,0,0,1,3,2,1,0,0,1
0,2,0,80.0,10,0,1,1,46,2,1,5,16,50000,0,0,1,3,2,1,0,0,0
0,2,0,80.0,10,2,1,1,46,2,1,5,16,50000,0,0,1,3,2,1,0,0,1
0,2,0,80.0,10,3,0,1,46,2,1,5,16,50000,0,0,1,3,2,1,0,0,0
0,2,0,80.0,14,0,0,1,46,2,1,5,16,50000,0,0,1,3,2,0,0,0,0
0,2,0,55.0,14,1,0,1,46,2,1,5,16,50000,0,0,1,3,2,1,0,0,1
0,2,0,55.0,18,1,1,1,46,2,1,5,16,50000,0,0,1,3,2,1,0,0,1
1,0,0,55.0,18,4,0,1,46,2,1,5,16,50000,0,0,1,3,2,1,0,0,0
1,0,0,80.0,18,1,1,1,46,2,1,5,16,50000,0,0,1,3,2,0,0,1,1
1,0,0,80.0,18,1,1,1,46,2,1,5,16,50000,0,0,1,3,2,0,0,0,0
1,0,0,55.0,22,2,1,1,46,2,1,5,16,50000,0,0,1,3,2,1,1,0,0
1,0,0,80.0,18,0,0,1,46,2,1,5,16,50000,0,0,1,3,2,0,0,1,1
1,0,0,80.0,18,1,0,1,46,2,1,5,16,50000,0,0,1,3,2,1,1,0,0
1,0,0,80.0,22,0,0,1,46,2,1,5,16,50000,0,0,1,3,2,0,0,1,0
1,0,0,80.0,22,2,1,1,46,2,1,5,16,50000,0,0,1,3,2,0,0,1,0
1,0,0,80.0,22,3,1,1,46,2,1,5,16,50000,0,0,1,3,2,1,0,1,0
2,0,0,80.0,7,1,0,1,46,2,1,5,16,50000,0,0,1,3,2,0,0,1,1
2,0,0,80.0,7,1,0,1,46,2,1,5,16,50000,0,0,1,3,2,1,0,1,1
2,0,0,80.0,7,4,0,1,46,2,1,5,16,50000,0,0,1,3,2,1,0,0,0
2,0,0,80.0,7,2,1,1,46,2,1,5,16,50000,0,0,1,3,2,1,1,0,0
2,0,0,80.0,7,2,1,1,46,2,1,5,16,50000,0,0,1,3,2,1,1,0,1
2,0,0,80.0,7,2,1,1,46,2,1,5,16,50000,0,0,1,3,2,0,0,1,1
2,0,0,55.0,7,1,1,1,46,2,1,5,16,50000,0,0,1,3,2,1,0,0,0
0,0,0,80.0,10,3,1,0,21,0,0,2,6,25000,0,1,1,1,0,0,0,0,0
0,1,0,80.0,10,1,0,0,21,0,0,2,6,25000,0,1,1,1,0,1,0,0,1
0,1,0,80.0,14,0,0,0,21,0,0,2,6,25000,0,1,1,1,0,1,0,0,1
0,1,0,80.0,18,0,1,0,21,0,0,2,6,25000,0,1,1,1,0,1,0,0,1
0,1,0,55.0,14,1,1,0,21,0,0,2,6,25000,0,1,1,1,0,0,0,0,0
0,3,0,80.0,10,1,1,0,21,0,0,2,6,25000,0,1,1,1,0,0,0,0,1
0,3,0,80.0,10,4,0,0,21,0,0,2,6,25000,0,1,1,1,0,0,0,0,1
0,3,0,80.0,10,1,1,0,21,0,0,2,6,25000,0,1,1,1,0,1,0,0,1
0,3,0,80.0,14,1,0,0,21,0,0,2,6,25000,0,1,1,1,0,0,0,0,1
0,3,0,80.0,18,0,1,0,21,0,0,2,6,25000,0,1,1,1,0,0,0,0,1
0,3,0,80.0,18,3,0,0,21,0,0,2,6,25000,0,1,1,1,0,1,0,0,1
1,0,0,80.0,18,1,1,0,21,0,0,2,6,25000,0,1,1,1,0,0,0,1,0
1,0,0,80.0,18,1,1,0,21,0,0,2,6,25000,0,1,1,1,0,0,0,0,0
1,0,0,80.0,18,0,0,0,21,0,0,2,6,25000,0,1,1,1,0,0,0,1,1
1,0,0,80.0,18,1,0,0,21,0,0,2,6,25000,0,1,1,1,0,1,1,0,0
1,0,0,80.0,22,0,0,0,21,0,0,2,6,25000,0,1,1,1,0,0,0,1,1
1,0,0,80.0,22,2,1,0,21,0,0,2,6,25000,0,1,1,1,0,0,0,1,1
2,0,0,80.0,7,1,0,0,21,0,0,2,6,25000,0,1,1,1,0,0,0,1,1
2,0,0,80.0,7,1,0,0,21,0,0,2,6,25000,0,1,1,1,0,1,0,1,1
2,0,0,80.0,7,2,1,0,21,0,0,2,6,25000,0,1,1,1,0,1,1,0,0
2,0,0,80.0,7,2,1,0,21,0,0,2,6,25000,0,1,1,1,0,0,0,1,1
2,0,0,55.0,7,1,1,0,21,0,0,2,6,25000,0,1,1,1,0,1,0,0,0
0,0,0,80.0,10,3,1,0,31,0,0,0,9,12500,2,2,3,2,1,0,0,0,1
0,1,0,80.0,10,1,0,0,31,0,0,0,9,12500,2,2,3,2,1,1,0,0,1
0,1,0,80.0,14,0,0,0,31,0,0,0,9,12500,2,2,3,2,1,1,0,0,1
0,1,0,80.0,18,0,1,0,31,0,0,0,9,12500,2,2,3,2,1,1,0,0,1
0,1,0,55.0,14,1,1,0,31,0,0,0,9,12500,2,2,3,2,1,0,0,0,1
0,3,0,80.0,10,1,1,0,31,0,0,0,9,12500,2,2,3,2,1,0,0,0,1
0,3,0,80.0,10,4,0,0,31,0,0,0,9,12500,2,2,3,2,1,0,0,0,0
0,3,0,80.0,10,1,1,0,31,0,0,0,9,12500,2,2,3,2,1,1,0,0,1
0,3,0,80.0,14,1,0,0,31,0,0,0,9,12500,2,2,3,2,1,0,0,0,1
0,3,0,80.0,18,0,1,0,31,0,0,0,9,12500,2,2,3,2,1,0,0,0,1
0,3,0,80.0,18,3,0,0,31,0,0,0,9,12500,2,2,3,2,1,1,0,0,1
1,0,0,80.0,18,1,1,0,31,0,0,0,9,12500,2,2,3,2,1,0,0,1,1
1,0,0,80.0,18,1,1,0,31,0,0,0,9,12500,2,2,3,2,1,0,0,0,1
1,0,0,80.0,18,0,0,0,31,0,0,0,9,12500,2,2,3,2,1,0,0,1,1
1,0,0,80.0,18,1,0,0,31,0,0,0,9,12500,2,2,3,2,1,1,1,0,0
1,0,0,80.0,22,0,0,0,31,0,0,0,9,12500,2,2,3,2,1,0,0,1,1
1,0,0,80.0,22,2,1,0,31,0,0,0,9,12500,2,2,3,2,1,0,0,1,1
2,0,0,80.0,7,1,0,0,31,0,0,0,9,12500,2,2,3,2,1,0,0,1,0
2,0,0,80.0,7,1,0,0,31,0,0,0,9,12500,2,2,3,2,1,1,0,1,0
2,0,0,80.0,7,2,1,0,31,0,0,0,9,12500,2,2,3,2,1,1,1,0,1
2,0,0,80.0,7,2,1,0,31,0,0,0,9,12500,2,2,3,2,1,0,0,1,1
2,0,0,55.0,7,1,1,0,31,0,0,0,9,12500,2,2,3,2,1,1,0,0,0
0,0,0,80.0,10,3,1,0,41,2,1,2,8,62500,1,1,2,2,1,0,0,0,0
0,1,0,80.0,10,1,0,0,41,2,1,2,8,62500,1,1,2,2,1,1,0,0,1
0,1,0,80.0,14,0,0,0,41,2,1,2,8,62500,1,1,2,2,1,1,0,0,1
0,1,0,80.0,18,0,1,0,41,2,1,2,8,62500,1,1,2,2,1,1,0,0,1
0,1,0,55.0,14,1,1,0,41,2,1,2,8,62500,1,1,2,2,1,0,0,0,1
0,2,0,80.0,10,0,1,0,41,2,1,2,8,62500,1,1,2,2,1,1,0,0,0
0,2,0,80.0,10,2,1,0,41,2,1,2,8,62500,1,1,2,2,1,1,0,0,0
0,2,0,80.0,10,3,0,0,41,2,1,2,8,62500,1,1,2,2,1,1,0,0,0
0,2,0,80.0,14,0,0,0,41,2,1,2,8,62500,1,1,2,2,1,0,0,0,0
0,2,0,55.0,14,1,0,0,41,2,1,2,8,62500,1,1,2,2,1,1,0,0,0
0,2,0,55.0,18,1,1,0,41,2,1,2,8,62500,1,1,2,2,1,1,0,0,1
1,0,0,80.0,18,1,1,0,41,2,1,2,8,62500,1,1,2,2,1,0,0,1,0
1,0,0,80.0,18,1,1,0,41,2,1,2,8,62500,1,1,2,2,1,0,0,0,0
1,0,0,80.0,18,0,0,0,41,2,1,2,8,62500,1,1,2,2,1,0,0,1,0
1,0,0,80.0,18,1,0,0,41,2,1,2,8,62500,1,1,2,2,1,1,1,0,0
1,0,0,80.0,22,0,0,0,41,2,1,2,8,62500,1,1,2,2,1,0,0,1,0
1,0,0,80.0,22,2,1,0,41,2,1,2,8,62500,1,1,2,2,1,0,0,1,1
2,0,0,80.0,7,1,0,0,41,2,1,2,8,62500,1,1,2,2,1,0,0,1,0
2,0,0,80.0,7,1,0,0,41,2,1,2,8,62500,1,1,2,2,1,1,0,1,1
2,0,0,80.0,7,2,1,0,41,2,1,2,8,62500,1,1,2,2,1,1,1,0,1
2,0,0,80.0,7,2,1,0,41,2,1,2,8,62500,1,1,2,2,1,0,0,1,1
2,0,0,55.0,7,1,1,0,41,2,1,2,8,62500,1,1,2,2,1,1,0,0,0
0,0,0,80.0,10,3,1,1,41,3,1,3,8,12500,3,3,2,2,1,0,0,0,1
0,1,0,80.0,10,1,0,1,41,3,1,3,8,12500,3,3,2,2,1,1,0,0,1
0,1,0,80.0,14,0,0,1,41,3,1,3,8,12500,3,3,2,2,1,1,0,0,1
0,1,0,80.0,18,0,1,1,41,3,1,3,8,12500,3,3,2,2,1,1,0,0,1
0,1,0,55.0,14,1,1,1,41,3,1,3,8,12500,3,3,2,2,1,0,0,0,1
0,0,0,80.0,14,0,0,1,41,3,1,3,8,12500,3,3,2,2,1,1,0,0,1
1,0,0,55.0,18,4,0,1,41,3,1,3,8,12500,3,3,2,2,1,1,0,0,0
1,0,0,80.0,18,1,1,1,41,3,1,3,8,12500,3,3,2,2,1,0,0,1,1
1,0,0,80.0,18,1,1,1,41,3,1,3,8,12500,3,3,2,2,1,0,0,0,1
1,0,0,55.0,22,2,1,1,41,3,1,3,8,12500,3,3,2,2,1,1,1,0,1
1,0,0,80.0,18,0,0,1,41,3,1,3,8,12500,3,3,2,2,1,0,0,1,1
1,0,0,80.0,18,1,0,1,41,3,1,3,8,12500,3,3,2,2,1,1,1,0,1
1,0,0,80.0,22,0,0,1,41,3,1,3,8,12500,3,3,2,2,1,0,0,1,0
1,0,0,80.0,22,2,1,1,41,3,1,3,8,12500,3,3,2,2,1,0,0,1,1
1,0,0,80.0,22,3,1,1,41,3,1,3,8,12500,3,3,2,2,1,1,0,1,1
2,0,0,80.0,7,1,0,1,41,3,1,3,8,12500,3,3,2,2,1,0,0,1,1
2,0,0,80.0,7,1,0,1,41,3,1,3,8,12500,3,3,2,2,1,1,0,1,0
2,0,0,80.0,7,4,0,1,41,3,1,3,8,12500,3,3,2,2,1,1,0,0,0
2,0,0,80.0,7,2,1,1,41,3,1,3,8,12500,3,3,2,2,1,1,1,0,1
2,0,0,80.0,7,2,1,1,41,3,1,3,8,12500,3,3,2,2,1,1,1,0,1
2,0,0,80.0,7,2,1,1,41,3,1,3,8,12500,3,3,2,2,1,0,0,1,1
2,0,0,55.0,7,1,1,1,41,3,1,3,8,12500,3,3,2,2,1,1,0,0,0
0,0,0,80.0,10,3,1,1,36,1,0,2,9,37500,1,2,3,2,1,0,0,0,0
0,1,0,80.0,10,1,0,1,36,1,0,2,9,37500,1,2,3,2,1,1,0,0,1
0,1,0,80.0,14,0,0,1,36,1,0,2,9,37500,1,2,3,2,1,1,0,0,1
0,1,0,80.0,18,0,1,1,36,1,0,2,9,37500,1,2,3,2,1,1,0,0,1
0,1,0,55.0,14,1,1,1,36,1,0,2,9,37500,1,2,3,2,1,0,0,0,1
0,3,0,80.0,10,1,1,1,36,1,0,2,9,37500,1,2,3,2,1,0,0,0,1
0,3,0,80.0,10,4,0,1,36,1,0,2,9,37500,1,2,3,2,1,0,0,0,1
0,3,0,80.0,10,1,1,1,36,1,0,2,9,37500,1,2,3,2,1,1,0,0,1
0,3,0,80.0,14,1,0,1,36,1,0,2,9,37500,1,2,3,2,1,0,0,0,1
0,3,0,80.0,18,0,1,1,36,1,0,2,9,37500,1,2,3,2,1,0,0,0,1
0,3,0,80.0,18,3,0,1,36,1,0,2,9,37500,1,2,3,2,1,1,0,0,1
1,0,0,80.0,18,1,1,1,36,1,0,2,9,37500,1,2,3,2,1,0,0,1,1
1,0,0,80.0,18,1,1,1,36,1,0,2,9,37500,1,2,3,2,1,0,0,0,0
1,0,0,80.0,18,0,0,1,36,1,0,2,9,37500,1,2,3,2,1,0,0,1,1
1,0,0,80.0,18,1,0,1,36,1,0,2,9,37500,1,2,3,2,1,1,1,0,0
1,0,0,80.0,22,0,0,1,36,1,0,2,9,37500,1,2,3,2,1,0,0,1,0
1,0,0,80.0,22,2,1,1,36,1,0,2,9,37500,1,2,3,2,1,0,0,1,1
2,0,0,80.0,7,1,0,1,36,1,0,2,9,37500,1,2,3,2,1,0,0,1,1
2,0,0,80.0,7,1,0,1,36,1,0,2,9,37500,1,2,3,2,1,1,0,1,1
2,0,0,80.0,7,2,1,1,36,1,0,2,9,37500,1,2,3,2,1,1,1,0,1
2,0,0,80.0,7,2,1,1,36,1,0,2,9,37500,1,2,3,2,1,0,0,1,1
2,0,0,55.0,7,1,1,1,36,1,0,2,9,37500,1,2,3,2,1,1,0,0,0
0,0,0,80.0,10,3,1,0,31,2,0,2,9,100000,1,1,4,3,2,0,0,0,1
0,1,0,80.0,10,1,0,0,31,2,0,2,9,100000,1,1,4,3,2,1,0,0,0
0,1,0,80.0,14,0,0,0,31,2,0,2,9,100000,1,1,4,3,2,1,0,0,1
0,1,0,80.0,18,0,1,0,31,2,0,2,9,100000,1,1,4,3,2,1,0,0,1
0,1,0,55.0,14,1,1,0,31,2,0,2,9,100000,1,1,4,3,2,0,0,0,1
0,3,0,80.0,10,1,1,0,31,2,0,2,9,100000,1,1,4,3,2,0,0,0,1
0,3,0,80.0,10,4,0,0,31,2,0,2,9,100000,1,1,4,3,2,0,0,0,1
0,3,0,80.0,10,1,1,0,31,2,0,2,9,100000,1,1,4,3,2,1,0,0,1
0,3,0,80.0,14,1,0,0,31,2,0,2,9,100000,1,1,4,3,2,0,0,0,1
0,3,0,80.0,18,0,1,0,31,2,0,2,9,100000,1,1,4,3,2,0,0,0,1
0,3,0,80.0,18,3,0,0,31,2,0,2,9,100000,1,1,4,3,2,1,0,0,0
1,0,0,80.0,18,1,1,0,31,2,0,2,9,100000,1,1,4,3,2,0,0,1,1
1,0,0,80.0,18,1,1,0,31,2,0,2,9,100000,1,1,4,3,2,0,0,0,0
1,0,0,80.0,18,0,0,0,31,2,0,2,9,100000,1,1,4,3,2,0,0,1,0
1,0,0,80.0,18,1,0,0,31,2,0,2,9,100000,1,1,4,3,2,1,1,0,0
1,0,0,80.0,22,0,0,0,31,2,0,2,9,100000,1,1,4,3,2,0,0,1,0
1,0,0,80.0,22,2,1,0,31,2,0,2,9,100000,1,1,4,3,2,0,0,1,1
2,0,0,80.0,7,1,0,0,31,2,0,2,9,100000,1,1,4,3,2,0,0,1,0
2,0,0,80.0,7,1,0,0,31,2,0,2,9,100000,1,1,4,3,2,1,0,1,0
2,0,0,80.0,7,2,1,0,31,2,0,2,9,100000,1,1,4,3,2,1,1,0,1
2,0,0,80.0,7,2,1,0,31,2,0,2,9,100000,1,1,4,3,2,0,0,1,1
2,0,0,55.0,7,1,1,0,31,2,0,2,9,100000,1,1,4,3,2,1,0,0,0
0,0,0,80.0,10,3,1,0,31,2,1,5,9,62500,1,3,3,2,0,0,0,0,0
0,1,0,80.0,10,1,0,0,31,2,1,5,9,62500,1,3,3,2,0,1,0,0,0
0,1,0,80.0,14,0,0,0,31,2,1,5,9,62500,1,3,3,2,0,1,0,0,1
0,1,0,80.0,18,0,1,0,31,2,1,5,9,62500,1,3,3,2,0,1,0,0,1
0,1,0,55.0,14,1,1,0,31,2,1,5,9,62500,1,3,3,2,0,0,0,0,1
0,0,0,80.0,14,0,0,0,31,2,1,5,9,62500,1,3,3,2,0,1,0,0,1
1,0,0,55.0,18,4,0,0,31,2,1,5,9,62500,1,3,3,2,0,1,0,0,0
1,0,0,80.0,18,1,1,0,31,2,1,5,9,62500,1,3,3,2,0,0,0,1,1
1,0,0,80.0,18,1,1,0,31,2,1,5,9,62500,1,3,3,2,0,0,0,0,1
1,0,0,55.0,22,2,1,0,31,2,1,5,9,62500,1,3,3,2,0,1,1,0,1
1,0,0,80.0,18,0,0,0,31,2,1,5,9,62500,1,3,3,2,0,0,0,1,1
1,0,0,80.0,18,1,0,0,31,2,1,5,9,62500,1,3,3,2,0,1,1,0,0
1,0,0,80.0,22,0,0,0,31,2,1,5,9,62500,1,3,3,2,0,0,0,1,1
1,0,0,80.0,22,2,1,0,31,2,1,5,9,62500,1,3,3,2,0,0,0,1,1
1,0,0,80.0,22,3,1,0,31,2,1,5,9,62500,1,3,3,2,0,1,0,1,0
2,0,0,80.0,7,1,0,0,31,2,1,5,9,62500,1,3,3,2,0,0,0,1,1
2,0,0,80.0,7,1,0,0,31,2,1,5,9,62500,1,3,3,2,0,1,0,1,0
2,0,0,80.0,7,4,0,0,31,2,1,5,9,62500,1,3,3,2,0,1,0,0,0
2,0,0,80.0,7,2,1,0,31,2,1,5,9,62500,1,3,3,2,0,1,1,0,1
2,0,0,80.0,7,2,1,0,31,2,1,5,9,62500,1,3,3,2,0,1,1,0,1
2,0,0,80.0,7,2,1,0,31,2,1,5,9,62500,1,3,3,2,0,0,0,1,1
2,0,0,55.0,7,1,1,0,31,2,1,5,9,62500,1,3,3,2,0,1,0,0,1
0,0,0,80.0,10,3,1,0,36,3,1,5,2,12500,0,4,4,4,2,0,0,0,0
0,1,0,80.0,10,1,0,0,36,3,1,5,2,12500,0,4,4,4,2,1,0,0,1
0,1,0,80.0,14,0,0,0,36,3,1,5,2,12500,0,4,4,4,2,1,0,0,0
0,1,0,80.0,18,0,1,0,36,3,1,5,2,12500,0,4,4,4,2,1,0,0,1
0,1,0,55.0,14,1,1,0,36,3,1,5,2,12500,0,4,4,4,2,0,0,0,0
0,0,0,80.0,14,0,0,0,36,3,1,5,2,12500,0,4,4,4,2,1,0,0,0
1,0,0,55.0,18,4,0,0,36,3,1,5,2,12500,0,4,4,4,2,1,0,0,0
1,0,0,80.0,18,1,1,0,36,3,1,5,2,12500,0,4,4,4,2,0,0,1,0
1,0,0,80.0,18,1,1,0,36,3,1,5,2,12500,0,4,4,4,2,0,0,0,0
1,0,0,55.0,22,2,1,0,36,3,1,5,2,12500,0,4,4,4,2,1,1,0,0
1,0,0,80.0,18,0,0,0,36,3,1,5,2,12500,0,4,4,4,2,0,0,1,0
1,0,0,80.0,18,1,0,0,36,3,1,5,2,12500,0,4,4,4,2,1,1,0,0
1,0,0,80.0,22,0,0,0,36,3,1,5,2,12500,0,4,4,4,2,0,0,1,0
1,0,0,80.0,22,2,1,0,36,3,1,5,2,12500,0,4,4,4,2,0,0,1,1
1,0,0,80.0,22,3,1,0,36,3,1,5,2,12500,0,4,4,4,2,1,0,1,0
2,0,0,80.0,7,1,0,0,36,3,1,5,2,12500,0,4,4,4,2,0,0,1,0
2,0,0,80.0,7,1,0,0,36,3,1,5,2,12500,0,4,4,4,2,1,0,1,0
2,0,0,80.0,7,4,0,0,36,3,1,5,2,12500,0,4,4,4,2,1,0,0,0
2,0,0,80.0,7,2,1,0,36,3,1,5,2,12500,0,4,4,4,2,1,1,0,0
2,0,0,80.0,7,2,1,0,36,3,1,5,2,12500,0,4,4,4,2,1,1,0,0
2,0,0,80.0,7,2,1,0,36,3,1,5,2,12500,0,4,4,4,2,0,0,1,0
2,0,0,55.0,7,1,1,0,36,3,1,5,2,12500,0,4,4,4,2,1,0,0,0
0,0,0,80.0,10,3,1,0,21,2,0,2,0,50000,1,3,3,3,3,0,0,0,0
0,1,0,80.0,10,1,0,0,21,2,0,2,0,50000,1,3,3,3,3,1,0,0,1
0,1,0,80.0,14,0,0,0,21,2,0,2,0,50000,1,3,3,3,3,1,0,0,1
0,1,0,80.0,18,0,1,0,21,2,0,2,0,50000,1,3,3,3,3,1,0,0,1
0,1,0,55.0,14,1,1,0,21,2,0,2,0,50000,1,3,3,3,3,0,0,0,1
0,3,0,80.0,10,1,1,0,21,2,0,2,0,50000,1,3,3,3,3,0,0,0,1
0,3,0,80.0,10,4,0,0,21,2,0,2,0,50000,1,3,3,3,3,0,0,0,0
0,3,0,80.0,10,1,1,0,21,2,0,2,0,50000,1,3,3,3,3,1,0,0,1
0,3,0,80.0,14,1,0,0,21,2,0,2,0,50000,1,3,3,3,3,0,0,0,1
0,3,0,80.0,18,0,1,0,21,2,0,2,0,50000,1,3,3,3,3,0,0,0,1
0,3,0,80.0,18,3,0,0,21,2,0,2,0,50000,1,3,3,3,3,1,0,0,1
1,0,0,80.0,18,1,1,0,21,2,0,2,0,50000,1,3,3,3,3,0,0,1,1
1,0,0,80.0,18,1,1,0,21,2,0,2,0,50000,1,3,3,3,3,0,0,0,1
1,0,0,80.0,18,0,0,0,21,2,0,2,0,50000,1,3,3,3,3,0,0,1,1
1,0,0,80.0,18,1,0,0,21,2,0,2,0,50000,1,3,3,3,3,1,1,0,1
1,0,0,80.0,22,0,0,0,21,2,0,2,0,50000,1,3,3,3,3,0,0,1,0
1,0,0,80.0,22,2,1,0,21,2,0,2,0,50000,1,3,3,3,3,0,0,1,1
2,0,0,80.0,7,1,0,0,21,2,0,2,0,50000,1,3,3,3,3,0,0,1,1
2,0,0,80.0,7,1,0,0,21,2,0,2,0,50000,1,3,3,3,3,1,0,1,1
2,0,0,80.0,7,2,1,0,21,2,0,2,0,50000,1,3,3,3,3,1,1,0,1
2,0,0,80.0,7,2,1,0,21,2,0,2,0,50000,1,3,3,3,3,0,0,1,1
2,0,0,55.0,7,1,1,0,21,2,0,2,0,50000,1,3,3,3,3,1,0,0,1
0,0,0,80.0,10,3,1,0,26,0,0,4,7,62500,2,4,4,4,4,0,0,0,1
0,1,0,80.0,10,1,0,0,26,0,0,4,7,62500,2,4,4,4,4,1,0,0,1
0,1,0,80.0,14,0,0,0,26,0,0,4,7,62500,2,4,4,4,4,1,0,0,1
0,1,0,80.0,18,0,1,0,26,0,0,4,7,62500,2,4,4,4,4,1,0,0,0
0,1,0,55.0,14,1,1,0,26,0,0,4,7,62500,2,4,4,4,4,0,0,0,0
0,3,0,80.0,10,1,1,0,26,0,0,4,7,62500,2,4,4,4,4,1,0,0,1
1,0,0,80.0,18,1,1,0,26,0,0,4,7,62500,2,4,4,4,4,0,0,1,1
1,0,0,80.0,18,1,1,0,26,0,0,4,7,62500,2,4,4,4,4,0,0,0,0
1,0,0,80.0,18,0,0,0,26,0,0,4,7,62500,2,4,4,4,4,0,0,1,0
1,0,0,80.0,18,1,0,0,26,0,0,4,7,62500,2,4,4,4,4,1,1,0,0
1,0,0,80.0,22,0,0,0,26,0,0,4,7,62500,2,4,4,4,4,0,0,1,1
1,0,0,80.0,22,2,1,0,26,0,0,4,7,62500,2,4,4,4,4,0,0,1,0
2,0,0,80.0,7,1,0,0,26,0,0,4,7,62500,2,4,4,4,4,0,0,1,0
2,0,0,80.0,7,1,0,0,26,0,0,4,7,62500,2,4,4,4,4,1,0,1,0
2,0,0,80.0,7,2,1,0,26,0,0,4,7,62500,2,4,4,4,4,1,1,0,0
2,0,0,80.0,7,2,1,0,26,0,0,4,7,62500,2,4,4,4,4,0,0,1,0
2,0,0,55.0,7,1,1,0,26,0,0,4,7,62500,2,4,4,4,4,1,0,0,0
0,0,0,80.0,10,3,1,1,31,1,0,1,0,12500,0,0,2,2,2,0,0,0,0
0,1,0,80.0,10,1,0,1,31,1,0,1,0,12500,0,0,2,2,2,1,0,0,1
0,1,0,80.0,14,0,0,1,31,1,0,1,0,12500,0,0,2,2,2,1,0,0,1
0,1,0,80.0,18,0,1,1,31,1,0,1,0,12500,0,0,2,2,2,1,0,0,1
0,1,0,55.0,14,1,1,1,31,1,0,1,0,12500,0,0,2,2,2,0,0,0,1
0,0,0,80.0,14,0,0,1,31,1,0,1,0,12500,0,0,2,2,2,1,0,0,1
1,0,0,55.0,18,4,0,1,31,1,0,1,0,12500,0,0,2,2,2,1,0,0,1
1,0,0,80.0,18,1,1,1,31,1,0,1,0,12500,0,0,2,2,2,0,0,1,0
1,0,0,80.0,18,1,1,1,31,1,0,1,0,12500,0,0,2,2,2,0,0,0,0
1,0,0,55.0,22,2,1,1,31,1,0,1,0,12500,0,0,2,2,2,1,1,0,1
1,0,0,80.0,18,0,0,1,31,1,0,1,0,12500,0,0,2,2,2,0,0,1,1
1,0,0,80.0,18,1,0,1,31,1,0,1,0,12500,0,0,2,2,2,1,1,0,0
1,0,0,80.0,22,0,0,1,31,1,0,1,0,12500,0,0,2,2,2,0,0,1,1
1,0,0,80.0,22,2,1,1,31,1,0,1,0,12500,0,0,2,2,2,0,0,1,1
1,0,0,80.0,22,3,1,1,31,1,0,1,0,12500,0,0,2,2,2,1,0,1,0
2,0,0,80.0,7,1,0,1,31,1,0,1,0,12500,0,0,2,2,2,0,0,1,0
2,0,0,80.0,7,1,0,1,31,1,0,1,0,12500,0,0,2,2,2,1,0,1,0
2,0,0,80.0,7,4,0,1,31,1,0,1,0,12500,0,0,2,2,2,1,0,0,0
2,0,0,80.0,7,2,1,1,31,1,0,1,0,12500,0,0,2,2,2,1,1,0,0
2,0,0,80.0,7,2,1,1,31,1,0,1,0,12500,0,0,2,2,2,1,1,0,1
2,0,0,80.0,7,2,1,1,31,1,0,1,0,12500,0,0,2,2,2,0,0,1,0
2,0,0,55.0,7,1,1,1,31,1,0,1,0,12500,0,0,2,2,2,1,0,0,1
0,0,0,80.0,10,3,1,1,26,2,1,4,9,100000,2,4,3,4,2,0,0,0,1
0,1,0,80.0,10,1,0,1,26,2,1,4,9,100000,2,4,3,4,2,1,0,0,1
0,1,0,80.0,14,0,0,1,26,2,1,4,9,100000,2,4,3,4,2,1,0,0,1
0,1,0,80.0,18,0,1,1,26,2,1,4,9,100000,2,4,3,4,2,1,0,0,1
0,1,0,55.0,14,1,1,1,26,2,1,4,9,100000,2,4,3,4,2,0,0,0,1
0,2,0,80.0,10,0,1,1,26,2,1,4,9,100000,2,4,3,4,2,1,0,0,1
0,2,0,80.0,10,2,1,1,26,2,1,4,9,100000,2,4,3,4,2,1,0,0,1
0,2,0,80.0,10,3,0,1,26,2,1,4,9,100000,2,4,3,4,2,1,0,0,1
0,2,0,80.0,14,0,0,1,26,2,1,4,9,100000,2,4,3,4,2,0,0,0,1
0,2,0,55.0,14,1,0,1,26,2,1,4,9,100000,2,4,3,4,2,1,0,0,1
0,2,0,55.0,18,1,1,1,26,2,1,4,9,100000,2,4,3,4,2,1,0,0,1
1,0,0,80.0,18,1,1,1,26,2,1,4,9,100000,2,4,3,4,2,0,0,1,1
1,0,0,80.0,18,1,1,1,26,2,1,4,9,100000,2,4,3,4,2,0,0,0,1
1,0,0,80.0,18,0,0,1,26,2,1,4,9,100000,2,4,3,4,2,0,0,1,1
1,0,0,80.0,18,1,0,1,26,2,1,4,9,100000,2,4,3,4,2,1,1,0,1
1,0,0,80.0,22,0,0,1,26,2,1,4,9,100000,2,4,3,4,2,0,0,1,1
1,0,0,80.0,22,2,1,1,26,2,1,4,9,100000,2,4,3,4,2,0,0,1,1
2,0,0,80.0,7,1,0,1,26,2,1,4,9,100000,2,4,3,4,2,0,0,1,1
2,0,0,80.0,7,1,0,1,26,2,1,4,9,100000,2,4,3,4,2,1,0,1,1
2,0,0,80.0,7,2,1,1,26,2,1,4,9,100000,2,4,3,4,2,1,1,0,1
2,0,0,80.0,7,2,1,1,26,2,1,4,9,100000,2,4,3,4,2,0,0,1,1
2,0,0,55.0,7,1,1,1,26,2,1,4,9,100000,2,4,3,4,2,1,0,0,1
0,0,0,80.0,10,3,1,0,26,1,1,2,13,37500,2,0,2,2,2,0,0,0,1
0,1,0,80.0,10,1,0,0,26,1,1,2,13,37500,2,0,2,2,2,1,0,0,0
0,1,0,80.0,14,0,0,0,26,1,1,2,13,37500,2,0,2,2,2,1,0,0,1
0,1,0,80.0,18,0,1,0,26,1,1,2,13,37500,2,0,2,2,2,1,0,0,1
0,1,0,55.0,14,1,1,0,26,1,1,2,13,37500,2,0,2,2,2,0,0,0,0
0,0,0,80.0,14,0,0,0,26,1,1,2,13,37500,2,0,2,2,2,1,0,0,1
1,0,0,55.0,18,4,0,0,26,1,1,2,13,37500,2,0,2,2,2,1,0,0,1
1,0,0,80.0,18,1,1,0,26,1,1,2,13,37500,2,0,2,2,2,0,0,1,0
1,0,0,80.0,18,1,1,0,26,1,1,2,13,37500,2,0,2,2,2,0,0,0,0
1,0,0,55.0,22,2,1,0,26,1,1,2,13,37500,2,0,2,2,2,1,1,0,1
1,0,0,80.0,18,0,0,0,26,1,1,2,13,37500,2,0,2,2,2,0,0,1,1
1,0,0,80.0,18,1,0,0,26,1,1,2,13,37500,2,0,2,2,2,1,1,0,0
1,0,0,80.0,22,0,0,0,26,1,1,2,13,37500,2,0,2,2,2,0,0,1,1
1,0,0,80.0,22,2,1,0,26,1,1,2,13,37500,2,0,2,2,2,0,0,1,1
1,0,0,80.0,22,3,1,0,26,1,1,2,13,37500,2,0,2,2,2,1,0,1,1
2,0,0,80.0,7,1,0,0,26,1,1,2,13,37500,2,0,2,2,2,0,0,1,0
2,0,0,80.0,7,1,0,0,26,1,1,2,13,37500,2,0,2,2,2,1,0,1,0
2,0,0,80.0,7,4,0,0,26,1,1,2,13,37500,2,0,2,2,2,1,0,0,0
2,0,0,80.0,7,2,1,0,26,1,1,2,13,37500,2,0,2,2,2,1,1,0,1
2,0,0,80.0,7,2,1,0,26,1,1,2,13,37500,2,0,2,2,2,1,1,0,1
2,0,0,80.0,7,2,1,0,26,1,1,2,13,37500,2,0,2,2,2,0,0,1,1
2,0,0,55.0,7,1,1,0,26,1,1,2,13,37500,2,0,2,2,2,1,0,0,0
0,0,0,80.0,10,3,1,1,26,1,0,3,0,0,1,1,2,1,1,0,0,0,1
0,1,0,80.0,10,1,0,1,26,1,0,3,0,0,1,1,2,1,1,1,0,0,1
0,1,0,80.0,14,0,0,1,26,1,0,3,0,0,1,1,2,1,1,1,0,0,1
0,1,0,80.0,18,0,1,1,26,1,0,3,0,0,1,1,2,1,1,1,0,0,1
0,1,0,55.0,14,1,1,1,26,1,0,3,0,0,1,1,2,1,1,0,0,0,1
0,0,0,80.0,14,0,0,1,26,1,0,3,0,0,1,1,2,1,1,1,0,0,1
1,0,0,55.0,18,4,0,1,26,1,0,3,0,0,1,1,2,1,1,1,0,0,0
1,0,0,80.0,18,1,1,1,26,1,0,3,0,0,1,1,2,1,1,0,0,1,1
1,0,0,80.0,18,1,1,1,26,1,0,3,0,0,1,1,2,1,1,0,0,0,1
1,0,0,80.0,22,2,1,1,26,1,0,3,0,0,1,1,2,1,1,1,1,0,1
1,0,0,80.0,18,0,0,1,26,1,0,3,0,0,1,1,2,1,1,0,0,1,1
1,0,0,80.0,18,1,0,1,26,1,0,3,0,0,1,1,2,1,1,1,1,0,1
1,0,0,80.0,22,0,0,1,26,1,0,3,0,0,1,1,2,1,1,0,0,1,1
1,0,0,80.0,22,2,1,1,26,1,0,3,0,0,1,1,2,1,1,0,0,1,1
1,0,0,80.0,22,3,1,1,26,1,0,3,0,0,1,1,2,1,1,1,0,1,1
2,0,0,80.0,7,1,0,1,26,1,0,3,0,0,1,1,2,1,1,0,0,1,1
2,0,0,80.0,7,1,0,1,26,1,0,3,0,0,1,1,2,1,1,1,0,1,1
2,0,0,80.0,7,4,0,1,26,1,0,3,0,0,1,1,2,1,1,1,0,0,0
2,0,0,80.0,7,2,1,1,26,1,0,3,0,0,1,1,2,1,1,1,1,0,1
2,0,0,80.0,7,2,1,1,26,1,0,3,0,0,1,1,2,1,1,1,1,0,1
2,0,0,80.0,7,2,1,1,26,1,0,3,0,0,1,1,2,1,1,0,0,1,1
2,0,0,55.0,7,1,1,1,26,1,0,3,0,0,1,1,2,1,1,1,0,0,0
0,0,0,80.0,10,3,1,1,41,3,1,4,6,62500,0,0,3,2,0,0,0,0,0
0,1,0,80.0,10,1,0,1,41,3,1,4,6,62500,0,0,3,2,0,1,0,0,0
0,1,0,80.0,14,0,0,1,41,3,1,4,6,62500,0,0,3,2,0,1,0,0,1
0,1,0,80.0,18,0,1,1,41,3,1,4,6,62500,0,0,3,2,0,1,0,0,1
0,1,0,55.0,14,1,1,1,41,3,1,4,6,62500,0,0,3,2,0,0,0,0,0
0,0,0,80.0,14,0,0,1,41,3,1,4,6,62500,0,0,3,2,0,1,0,0,1
1,0,0,55.0,18,4,0,1,41,3,1,4,6,62500,0,0,3,2,0,1,0,0,0
1,0,0,80.0,18,1,1,1,41,3,1,4,6,62500,0,0,3,2,0,0,0,1,0
1,0,0,80.0,18,1,1,1,41,3,1,4,6,62500,0,0,3,2,0,0,0,0,0
1,0,0,55.0,22,2,1,1,41,3,1,4,6,62500,0,0,3,2,0,1,1,0,1
1,0,0,80.0,18,0,0,1,41,3,1,4,6,62500,0,0,3,2,0,0,0,1,1
1,0,0,80.0,18,1,0,1,41,3,1,4,6,62500,0,0,3,2,0,1,1,0,0
1,0,0,80.0,22,0,0,1,41,3,1,4,6,62500,0,0,3,2,0,0,0,1,0
1,0,0,80.0,22,2,1,1,41,3,1,4,6,62500,0,0,3,2,0,0,0,1,1
1,0,0,80.0,22,3,1,1,41,3,1,4,6,62500,0,0,3,2,0,1,0,1,0
2,0,0,80.0,7,1,0,1,41,3,1,4,6,62500,0,0,3,2,0,0,0,1,0
2,0,0,80.0,7,1,0,1,41,3,1,4,6,62500,0,0,3,2,0,1,0,1,0
2,0,0,80.0,7,4,0,1,41,3,1,4,6,62500,0,0,3,2,0,1,0,0,0
2,0,0,80.0,7,2,1,1,41,3,1,4,6,62500,0,0,3,2,0,1,1,0,1
2,0,0,80.0,7,2,1,1,41,3,1,4,6,62500,0,0,3,2,0,1,1,0,1
2,0,0,80.0,7,2,1,1,41,3,1,4,6,62500,0,0,3,2,0,0,0,1,1
2,0,0,55.0,7,1,1,1,41,3,1,4,6,62500,0,0,3,2,0,1,0,0,0
0,0,0,80.0,10,3,1,1,36,0,1,4,16,37500,2,3,3,2,2,0,0,0,0
0,1,0,80.0,10,1,0,1,36,0,1,4,16,37500,2,3,3,2,2,1,0,0,1
0,1,0,80.0,14,0,0,1,36,0,1,4,16,37500,2,3,3,2,2,1,0,0,1
0,1,0,80.0,18,0,1,1,36,0,1,4,16,37500,2,3,3,2,2,1,0,0,1
0,1,0,55.0,14,1,1,1,36,0,1,4,16,37500,2,3,3,2,2,0,0,0,1
0,2,0,80.0,10,0,1,1,36,0,1,4,16,37500,2,3,3,2,2,1,0,0,0
0,2,0,80.0,10,2,1,1,36,0,1,4,16,37500,2,3,3,2,2,1,0,0,1
0,2,0,80.0,10,3,0,1,36,0,1,4,16,37500,2,3,3,2,2,1,0,0,0
0,2,0,80.0,14,0,0,1,36,0,1,4,16,37500,2,3,3,2,2,0,0,0,1
0,2,0,55.0,14,1,0,1,36,0,1,4,16,37500,2,3,3,2,2,1,0,0,1
0,2,0,55.0,18,1,1,1,36,0,1,4,16,37500,2,3,3,2,2,1,0,0,1
1,0,0,80.0,18,1,1,1,36,0,1,4,16,37500,2,3,3,2,2,0,0,1,1
1,0,0,80.0,18,1,1,1,36,0,1,4,16,37500,2,3,3,2,2,0,0,0,1
1,0,0,80.0,18,0,0,1,36,0,1,4,16,37500,2,3,3,2,2,0,0,1,1
1,0,0,80.0,18,1,0,1,36,0,1,4,16,37500,2,3,3,2,2,1,1,0,1
1,0,0,80.0,22,0,0,1,36,0,1,4,16,37500,2,3,3,2,2,0,0,1,0
1,0,0,80.0,22,2,1,1,36,0,1,4,16,37500,2,3,3,2,2,0,0,1,0
2,0,0,80.0,7,1,0,1,36,0,1,4,16,37500,2,3,3,2,2,0,0,1,1
2,0,0,80.0,7,1,0,1,36,0,1,4,16,37500,2,3,3,2,2,1,0,1,1
2,0,0,80.0,7,2,1,1,36,0,1,4,16,37500,2,3,3,2,2,1,1,0,1
2,0,0,80.0,7,2,1,1,36,0,1,4,16,37500,2,3,3,2,2,0,0,1,1
2,0,0,55.0,7,1,1,1,36,0,1,4,16,37500,2,3,3,2,2,1,0,0,1
0,0,0,80.0,10,3,1,1,16,1,0,2,2,0,2,3,2,4,3,0,0,0,1
0,1,0,80.0,10,1,0,1,16,1,0,2,2,0,2,3,2,4,3,1,0,0,0
0,1,0,80.0,14,0,0,1,16,1,0,2,2,0,2,3,2,4,3,1,0,0,0
0,1,0,80.0,18,0,1,1,16,1,0,2,2,0,2,3,2,4,3,1,0,0,1
0,1,0,55.0,14,1,1,1,16,1,0,2,2,0,2,3,2,4,3,0,0,0,1
0,0,0,80.0,14,0,0,1,16,1,0,2,2,0,2,3,2,4,3,1,0,0,1
1,0,0,55.0,18,4,0,1,16,1,0,2,2,0,2,3,2,4,3,1,0,0,0
1,0,0,80.0,18,1,1,1,16,1,0,2,2,0,2,3,2,4,3,0,0,1,1
1,0,0,80.0,18,1,1,1,16,1,0,2,2,0,2,3,2,4,3,0,0,0,1
1,0,0,55.0,22,2,1,1,16,1,0,2,2,0,2,3,2,4,3,1,1,0,1
1,0,0,80.0,18,0,0,1,16,1,0,2,2,0,2,3,2,4,3,0,0,1,1
1,0,0,80.0,18,1,0,1,16,1,0,2,2,0,2,3,2,4,3,1,1,0,1
1,0,0,80.0,22,0,0,1,16,1,0,2,2,0,2,3,2,4,3,0,0,1,0
1,0,0,80.0,22,2,1,1,16,1,0,2,2,0,2,3,2,4,3,0,0,1,1
1,0,0,80.0,22,3,1,1,16,1,0,2,2,0,2,3,2,4,3,1,0,1,1
2,0,0,80.0,7,1,0,1,16,1,0,2,2,0,2,3,2,4,3,0,0,1,1
2,0,0,80.0,7,1,0,1,16,1,0,2,2,0,2,3,2,4,3,1,0,1,1
2,0,0,80.0,7,4,0,1,16,1,0,2,2,0,2,3,2,4,3,1,0,0,0
2,0,0,80.0,7,2,1,1,16,1,0,2,2,0,2,3,2,4,3,1,1,0,1
2,0,0,80.0,7,2,1,1,16,1,0,2,2,0,2,3,2,4,3,0,0,1,1
2,0,0,55.0,7,1,1,1,16,1,0,2,2,0,2,3,2,4,3,1,0,0,1
0,0,0,80.0,10,3,1,0,51,3,1,5,12,25000,0,2,1,3,1,0,0,0,0
0,1,0,80.0,10,1,0,0,51,3,1,5,12,25000,0,2,1,3,1,1,0,0,1
0,1,0,80.0,14,0,0,0,51,3,1,5,12,25000,0,2,1,3,1,1,0,0,1
0,1,0,80.0,18,0,1,0,51,3,1,5,12,25000,0,2,1,3,1,1,0,0,1
0,1,0,55.0,14,1,1,0,51,3,1,5,12,25000,0,2,1,3,1,0,0,0,1
0,0,0,80.0,14,0,0,0,51,3,1,5,12,25000,0,2,1,3,1,1,0,0,0
1,0,0,55.0,18,4,0,0,51,3,1,5,12,25000,0,2,1,3,1,1,0,0,0
1,0,0,80.0,18,1,1,0,51,3,1,5,12,25000,0,2,1,3,1,0,0,1,1
1,0,0,80.0,18,1,1,0,51,3,1,5,12,25000,0,2,1,3,1,0,0,0,1
1,0,0,55.0,22,2,1,0,51,3,1,5,12,25000,0,2,1,3,1,1,1,0,1
1,0,0,80.0,18,0,0,0,51,3,1,5,12,25000,0,2,1,3,1,0,0,1,0
1,0,0,80.0,18,1,0,0,51,3,1,5,12,25000,0,2,1,3,1,1,1,0,1
1,0,0,80.0,22,0,0,0,51,3,1,5,12,25000,0,2,1,3,1,0,0,1,0
1,0,0,80.0,22,2,1,0,51,3,1,5,12,25000,0,2,1,3,1,0,0,1,1
1,0,0,80.0,22,3,1,0,51,3,1,5,12,25000,0,2,1,3,1,1,0,1,0
2,0,0,80.0,7,1,0,0,51,3,1,5,12,25000,0,2,1,3,1,0,0,1,0
2,0,0,80.0,7,1,0,0,51,3,1,5,12,25000,0,2,1,3,1,1,0,1,1
2,0,0,80.0,7,4,0,0,51,3,1,5,12,25000,0,2,1,3,1,1,0,0,0
2,0,0,80.0,7,2,1,0,51,3,1,5,12,25000,0,2,1,3,1,1,1,0,1
2,0,0,80.0,7,2,1,0,51,3,1,5,12,25000,0,2,1,3,1,1,1,0,1
2,0,0,80.0,7,2,1,0,51,3,1,5,12,25000,0,2,1,3,1,0,0,1,1
2,0,0,55.0,7,1,1,0,51,3,1,5,12,25000,0,2,1,3,1,1,0,0,0
0,0,0,80.0,10,3,1,0,41,2,0,4,13,62500,3,2,3,4,1,0,0,0,0
0,1,0,80.0,10,1,0,0,41,2,0,4,13,62500,3,2,3,4,1,1,0,0,0
0,1,0,80.0,14,0,0,0,41,2,0,4,13,62500,3,2,3,4,1,1,0,0,1
0,1,0,80.0,18,0,1,0,41,2,0,4,13,62500,3,2,3,4,1,1,0,0,1
0,1,0,55.0,14,1,1,0,41,2,0,4,13,62500,3,2,3,4,1,0,0,0,1
0,3,0,80.0,10,1,1,0,41,2,0,4,13,62500,3,2,3,4,1,0,0,0,0
0,3,0,80.0,10,4,0,0,41,2,0,4,13,62500,3,2,3,4,1,0,0,0,1
0,3,0,80.0,10,1,1,0,41,2,0,4,13,62500,3,2,3,4,1,1,0,0,0
0,3,0,80.0,14,1,0,0,41,2,0,4,13,62500,3,2,3,4,1,0,0,0,0
0,3,0,80.0,18,0,1,0,41,2,0,4,13,62500,3,2,3,4,1,0,0,0,1
0,3,0,80.0,18,3,0,0,41,2,0,4,13,62500,3,2,3,4,1,1,0,0,1
1,0,0,80.0,18,1,1,0,41,2,0,4,13,62500,3,2,3,4,1,0,0,1,0
1,0,0,80.0,18,1,1,0,41,2,0,4,13,62500,3,2,3,4,1,0,0,0,0
1,0,0,80.0,18,0,0,0,41,2,0,4,13,62500,3,2,3,4,1,0,0,1,1
1,0,0,80.0,18,1,0,0,41,2,0,4,13,62500,3,2,3,4,1,1,1,0,0
1,0,0,80.0,22,0,0,0,41,2,0,4,13,62500,3,2,3,4,1,0,0,1,0
1,0,0,80.0,22,2,1,0,41,2,0,4,13,62500,3,2,3,4,1,0,0,1,1
2,0,0,80.0,7,1,0,0,41,2,0,4,13,62500,3,2,3,4,1,0,0,1,1
2,0,0,80.0,7,1,0,0,41,2,0,4,13,62500,3,2,3,4,1,1,0,1,1
2,0,0,80.0,7,2,1,0,41,2,0,4,13,62500,3,2,3,4,1,1,1,0,0
2,0,0,80.0,7,2,1,0,41,2,0,4,13,62500,3,2,3,4,1,0,0,1,0
2,0,0,55.0,7,1,1,0,41,2,0,4,13,62500,3,2,3,4,1,1,0,0,0
0,2,1,55.0,10,1,1,1,36,2,1,3,7,87500,0,1,1,1,0,0,0,0,1
0,2,1,55.0,18,2,1,1,36,2,1,3,7,87500,0,1,1,1,0,1,0,0,1
0,0,0,55.0,18,1,1,1,36,2,1,3,7,87500,0,1,1,1,0,0,0,0,0
0,1,0,80.0,18,4,0,1,36,2,1,3,7,87500,0,1,1,1,0,1,0,0,0
0,1,0,30.0,22,1,1,1,36,2,1,3,7,87500,0,1,1,1,0,0,0,0,0
0,0,0,55.0,22,4,1,1,36,2,1,3,7,87500,0,1,1,1,0,0,0,0,0
0,1,1,55.0,18,0,0,1,36,2,1,3,7,87500,0,1,1,1,0,0,0,0,1
0,2,0,80.0,10,1,0,1,36,2,1,3,7,87500,0,1,1,1,0,0,0,0,1
1,0,0,80.0,18,1,0,1,36,2,1,3,7,87500,0,1,1,1,0,0,0,1,0
1,0,0,55.0,18,1,1,1,36,2,1,3,7,87500,0,1,1,1,0,1,0,1,0
1,2,0,55.0,18,4,1,1,36,2,1,3,7,87500,0,1,1,1,0,1,1,0,0
1,0,0,55.0,18,3,0,1,36,2,1,3,7,87500,0,1,1,1,0,1,0,1,0
1,2,2,30.0,22,4,0,1,36,2,1,3,7,87500,0,1,1,1,0,1,0,0,0
1,0,0,80.0,18,1,1,1,36,2,1,3,7,87500,0,1,1,1,0,1,0,0,0
1,0,2,30.0,18,1,1,1,36,2,1,3,7,87500,0,1,1,1,0,1,0,1,1
1,0,0,80.0,22,2,1,1,36,2,1,3,7,87500,0,1,1,1,0,0,0,0,1
2,0,0,55.0,7,1,1,1,36,2,1,3,7,87500,0,1,1,1,0,1,1,0,1
2,0,0,55.0,7,3,1,1,36,2,1,3,7,87500,0,1,1,1,0,1,1,0,0
2,0,0,80.0,7,1,1,1,36,2,1,3,7,87500,0,1,1,1,0,1,0,1,1
2,0,0,30.0,7,3,1,1,36,2,1,3,7,87500,0,1,1,1,0,0,0,0,0
2,0,1,55.0,7,3,1,1,36,2,1,3,7,87500,0,1,1,1,0,0,0,0,1
2,0,2,30.0,7,0,0,1,36,2,1,3,7,87500,0,1,1,1,0,1,1,0,1
0,2,1,55.0,10,1,1,1,36,2,1,4,6,62500,0,0,1,2,2,0,0,0,1
0,2,1,55.0,18,2,1,1,36,2,1,4,6,62500,0,0,1,2,2,1,0,0,1
0,0,0,55.0,18,1,1,1,36,2,1,4,6,62500,0,0,1,2,2,0,0,0,0
0,1,0,80.0,18,4,0,1,36,2,1,4,6,62500,0,0,1,2,2,1,0,0,1
0,1,0,30.0,22,1,1,1,36,2,1,4,6,62500,0,0,1,2,2,0,0,0,0
0,0,0,55.0,22,4,1,1,36,2,1,4,6,62500,0,0,1,2,2,0,0,0,1
0,1,1,80.0,18,0,0,1,36,2,1,4,6,62500,0,0,1,2,2,0,0,0,1
0,2,0,80.0,10,1,0,1,36,2,1,4,6,62500,0,0,1,2,2,0,0,0,0
1,0,0,80.0,18,1,0,1,36,2,1,4,6,62500,0,0,1,2,2,0,0,1,0
1,0,0,55.0,18,1,1,1,36,2,1,4,6,62500,0,0,1,2,2,1,0,1,0
1,2,0,55.0,18,4,1,1,36,2,1,4,6,62500,0,0,1,2,2,1,1,0,1
1,0,0,55.0,18,3,0,1,36,2,1,4,6,62500,0,0,1,2,2,1,0,1,0
1,2,2,30.0,22,4,0,1,36,2,1,4,6,62500,0,0,1,2,2,1,0,0,1
1,0,0,80.0,18,1,1,1,36,2,1,4,6,62500,0,0,1,2,2,1,0,0,0
1,0,2,30.0,18,1,1,1,36,2,1,4,6,62500,0,0,1,2,2,1,0,1,0
1,0,0,80.0,22,2,1,1,36,2,1,4,6,62500,0,0,1,2,2,0,0,0,1
2,0,0,55.0,7,1,1,1,36,2,1,4,6,62500,0,0,1,2,2,1,1,0,0
2,0,0,55.0,7,3,1,1,36,2,1,4,6,62500,0,0,1,2,2,1,1,0,0
2,0,0,80.0,7,1,1,1,36,2,1,4,6,62500,0,0,1,2,2,1,0,1,0
2,0,0,30.0,7,3,1,1,36,2,1,4,6,62500,0,0,1,2,2,0,0,0,0
2,0,1,55.0,7,3,1,1,36,2,1,4,6,62500,0,0,1,2,2,0,0,0,0
2,0,2,30.0,7,0,0,1,36,2,1,4,6,62500,0,0,1,2,2,1,1,0,1
0,0,0,80.0,10,1,0,1,26,1,0,4,19,100000,3,2,2,2,1,0,0,0,1
0,0,0,55.0,18,1,1,1,26,1,0,4,19,100000,3,2,2,2,1,0,0,0,1
0,1,0,30.0,22,1,1,1,26,1,0,4,19,100000,3,2,2,2,1,0,0,0,1
0,1,1,55.0,10,2,0,1,26,1,0,4,19,100000,3,2,2,2,1,1,0,0,1
0,0,0,55.0,22,4,1,1,26,1,0,4,19,100000,3,2,2,2,1,0,0,0,1
0,1,1,55.0,18,0,0,1,26,1,0,4,19,100000,3,2,2,2,1,0,0,0,1
1,0,0,80.0,18,1,0,1,26,1,0,4,19,100000,3,2,2,2,1,0,0,1,1
1,0,0,55.0,18,1,1,1,26,1,0,4,19,100000,3,2,2,2,1,1,0,1,0
1,0,0,55.0,18,0,1,1,26,1,0,4,19,100000,3,2,2,2,1,1,0,0,0
1,0,0,80.0,18,1,1,1,26,1,0,4,19,100000,3,2,2,2,1,1,0,0,0
1,0,0,80.0,22,2,1,1,26,1,0,4,19,100000,3,2,2,2,1,0,0,0,1
2,0,0,55.0,7,1,1,1,26,1,0,4,19,100000,3,2,2,2,1,1,1,0,1
2,0,0,55.0,7,3,1,1,26,1,0,4,19,100000,3,2,2,2,1,1,1,0,1
2,0,0,80.0,7,1,1,1,26,1,0,4,19,100000,3,2,2,2,1,1,0,1,1
2,0,0,30.0,7,3,1,1,26,1,0,4,19,100000,3,2,2,2,1,0,0,0,0
2,0,0,30.0,7,0,1,1,26,1,0,4,19,100000,3,2,2,2,1,1,1,0,1
2,0,1,55.0,7,3,1,1,26,1,0,4,19,100000,3,2,2,2,1,0,0,0,0
2,0,2,30.0,7,2,1,1,26,1,0,4,19,100000,3,2,2,2,1,1,1,0,1
2,0,2,30.0,7,0,0,1,26,1,0,4,19,100000,3,2,2,2,1,1,1,0,1
2,0,0,80.0,7,0,0,1,26,1,0,4,19,100000,3,2,2,2,1,0,0,1,1
0,0,0,55.0,18,1,1,1,26,0,1,2,18,12500,2,3,2,3,1,0,0,0,1
0,1,0,30.0,22,1,1,1,26,0,1,2,18,12500,2,3,2,3,1,0,0,0,1
0,0,0,55.0,22,4,1,1,26,0,1,2,18,12500,2,3,2,3,1,0,0,0,0
0,1,1,55.0,18,0,0,1,26,0,1,2,18,12500,2,3,2,3,1,0,0,0,1
0,3,0,80.0,10,0,0,1,26,0,1,2,18,12500,2,3,2,3,1,1,0,0,1
0,3,1,55.0,22,4,0,1,26,0,1,2,18,12500,2,3,2,3,1,0,0,0,0
0,3,1,55.0,22,2,1,1,26,0,1,2,18,12500,2,3,2,3,1,0,0,0,1
0,3,2,30.0,14,3,1,1,26,0,1,2,18,12500,2,3,2,3,1,1,0,0,0
1,0,0,80.0,18,1,0,1,26,0,1,2,18,12500,2,3,2,3,1,0,0,1,1
1,3,1,55.0,22,3,1,1,26,0,1,2,18,12500,2,3,2,3,1,1,0,0,0
1,0,0,55.0,18,1,1,1,26,0,1,2,18,12500,2,3,2,3,1,1,0,1,1
1,0,0,55.0,18,3,0,1,26,0,1,2,18,12500,2,3,2,3,1,1,0,1,0
1,0,0,80.0,18,1,1,1,26,0,1,2,18,12500,2,3,2,3,1,1,0,0,1
1,0,2,30.0,18,1,1,1,26,0,1,2,18,12500,2,3,2,3,1,1,0,1,0
1,3,0,80.0,22,3,1,1,26,0,1,2,18,12500,2,3,2,3,1,0,0,0,1
1,0,0,80.0,22,2,1,1,26,0,1,2,18,12500,2,3,2,3,1,0,0,0,1
2,0,0,55.0,7,1,1,1,26,0,1,2,18,12500,2,3,2,3,1,1,1,0,1
2,0,0,55.0,7,3,1,1,26,0,1,2,18,12500,2,3,2,3,1,1,1,0,0
2,0,0,80.0,7,1,1,1,26,0,1,2,18,12500,2,3,2,3,1,1,0,1,1
2,0,0,30.0,7,3,1,1,26,0,1,2,18,12500,2,3,2,3,1,0,0,0,0
2,0,1,55.0,7,3,1,1,26,0,1,2,18,12500,2,3,2,3,1,0,0,0,0
2,0,2,30.0,7,0,0,1,26,0,1,2,18,12500,2,3,2,3,1,1,1,0,1
0,0,0,80.0,10,1,0,1,21,1,0,4,2,37500,1,2,3,2,1,0,0,0,1
0,0,0,55.0,18,1,1,1,21,1,0,4,2,37500,1,2,3,2,1,0,0,0,1
0,1,0,30.0,22,1,1,1,21,1,0,4,2,37500,1,2,3,2,1,0,0,0,1
0,1,1,55.0,10,2,0,1,21,1,0,4,2,37500,1,2,3,2,1,1,0,0,1
0,0,0,55.0,22,4,1,1,21,1,0,4,2,37500,1,2,3,2,1,0,0,0,1
0,1,1,55.0,18,0,0,1,21,1,0,4,2,37500,1,2,3,2,1,0,0,0,1
1,0,0,80.0,18,1,0,1,21,1,0,4,2,37500,1,2,3,2,1,0,0,1,0
1,0,0,55.0,18,1,1,1,21,1,0,4,2,37500,1,2,3,2,1,1,0,1,1
1,0,0,55.0,18,3,0,1,21,1,0,4,2,37500,1,2,3,2,1,1,0,1,0
1,0,0,55.0,18,0,1,1,21,1,0,4,2,37500,1,2,3,2,1,1,0,0,0
1,0,0,80.0,18,1,1,1,21,1,0,4,2,37500,1,2,3,2,1,1,0,0,0
1,0,2,30.0,18,1,1,1,21,1,0,4,2,37500,1,2,3,2,1,1,0,1,1
1,0,0,80.0,22,2,1,1,21,1,0,4,2,37500,1,2,3,2,1,0,0,0,1
2,0,0,55.0,7,1,1,1,21,1,0,4,2,37500,1,2,3,2,1,1,1,0,1
2,0,0,55.0,7,3,1,1,21,1,0,4,2,37500,1,2,3,2,1,1,1,0,1
2,0,0,80.0,7,1,1,1,21,1,0,4,2,37500,1,2,3,2,1,1,0,1,0
2,0,0,30.0,7,3,1,1,21,1,0,4,2,37500,1,2,3,2,1,0,0,0,1
2,0,0,30.0,7,0,1,1,21,1,0,4,2,37500,1,2,3,2,1,1,1,0,1
2,0,1,55.0,7,3,1,1,21,1,0,4,2,37500,1,2,3,2,1,0,0,0,1
2,0,2,30.0,7,2,1,1,21,1,0,4,2,37500,1,2,3,2,1,1,1,0,1
2,0,2,30.0,7,0,0,1,21,1,0,4,2,37500,1,2,3,2,1,1,1,0,1
2,0,0,80.0,7,0,0,1,21,1,0,4,2,37500,1,2,3,2,1,0,0,1,0
0,0,0,80.0,10,1,0,1,21,1,0,1,0,0,3,4,1,2,0,0,0,0,1
0,0,0,55.0,18,1,1,1,21,1,0,1,0,0,3,4,1,2,0,0,0,0,0
0,1,0,30.0,22,1,1,1,21,1,0,1,0,0,3,4,1,2,0,0,0,0,0
0,1,1,55.0,10,2,0,1,21,1,0,1,0,0,3,4,1,2,0,1,0,0,1
0,0,0,55.0,22,4,1,1,21,1,0,1,0,0,3,4,1,2,0,0,0,0,0
0,1,1,55.0,18,0,0,1,21,1,0,1,0,0,3,4,1,2,0,0,0,0,1
1,0,0,80.0,18,1,0,1,21,1,0,1,0,0,3,4,1,2,0,0,0,1,0
1,0,0,55.0,18,1,1,1,21,1,0,1,0,0,3,4,1,2,0,1,0,1,1
1,0,0,55.0,18,3,0,1,21,1,0,1,0,0,3,4,1,2,0,1,0,1,0
1,0,0,55.0,18,0,1,1,21,1,0,1,0,0,3,4,1,2,0,1,0,0,1
1,0,0,80.0,18,1,1,1,21,1,0,1,0,0,3,4,1,2,0,1,0,0,0
1,0,2,30.0,18,1,1,1,21,1,0,1,0,0,3,4,1,2,0,1,0,1,1
1,0,0,80.0,22,2,1,1,21,1,0,1,0,0,3,4,1,2,0,0,0,0,1
2,0,0,55.0,7,1,1,1,21,1,0,1,0,0,3,4,1,2,0,1,1,0,1
2,0,0,55.0,7,3,1,1,21,1,0,1,0,0,3,4,1,2,0,1,1,0,1
2,0,0,80.0,7,1,1,1,21,1,0,1,0,0,3,4,1,2,0,1,0,1,1
2,0,0,30.0,7,3,1,1,21,1,0,1,0,0,3,4,1,2,0,0,0,0,0
2,0,0,30.0,7,0,1,1,21,1,0,1,0,0,3,4,1,2,0,1,1,0,0
2,0,1,55.0,7,3,1,1,21,1,0,1,0,0,3,4,1,2,0,0,0,0,1
2,0,2,30.0,7,2,1,1,21,1,0,1,0,0,3,4,1,2,0,1,1,0,1
2,0,2,80.0,7,0,0,1,21,1,0,1,0,0,3,4,1,2,0,1,1,0,0
2,0,0,80.0,7,0,0,1,21,1,0,1,0,0,3,4,1,2,0,0,0,1,0
0,2,1,55.0,10,1,1,0,31,2,1,3,0,37500,0,2,2,2,2,0,0,0,1
0,2,1,55.0,18,2,1,0,31,2,1,3,0,37500,0,2,2,2,2,1,0,0,1
0,0,0,55.0,18,1,1,0,31,2,1,3,0,37500,0,2,2,2,2,0,0,0,0
0,1,0,80.0,18,4,0,0,31,2,1,3,0,37500,0,2,2,2,2,1,0,0,0
0,1,0,30.0,22,1,1,0,31,2,1,3,0,37500,0,2,2,2,2,0,0,0,0
0,0,0,55.0,22,4,1,0,31,2,1,3,0,37500,0,2,2,2,2,0,0,0,0
0,1,1,55.0,18,0,0,0,31,2,1,3,0,37500,0,2,2,2,2,0,0,0,1
0,2,0,80.0,10,1,0,0,31,2,1,3,0,37500,0,2,2,2,2,0,0,0,0
1,0,0,80.0,18,1,0,0,31,2,1,3,0,37500,0,2,2,2,2,0,0,1,1
1,0,0,55.0,18,1,1,0,31,2,1,3,0,37500,0,2,2,2,2,1,0,1,1
1,2,0,55.0,18,4,1,0,31,2,1,3,0,37500,0,2,2,2,2,1,1,0,0
1,0,0,55.0,18,3,0,0,31,2,1,3,0,37500,0,2,2,2,2,1,0,1,0
1,2,2,30.0,22,4,0,0,31,2,1,3,0,37500,0,2,2,2,2,1,0,0,0
1,0,0,80.0,18,1,1,0,31,2,1,3,0,37500,0,2,2,2,2,1,0,0,1
1,0,2,30.0,18,1,1,0,31,2,1,3,0,37500,0,2,2,2,2,1,0,1,0
1,0,0,80.0,22,2,1,0,31,2,1,3,0,37500,0,2,2,2,2,0,0,0,1
2,0,0,55.0,7,1,1,0,31,2,1,3,0,37500,0,2,2,2,2,1,1,0,1
2,0,0,55.0,7,3,1,0,31,2,1,3,0,37500,0,2,2,2,2,1,1,0,0
2,0,0,80.0,7,1,1,0,31,2,1,3,0,37500,0,2,2,2,2,1,0,1,1
2,0,0,30.0,7,3,1,0,31,2,1,3,0,37500,0,2,2,2,2,0,0,0,0
2,0,1,55.0,7,3,1,0,31,2,1,3,0,37500,0,2,2,2,2,0,0,0,0
2,0,2,30.0,7,0,0,0,31,2,1,3,0,37500,0,2,2,2,2,1,1,0,0
0,0,0,80.0,10,1,0,1,21,1,0,2,0,75000,2,3,1,1,0,0,0,0,1
0,0,0,55.0,18,1,1,1,21,1,0,2,0,75000,2,3,1,1,0,0,0,0,1
0,1,0,30.0,22,1,1,1,21,1,0,2,0,75000,2,3,1,1,0,0,0,0,1
0,1,1,55.0,10,2,0,1,21,1,0,2,0,75000,2,3,1,1,0,1,0,0,0
0,0,0,55.0,22,4,1,1,21,1,0,2,0,75000,2,3,1,1,0,0,0,0,0
0,1,1,55.0,18,0,0,1,21,1,0,2,0,75000,2,3,1,1,0,0,0,0,1
1,0,0,80.0,18,1,0,1,21,1,0,2,0,75000,2,3,1,1,0,0,0,1,1
1,0,0,55.0,18,1,1,1,21,1,0,2,0,75000,2,3,1,1,0,1,0,1,1
1,0,0,55.0,18,3,0,1,21,1,0,2,0,75000,2,3,1,1,0,1,0,1,1
1,0,0,55.0,18,0,1,1,21,1,0,2,0,75000,2,3,1,1,0,1,0,0,0
1,0,0,80.0,18,1,1,1,21,1,0,2,0,75000,2,3,1,1,0,1,0,0,0
1,0,2,30.0,18,1,1,1,21,1,0,2,0,75000,2,3,1,1,0,1,0,1,0
1,0,0,80.0,22,2,1,1,21,1,0,2,0,75000,2,3,1,1,0,0,0,0,0
2,0,0,55.0,7,1,1,1,21,1,0,2,0,75000,2,3,1,1,0,1,1,0,1
2,0,0,55.0,7,3,1,1,21,1,0,2,0,75000,2,3,1,1,0,1,1,0,1
2,0,0,80.0,7,1,1,1,21,1,0,2,0,75000,2,3,1,1,0,1,0,1,1
2,0,0,30.0,7,3,1,1,21,1,0,2,0,75000,2,3,1,1,0,0,0,0,0
2,0,0,30.0,7,0,1,1,21,1,0,2,0,75000,2,3,1,1,0,1,1,0,0
2,0,1,55.0,7,3,1,1,21,1,0,2,0,75000,2,3,1,1,0,0,0,0,0
2,0,2,30.0,7,2,1,1,21,1,0,2,0,75000,2,3,1,1,0,1,1,0,0
2,0,2,30.0,7,0,0,1,21,1,0,2,0,75000,2,3,1,1,0,1,1,0,1
2,0,0,80.0,7,0,0,1,21,1,0,2,0,75000,2,3,1,1,0,0,0,1,0
0,0,0,55.0,18,1,1,0,31,2,0,2,8,100000,1,1,4,3,2,0,0,0,1
0,1,0,30.0,22,1,1,0,31,2,0,2,8,100000,1,1,4,3,2,0,0,0,1
0,0,0,55.0,22,4,1,0,31,2,0,2,8,100000,1,1,4,3,2,0,0,0,1
0,1,1,55.0,18,0,0,0,31,2,0,2,8,100000,1,1,4,3,2,0,0,0,1
0,3,0,80.0,10,0,0,0,31,2,0,2,8,100000,1,1,4,3,2,1,0,0,1
0,3,1,55.0,22,4,0,0,31,2,0,2,8,100000,1,1,4,3,2,0,0,0,0
0,3,1,55.0,22,2,1,0,31,2,0,2,8,100000,1,1,4,3,2,0,0,0,1
0,3,2,30.0,14,3,1,0,31,2,0,2,8,100000,1,1,4,3,2,1,0,0,0
1,0,0,80.0,18,1,0,0,31,2,0,2,8,100000,1,1,4,3,2,0,0,1,1
1,3,1,55.0,22,3,1,0,31,2,0,2,8,100000,1,1,4,3,2,1,0,0,0
1,0,0,55.0,18,1,1,0,31,2,0,2,8,100000,1,1,4,3,2,1,0,1,0
1,0,0,55.0,18,3,0,0,31,2,0,2,8,100000,1,1,4,3,2,1,0,1,0
1,0,0,80.0,18,1,1,0,31,2,0,2,8,100000,1,1,4,3,2,1,0,0,0
1,0,2,30.0,18,1,1,0,31,2,0,2,8,100000,1,1,4,3,2,1,0,1,0
1,3,0,55.0,22,3,1,0,31,2,0,2,8,100000,1,1,4,3,2,0,0,0,0
1,0,0,80.0,22,2,1,0,31,2,0,2,8,100000,1,1,4,3,2,0,0,0,1
2,0,0,55.0,7,1,1,0,31,2,0,2,8,100000,1,1,4,3,2,1,1,0,1
2,0,0,55.0,7,3,1,0,31,2,0,2,8,100000,1,1,4,3,2,1,1,0,0
2,0,0,80.0,7,1,1,0,31,2,0,2,8,100000,1,1,4,3,2,1,0,1,1
2,0,0,30.0,7,3,1,0,31,2,0,2,8,100000,1,1,4,3,2,0,0,0,0
2,0,1,55.0,7,3,1,0,31,2,0,2,8,100000,1,1,4,3,2,0,0,0,0
2,0,2,30.0,7,0,0,0,31,2,0,2,8,100000,1,1,4,3,2,1,1,0,0
0,2,1,55.0,10,1,1,0,21,2,1,3,0,50000,0,2,2,2,1,0,0,0,1
0,2,1,55.0,18,2,1,0,21,2,1,3,0,50000,0,2,2,2,1,1,0,0,1
0,0,0,55.0,18,1,1,0,21,2,1,3,0,50000,0,2,2,2,1,0,0,0,1
0,1,0,80.0,18,4,0,0,21,2,1,3,0,50000,0,2,2,2,1,1,0,0,0
0,1,0,30.0,22,1,1,0,21,2,1,3,0,50000,0,2,2,2,1,0,0,0,1
0,0,0,55.0,22,4,1,0,21,2,1,3,0,50000,0,2,2,2,1,0,0,0,1
0,1,1,55.0,18,0,0,0,21,2,1,3,0,50000,0,2,2,2,1,0,0,0,1
0,2,0,80.0,10,1,0,0,21,2,1,3,0,50000,0,2,2,2,1,0,0,0,1
1,0,0,80.0,18,1,0,0,21,2,1,3,0,50000,0,2,2,2,1,0,0,1,1
1,0,0,55.0,18,1,1,0,21,2,1,3,0,50000,0,2,2,2,1,1,0,1,1
1,2,0,55.0,18,4,1,0,21,2,1,3,0,50000,0,2,2,2,1,1,1,0,1
1,0,0,55.0,18,3,0,0,21,2,1,3,0,50000,0,2,2,2,1,1,0,1,0
1,2,2,30.0,22,4,0,0,21,2,1,3,0,50000,0,2,2,2,1,1,0,0,0
1,0,0,80.0,18,1,1,0,21,2,1,3,0,50000,0,2,2,2,1,1,0,0,0
1,0,2,30.0,18,1,1,0,21,2,1,3,0,50000,0,2,2,2,1,1,0,1,1
1,0,0,80.0,22,2,1,0,21,2,1,3,0,50000,0,2,2,2,1,0,0,0,1
2,0,0,55.0,7,1,1,0,21,2,1,3,0,50000,0,2,2,2,1,1,1,0,1
2,0,0,55.0,7,3,1,0,21,2,1,3,0,50000,0,2,2,2,1,1,1,0,0
2,0,0,80.0,7,1,1,0,21,2,1,3,0,50000,0,2,2,2,1,1,0,1,1
2,0,0,30.0,7,3,1,0,21,2,1,3,0,50000,0,2,2,2,1,0,0,0,0
2,0,1,55.0,7,3,1,0,21,2,1,3,0,50000,0,2,2,2,1,0,0,0,0
2,0,2,30.0,7,0,0,0,21,2,1,3,0,50000,0,2,2,2,1,1,1,0,1
0,0,0,55.0,18,1,1,1,26,0,0,2,0,12500,0,1,2,3,1,0,0,0,0
0,1,0,30.0,22,1,1,1,26,0,0,2,0,12500,0,1,2,3,1,0,0,0,1
0,0,0,55.0,22,4,1,1,26,0,0,2,0,12500,0,1,2,3,1,0,0,0,0
0,1,1,55.0,18,0,0,1,26,0,0,2,0,12500,0,1,2,3,1,0,0,0,0
0,3,0,80.0,10,0,0,1,26,0,0,2,0,12500,0,1,2,3,1,1,0,0,1
0,3,1,55.0,22,4,0,1,26,0,0,2,0,12500,0,1,2,3,1,0,0,0,0
0,3,1,55.0,22,2,1,1,26,0,0,2,0,12500,0,1,2,3,1,0,0,0,0
0,3,2,30.0,14,3,1,1,26,0,0,2,0,12500,0,1,2,3,1,1,0,0,0
1,0,0,80.0,18,1,0,1,26,0,0,2,0,12500,0,1,2,3,1,0,0,1,1
1,3,1,55.0,22,3,1,1,26,0,0,2,0,12500,0,1,2,3,1,1,0,0,0
1,0,0,80.0,18,1,1,1,26,0,0,2,0,12500,0,1,2,3,1,1,0,1,0
1,0,0,55.0,18,3,0,1,26,0,0,2,0,12500,0,1,2,3,1,1,0,1,0
1,0,0,80.0,18,1,1,1,26,0,0,2,0,12500,0,1,2,3,1,1,0,0,0
1,0,2,30.0,18,1,1,1,26,0,0,2,0,12500,0,1,2,3,1,1,0,1,0
1,3,0,55.0,22,3,1,1,26,0,0,2,0,12500,0,1,2,3,1,0,0,0,0
1,0,0,80.0,22,2,1,1,26,0,0,2,0,12500,0,1,2,3,1,0,0,0,1
2,0,0,55.0,7,1,1,1,26,0,0,2,0,12500,0,1,2,3,1,1,1,0,1
2,0,0,55.0,7,3,1,1,26,0,0,2,0,12500,0,1,2,3,1,1,1,0,0
2,0,0,80.0,7,1,1,1,26,0,0,2,0,12500,0,1,2,3,1,1,0,1,0
2,0,0,30.0,7,3,1,1,26,0,0,2,0,12500,0,1,2,3,1,0,0,0,0
2,0,1,55.0,7,3,1,1,26,0,0,2,0,12500,0,1,2,3,1,0,0,0,0
2,0,2,30.0,7,0,0,1,26,0,0,2,0,12500,0,1,2,3,1,1,1,0,1
0,2,1,55.0,10,1,1,1,26,2,1,4,7,50000,0,1,1,2,1,0,0,0,1
0,2,1,55.0,18,2,1,1,26,2,1,4,7,50000,0,1,1,2,1,1,0,0,1
0,0,0,55.0,18,1,1,1,26,2,1,4,7,50000,0,1,1,2,1,0,0,0,1
0,1,0,80.0,18,4,0,1,26,2,1,4,7,50000,0,1,1,2,1,1,0,0,0
0,1,0,30.0,22,1,1,1,26,2,1,4,7,50000,0,1,1,2,1,0,0,0,1
0,0,0,55.0,22,4,1,1,26,2,1,4,7,50000,0,1,1,2,1,0,0,0,1
0,1,1,55.0,18,0,0,1,26,2,1,4,7,50000,0,1,1,2,1,0,0,0,0
0,2,0,80.0,10,1,0,1,26,2,1,4,7,50000,0,1,1,2,1,0,0,0,1
1,0,0,80.0,18,1,0,1,26,2,1,4,7,50000,0,1,1,2,1,0,0,1,1
1,0,0,55.0,18,1,1,1,26,2,1,4,7,50000,0,1,1,2,1,1,0,1,1
1,2,0,55.0,18,4,1,1,26,2,1,4,7,50000,0,1,1,2,1,1,1,0,1
1,0,0,55.0,18,3,0,1,26,2,1,4,7,50000,0,1,1,2,1,1,0,1,0
1,2,2,30.0,22,4,0,1,26,2,1,4,7,50000,0,1,1,2,1,1,0,0,0
1,0,0,80.0,18,1,1,1,26,2,1,4,7,50000,0,1,1,2,1,1,0,0,1
1,0,2,30.0,18,1,1,1,26,2,1,4,7,50000,0,1,1,2,1,1,0,1,1
1,0,0,80.0,22,2,1,1,26,2,1,4,7,50000,0,1,1,2,1,0,0,0,1
2,0,0,55.0,7,1,1,1,26,2,1,4,7,50000,0,1,1,2,1,1,1,0,1
2,0,0,55.0,7,3,1,1,26,2,1,4,7,50000,0,1,1,2,1,1,1,0,0
2,0,0,80.0,7,1,1,1,26,2,1,4,7,50000,0,1,1,2,1,1,0,1,1
2,0,0,30.0,7,3,1,1,26,2,1,4,7,50000,0,1,1,2,1,0,0,0,0
2,0,1,55.0,7,3,1,1,26,2,1,4,7,50000,0,1,1,2,1,0,0,0,0
2,0,2,30.0,7,0,0,1,26,2,1,4,7,50000,0,1,1,2,1,1,1,0,0
0,2,1,55.0,10,1,1,0,46,2,1,0,0,12500,0,0,1,1,0,0,0,0,1
0,2,1,55.0,18,2,1,0,46,2,1,0,0,12500,0,0,1,1,0,1,0,0,1
0,0,0,55.0,18,1,1,0,46,2,1,0,0,12500,0,0,1,1,0,0,0,0,1
0,1,0,80.0,18,4,0,0,46,2,1,0,0,12500,0,0,1,1,0,1,0,0,1
0,1,0,30.0,22,1,1,0,46,2,1,0,0,12500,0,0,1,1,0,0,0,0,0
0,0,0,55.0,22,4,1,0,46,2,1,0,0,12500,0,0,1,1,0,0,0,0,1
0,1,1,55.0,18,0,0,0,46,2,1,0,0,12500,0,0,1,1,0,0,0,0,0
0,2,0,80.0,10,1,0,0,46,2,1,0,0,12500,0,0,1,1,0,0,0,0,0
1,0,0,80.0,18,1,0,0,46,2,1,0,0,12500,0,0,1,1,0,0,0,1,1
1,0,0,55.0,18,1,1,0,46,2,1,0,0,12500,0,0,1,1,0,1,0,1,0
1,2,0,55.0,18,4,1,0,46,2,1,0,0,12500,0,0,1,1,0,1,1,0,1
1,0,0,55.0,18,3,0,0,46,2,1,0,0,12500,0,0,1,1,0,1,0,1,0
1,2,2,30.0,22,4,0,0,46,2,1,0,0,12500,0,0,1,1,0,1,0,0,0
1,0,0,80.0,18,1,1,0,46,2,1,0,0,12500,0,0,1,1,0,1,0,0,0
1,0,2,30.0,18,1,1,0,46,2,1,0,0,12500,0,0,1,1,0,1,0,1,0
1,0,0,80.0,22,2,1,0,46,2,1,0,0,12500,0,0,1,1,0,0,0,0,1
2,0,0,80.0,7,1,1,0,46,2,1,0,0,12500,0,0,1,1,0,1,1,0,1
2,0,0,55.0,7,3,1,0,46,2,1,0,0,12500,0,0,1,1,0,1,1,0,1
2,0,0,80.0,7,1,1,0,46,2,1,0,0,12500,0,0,1,1,0,1,0,1,1
2,0,0,30.0,7,3,1,0,46,2,1,0,0,12500,0,0,1,1,0,0,0,0,1
2,0,1,55.0,7,3,1,0,46,2,1,0,0,12500,0,0,1,1,0,0,0,0,0
2,0,2,30.0,7,0,0,0,46,2,1,0,0,12500,0,0,1,1,0,1,1,0,1
0,0,0,80.0,10,1,0,0,51,1,0,5,0,12500,0,3,2,2,0,0,0,0,1
0,0,0,55.0,18,1,1,0,51,1,0,5,0,12500,0,3,2,2,0,0,0,0,1
0,1,0,30.0,22,1,1,0,51,1,0,5,0,12500,0,3,2,2,0,0,0,0,1
0,1,1,55.0,10,2,0,0,51,1,0,5,0,12500,0,3,2,2,0,1,0,0,0
0,0,0,55.0,22,4,1,0,51,1,0,5,0,12500,0,3,2,2,0,0,0,0,0
0,1,1,55.0,18,0,0,0,51,1,0,5,0,12500,0,3,2,2,0,0,0,0,0
1,0,0,80.0,18,1,0,0,51,1,0,5,0,12500,0,3,2,2,0,0,0,1,1
1,0,0,55.0,18,1,1,0,51,1,0,5,0,12500,0,3,2,2,0,1,0,1,1
1,0,0,55.0,18,3,0,0,51,1,0,5,0,12500,0,3,2,2,0,1,0,1,0
1,0,0,55.0,18,0,1,0,51,1,0,5,0,12500,0,3,2,2,0,1,0,0,1
1,0,0,80.0,18,1,1,0,51,1,0,5,0,12500,0,3,2,2,0,1,0,0,1
1,0,2,30.0,18,1,1,0,51,1,0,5,0,12500,0,3,2,2,0,1,0,1,0
1,0,0,80.0,22,2,1,0,51,1,0,5,0,12500,0,3,2,2,0,0,0,0,0
2,0,0,55.0,7,1,1,0,51,1,0,5,0,12500,0,3,2,2,0,1,1,0,1
2,0,0,55.0,7,3,1,0,51,1,0,5,0,12500,0,3,2,2,0,1,1,0,0
2,0,0,80.0,7,1,1,0,51,1,0,5,0,12500,0,3,2,2,0,1,0,1,1
2,0,0,30.0,7,3,1,0,51,1,0,5,0,12500,0,3,2,2,0,0,0,0,0
2,0,0,30.0,7,0,1,0,51,1,0,5,0,12500,0,3,2,2,0,1,1,0,0
2,0,2,30.0,7,2,1,0,51,1,0,5,0,12500,0,3,2,2,0,1,1,0,0
2,0,2,30.0,7,0,0,0,51,1,0,5,0,12500,0,3,2,2,0,1,1,0,0
2,0,0,80.0,7,0,0,0,51,1,0,5,0,12500,0,3,2,2,0,0,0,1,0
0,0,0,55.0,18,1,1,0,21,0,0,4,6,25000,2,3,3,2,2,0,0,0,1
0,1,0,30.0,22,1,1,0,21,0,0,4,6,25000,2,3,3,2,2,0,0,0,1
0,0,0,55.0,22,4,1,0,21,0,0,4,6,25000,2,3,3,2,2,0,0,0,1
0,1,1,55.0,18,0,0,0,21,0,0,4,6,25000,2,3,3,2,2,0,0,0,1
0,3,0,80.0,10,0,0,0,21,0,0,4,6,25000,2,3,3,2,2,1,0,0,1
0,3,1,55.0,22,4,0,0,21,0,0,4,6,25000,2,3,3,2,2,0,0,0,0
0,3,1,55.0,22,2,1,0,21,0,0,4,6,25000,2,3,3,2,2,0,0,0,0
0,3,2,30.0,14,3,1,0,21,0,0,4,6,25000,2,3,3,2,2,1,0,0,0
1,0,0,80.0,18,1,0,0,21,0,0,4,6,25000,2,3,3,2,2,0,0,1,1
1,3,1,55.0,22,3,1,0,21,0,0,4,6,25000,2,3,3,2,2,1,0,0,0
1,0,0,55.0,18,1,1,0,21,0,0,4,6,25000,2,3,3,2,2,1,0,1,1
1,0,0,55.0,18,3,0,0,21,0,0,4,6,25000,2,3,3,2,2,1,0,1,1
1,0,0,80.0,18,1,1,0,21,0,0,4,6,25000,2,3,3,2,2,1,0,0,1
1,0,2,30.0,18,1,1,0,21,0,0,4,6,25000,2,3,3,2,2,1,0,1,1
1,3,0,55.0,22,3,1,0,21,0,0,4,6,25000,2,3,3,2,2,0,0,0,0
1,0,0,80.0,22,2,1,0,21,0,0,4,6,25000,2,3,3,2,2,0,0,0,1
2,0,0,55.0,7,1,1,0,21,0,0,4,6,25000,2,3,3,2,2,1,1,0,1
2,0,0,55.0,7,3,1,0,21,0,0,4,6,25000,2,3,3,2,2,1,1,0,0
2,0,0,80.0,7,1,1,0,21,0,0,4,6,25000,2,3,3,2,2,1,0,1,1
2,0,0,30.0,7,3,1,0,21,0,0,4,6,25000,2,3,3,2,2,0,0,0,0
2,0,1,55.0,7,3,1,0,21,0,0,4,6,25000,2,3,3,2,2,0,0,0,0
2,0,2,30.0,7,0,0,0,21,0,0,4,6,25000,2,3,3,2,2,1,1,0,1
0,0,0,80.0,10,1,1,1,31,0,0,2,6,62500,4,2,2,3,1,1,0,0,1
0,0,0,80.0,18,1,0,1,31,0,0,2,6,62500,4,2,2,3,1,0,0,0,1
0,1,0,80.0,14,4,0,1,31,0,0,2,6,62500,4,2,2,3,1,1,0,0,1
0,1,0,80.0,18,1,1,1,31,0,0,2,6,62500,4,2,2,3,1,0,0,0,1
0,1,0,30.0,22,0,0,1,31,0,0,2,6,62500,4,2,2,3,1,0,0,0,1
0,1,1,55.0,22,3,0,1,31,0,0,2,6,62500,4,2,2,3,1,1,0,0,1
0,1,2,30.0,10,2,1,1,31,0,0,2,6,62500,4,2,2,3,1,1,0,0,1
0,1,2,30.0,22,2,1,1,31,0,0,2,6,62500,4,2,2,3,1,1,0,0,1
0,3,0,80.0,22,0,1,1,31,0,0,2,6,62500,4,2,2,3,1,1,0,0,1
0,3,0,30.0,10,3,1,1,31,0,0,2,6,62500,4,2,2,3,1,1,0,0,0
0,3,1,55.0,10,2,0,1,31,0,0,2,6,62500,4,2,2,3,1,0,0,0,1
0,3,1,55.0,14,0,0,1,31,0,0,2,6,62500,4,2,2,3,1,1,0,0,1
0,3,2,30.0,14,1,0,1,31,0,0,2,6,62500,4,2,2,3,1,1,0,0,1
1,0,0,30.0,18,2,0,1,31,0,0,2,6,62500,4,2,2,3,1,1,0,1,1
1,0,2,30.0,18,1,1,1,31,0,0,2,6,62500,4,2,2,3,1,1,0,0,1
1,0,2,30.0,22,4,0,1,31,0,0,2,6,62500,4,2,2,3,1,0,0,0,0
1,3,0,80.0,18,1,1,1,31,0,0,2,6,62500,4,2,2,3,1,0,0,1,1
1,0,0,80.0,18,3,0,1,31,0,0,2,6,62500,4,2,2,3,1,0,0,1,1
2,0,1,55.0,7,0,0,1,31,0,0,2,6,62500,4,2,2,3,1,1,1,0,0
2,0,2,30.0,7,0,0,1,31,0,0,2,6,62500,4,2,2,3,1,1,1,0,0
2,0,2,30.0,7,4,1,1,31,0,0,2,6,62500,4,2,2,3,1,1,1,0,1
2,0,0,80.0,7,0,1,1,31,0,0,2,6,62500,4,2,2,3,1,0,0,1,1
0,2,1,55.0,18,2,0,0,41,2,1,5,19,75000,1,2,4,3,1,1,0,0,1
0,2,1,55.0,22,3,1,0,41,2,1,5,19,75000,1,2,4,3,1,1,0,0,0
0,2,2,30.0,18,3,1,0,41,2,1,5,19,75000,1,2,4,3,1,1,0,0,0
0,0,0,80.0,10,1,1,0,41,2,1,5,19,75000,1,2,4,3,1,1,0,0,1
0,0,0,55.0,18,1,0,0,41,2,1,5,19,75000,1,2,4,3,1,0,0,0,1
0,1,0,80.0,14,4,0,0,41,2,1,5,19,75000,1,2,4,3,1,1,0,0,1
0,1,0,80.0,18,1,1,0,41,2,1,5,19,75000,1,2,4,3,1,0,0,0,1
0,1,0,30.0,22,0,0,0,41,2,1,5,19,75000,1,2,4,3,1,0,0,0,0
0,1,1,55.0,22,3,0,0,41,2,1,5,19,75000,1,2,4,3,1,1,0,0,1
0,1,2,30.0,10,2,1,0,41,2,1,5,19,75000,1,2,4,3,1,1,0,0,1
0,1,2,30.0,22,2,1,0,41,2,1,5,19,75000,1,2,4,3,1,1,0,0,0
0,2,0,80.0,14,4,1,0,41,2,1,5,19,75000,1,2,4,3,1,0,0,0,1
0,2,0,55.0,14,1,1,0,41,2,1,5,19,75000,1,2,4,3,1,1,0,0,1
1,0,0,30.0,18,2,0,0,41,2,1,5,19,75000,1,2,4,3,1,1,0,1,1
1,0,2,30.0,18,1,1,0,41,2,1,5,19,75000,1,2,4,3,1,1,0,0,0
1,0,2,30.0,22,4,0,0,41,2,1,5,19,75000,1,2,4,3,1,0,0,0,0
1,0,0,80.0,18,3,0,0,41,2,1,5,19,75000,1,2,4,3,1,0,0,1,1
1,3,0,30.0,22,2,0,0,41,2,1,5,19,75000,1,2,4,3,1,1,0,0,1
2,0,1,55.0,7,0,0,0,41,2,1,5,19,75000,1,2,4,3,1,1,1,0,0
2,0,2,30.0,7,0,0,0,41,2,1,5,19,75000,1,2,4,3,1,1,1,0,0
2,0,2,30.0,7,4,1,0,41,2,1,5,19,75000,1,2,4,3,1,1,1,0,0
2,0,0,80.0,7,0,1,0,41,2,1,5,19,75000,1,2,4,3,1,0,0,1,1
0,0,0,80.0,10,1,1,0,31,2,0,2,9,100000,1,1,4,3,1,1,0,0,1
0,0,0,55.0,18,1,0,0,31,2,0,2,9,100000,1,1,4,3,1,0,0,0,0
0,1,0,80.0,14,4,0,0,31,2,0,2,9,100000,1,1,4,3,1,1,0,0,0
0,1,0,80.0,18,1,1,0,31,2,0,2,9,100000,1,1,4,3,1,0,0,0,1
0,1,0,30.0,22,0,0,0,31,2,0,2,9,100000,1,1,4,3,1,0,0,0,0
0,1,1,55.0,22,3,0,0,31,2,0,2,9,100000,1,1,4,3,1,1,0,0,0
0,1,2,30.0,10,2,1,0,31,2,0,2,9,100000,1,1,4,3,1,1,0,0,1
0,1,2,80.0,22,2,1,0,31,2,0,2,9,100000,1,1,4,3,1,1,0,0,1
0,3,0,80.0,22,0,1,0,31,2,0,2,9,100000,1,1,4,3,1,1,0,0,1
0,3,0,30.0,10,3,1,0,31,2,0,2,9,100000,1,1,4,3,1,1,0,0,1
0,3,1,55.0,10,2,0,0,31,2,0,2,9,100000,1,1,4,3,1,0,0,0,1
0,3,1,55.0,14,0,0,0,31,2,0,2,9,100000,1,1,4,3,1,1,0,0,0
0,3,2,30.0,14,1,0,0,31,2,0,2,9,100000,1,1,4,3,1,1,0,0,1
1,0,0,30.0,18,2,0,0,31,2,0,2,9,100000,1,1,4,3,1,1,0,1,1
1,0,2,30.0,18,1,1,0,31,2,0,2,9,100000,1,1,4,3,1,1,0,0,0
1,0,2,30.0,22,4,0,0,31,2,0,2,9,100000,1,1,4,3,1,0,0,0,0
1,3,0,80.0,18,1,1,0,31,2,0,2,9,100000,1,1,4,3,1,0,0,1,1
1,0,0,80.0,18,3,0,0,31,2,0,2,9,100000,1,1,4,3,1,0,0,1,0
2,0,1,55.0,7,0,0,0,31,2,0,2,9,100000,1,1,4,3,1,1,1,0,0
2,0,2,30.0,7,0,0,0,31,2,0,2,9,100000,1,1,4,3,1,1,1,0,0
2,0,2,30.0,7,4,1,0,31,2,0,2,9,100000,1,1,4,3,1,1,1,0,0
2,0,0,80.0,7,0,1,0,31,2,0,2,9,100000,1,1,4,3,1,0,0,1,1
0,2,1,55.0,18,2,0,1,36,2,1,4,9,50000,2,0,2,3,0,1,0,0,1
0,2,1,55.0,22,3,1,1,36,2,1,4,9,50000,2,0,2,3,0,1,0,0,0
0,2,2,30.0,18,3,1,1,36,2,1,4,9,50000,2,0,2,3,0,1,0,0,1
0,0,0,80.0,10,1,1,1,36,2,1,4,9,50000,2,0,2,3,0,1,0,0,1
0,0,0,55.0,18,1,0,1,36,2,1,4,9,50000,2,0,2,3,0,0,0,0,0
0,1,0,80.0,14,4,0,1,36,2,1,4,9,50000,2,0,2,3,0,1,0,0,1
0,1,0,80.0,18,1,1,1,36,2,1,4,9,50000,2,0,2,3,0,0,0,0,1
0,1,0,30.0,22,0,0,1,36,2,1,4,9,50000,2,0,2,3,0,0,0,0,1
0,1,1,55.0,22,3,0,1,36,2,1,4,9,50000,2,0,2,3,0,1,0,0,0
0,1,2,30.0,10,2,1,1,36,2,1,4,9,50000,2,0,2,3,0,1,0,0,1
0,1,2,30.0,22,2,1,1,36,2,1,4,9,50000,2,0,2,3,0,1,0,0,1
0,2,0,80.0,14,4,1,1,36,2,1,4,9,50000,2,0,2,3,0,0,0,0,0
0,2,0,55.0,14,1,1,1,36,2,1,4,9,50000,2,0,2,3,0,1,0,0,0
1,0,0,30.0,18,2,0,1,36,2,1,4,9,50000,2,0,2,3,0,1,0,1,1
1,0,2,30.0,18,1,1,1,36,2,1,4,9,50000,2,0,2,3,0,1,0,0,0
1,0,2,30.0,22,4,0,1,36,2,1,4,9,50000,2,0,2,3,0,0,0,0,0
1,0,0,80.0,18,3,0,1,36,2,1,4,9,50000,2,0,2,3,0,0,0,1,0
1,3,0,30.0,22,2,0,1,36,2,1,4,9,50000,2,0,2,3,0,1,0,0,1
2,0,1,55.0,7,0,0,1,36,2,1,4,9,50000,2,0,2,3,0,1,1,0,1
2,0,2,30.0,7,0,0,1,36,2,1,4,9,50000,2,0,2,3,0,1,1,0,0
2,0,2,30.0,7,4,1,1,36,2,1,4,9,50000,2,0,2,3,0,1,1,0,1
2,0,0,80.0,7,0,1,1,36,2,1,4,9,50000,2,0,2,3,0,0,0,1,1
0,2,1,55.0,18,2,0,0,31,2,1,5,3,12500,0,2,1,2,2,1,0,0,0
0,2,1,55.0,22,3,1,0,31,2,1,5,3,12500,0,2,1,2,2,1,0,0,0
0,2,2,30.0,18,3,1,0,31,2,1,5,3,12500,0,2,1,2,2,1,0,0,0
0,0,0,80.0,10,1,1,0,31,2,1,5,3,12500,0,2,1,2,2,1,0,0,1
0,0,0,55.0,18,1,0,0,31,2,1,5,3,12500,0,2,1,2,2,0,0,0,1
0,1,0,80.0,14,4,0,0,31,2,1,5,3,12500,0,2,1,2,2,1,0,0,1
0,1,0,80.0,18,1,1,0,31,2,1,5,3,12500,0,2,1,2,2,0,0,0,1
0,1,0,30.0,22,0,0,0,31,2,1,5,3,12500,0,2,1,2,2,0,0,0,1
0,1,1,55.0,22,3,0,0,31,2,1,5,3,12500,0,2,1,2,2,1,0,0,0
0,1,2,30.0,10,2,1,0,31,2,1,5,3,12500,0,2,1,2,2,1,0,0,0
0,1,2,30.0,22,2,1,0,31,2,1,5,3,12500,0,2,1,2,2,1,0,0,0
0,2,0,80.0,14,4,1,0,31,2,1,5,3,12500,0,2,1,2,2,0,0,0,0
0,2,0,55.0,14,1,1,0,31,2,1,5,3,12500,0,2,1,2,2,1,0,0,0
1,0,0,80.0,18,2,0,0,31,2,1,5,3,12500,0,2,1,2,2,1,0,1,1
1,0,2,30.0,18,1,1,0,31,2,1,5,3,12500,0,2,1,2,2,1,0,0,0
1,0,2,30.0,22,4,0,0,31,2,1,5,3,12500,0,2,1,2,2,0,0,0,1
1,0,0,80.0,18,3,0,0,31,2,1,5,3,12500,0,2,1,2,2,0,0,1,0
1,3,0,30.0,22,2,0,0,31,2,1,5,3,12500,0,2,1,2,2,1,0,0,0
2,0,1,55.0,7,0,0,0,31,2,1,5,3,12500,0,2,1,2,2,1,1,0,1
2,0,2,30.0,7,0,0,0,31,2,1,5,3,12500,0,2,1,2,2,1,1,0,0
2,0,2,30.0,7,4,1,0,31,2,1,5,3,12500,0,2,1,2,2,1,1,0,0
2,0,0,80.0,7,0,1,0,31,2,1,5,3,12500,0,2,1,2,2,0,0,1,1
0,0,0,80.0,10,1,1,0,51,3,1,4,16,0,0,3,4,4,1,1,0,0,1
0,1,0,80.0,10,0,1,0,51,3,1,4,16,0,0,3,4,4,1,0,0,0,1
0,0,0,55.0,18,1,0,0,51,3,1,4,16,0,0,3,4,4,1,0,0,0,0
0,1,0,80.0,14,4,0,0,51,3,1,4,16,0,0,3,4,4,1,1,0,0,0
0,1,0,80.0,18,1,1,0,51,3,1,4,16,0,0,3,4,4,1,0,0,0,1
0,1,0,55.0,10,1,1,0,51,3,1,4,16,0,0,3,4,4,1,1,0,0,1
0,1,0,55.0,18,2,1,0,51,3,1,4,16,0,0,3,4,4,1,1,0,0,1
0,1,0,30.0,22,0,0,0,51,3,1,4,16,0,0,3,4,4,1,0,0,0,0
0,1,1,55.0,22,3,0,0,51,3,1,4,16,0,0,3,4,4,1,1,0,0,0
0,1,2,30.0,10,2,1,0,51,3,1,4,16,0,0,3,4,4,1,1,0,0,1
0,1,2,30.0,22,2,1,0,51,3,1,4,16,0,0,3,4,4,1,1,0,0,1
0,0,0,80.0,10,1,1,0,51,3,1,4,16,0,0,3,4,4,1,0,0,0,1
1,0,0,30.0,18,2,0,0,51,3,1,4,16,0,0,3,4,4,1,1,0,1,1
1,0,1,55.0,22,1,1,0,51,3,1,4,16,0,0,3,4,4,1,0,0,1,1
1,0,2,30.0,18,1,1,0,51,3,1,4,16,0,0,3,4,4,1,1,0,0,0
1,0,2,30.0,22,4,0,0,51,3,1,4,16,0,0,3,4,4,1,0,0,0,0
1,0,0,80.0,18,3,0,0,51,3,1,4,16,0,0,3,4,4,1,0,0,1,0
2,0,1,55.0,7,0,0,0,51,3,1,4,16,0,0,3,4,4,1,1,1,0,1
2,0,1,55.0,7,4,1,0,51,3,1,4,16,0,0,3,4,4,1,1,1,0,1
2,0,2,30.0,7,0,0,0,51,3,1,4,16,0,0,3,4,4,1,1,1,0,1
2,0,2,30.0,7,4,1,0,51,3,1,4,16,0,0,3,4,4,1,1,1,0,0
2,0,0,80.0,7,0,1,0,51,3,1,4,16,0,0,3,4,4,1,0,0,1,1
0,0,0,80.0,10,1,1,1,21,0,0,1,6,37500,0,1,3,3,1,1,0,0,1
0,0,0,55.0,18,1,0,1,21,0,0,1,6,37500,0,1,3,3,1,0,0,0,1
0,1,0,80.0,14,4,0,1,21,0,0,1,6,37500,0,1,3,3,1,1,0,0,1
0,1,0,80.0,18,1,1,1,21,0,0,1,6,37500,0,1,3,3,1,0,0,0,1
0,1,0,30.0,22,0,0,1,21,0,0,1,6,37500,0,1,3,3,1,0,0,0,1
0,1,1,55.0,22,3,0,1,21,0,0,1,6,37500,0,1,3,3,1,1,0,0,1
0,1,2,30.0,10,2,1,1,21,0,0,1,6,37500,0,1,3,3,1,1,0,0,1
0,1,2,30.0,22,2,1,1,21,0,0,1,6,37500,0,1,3,3,1,1,0,0,1
0,3,0,80.0,22,0,1,1,21,0,0,1,6,37500,0,1,3,3,1,1,0,0,1
0,3,0,30.0,10,3,1,1,21,0,0,1,6,37500,0,1,3,3,1,1,0,0,0
0,3,1,55.0,10,2,0,1,21,0,0,1,6,37500,0,1,3,3,1,0,0,0,0
0,3,1,55.0,14,0,0,1,21,0,0,1,6,37500,0,1,3,3,1,1,0,0,1
0,3,2,30.0,14,1,0,1,21,0,0,1,6,37500,0,1,3,3,1,1,0,0,1
1,0,0,30.0,18,2,0,1,21,0,0,1,6,37500,0,1,3,3,1,1,0,1,1
1,0,2,30.0,18,1,1,1,21,0,0,1,6,37500,0,1,3,3,1,1,0,0,1
1,0,2,30.0,22,4,0,1,21,0,0,1,6,37500,0,1,3,3,1,0,0,0,0
1,3,0,80.0,18,1,1,1,21,0,0,1,6,37500,0,1,3,3,1,0,0,1,1
1,0,0,80.0,18,3,0,1,21,0,0,1,6,37500,0,1,3,3,1,0,0,1,1
2,0,1,55.0,7,0,0,1,21,0,0,1,6,37500,0,1,3,3,1,1,1,0,0
2,0,2,80.0,7,0,0,1,21,0,0,1,6,37500,0,1,3,3,1,1,1,0,0
2,0,2,30.0,7,4,1,1,21,0,0,1,6,37500,0,1,3,3,1,1,1,0,0
2,0,0,80.0,7,0,1,1,21,0,0,1,6,37500,0,1,3,3,1,0,0,1,1
0,0,0,80.0,10,1,1,1,26,2,0,3,23,37500,1,1,2,2,1,1,0,0,1
0,0,0,55.0,18,1,0,1,26,2,0,3,23,37500,1,1,2,2,1,0,0,0,0
0,1,0,80.0,14,4,0,1,26,2,0,3,23,37500,1,1,2,2,1,1,0,0,1
0,1,0,80.0,18,1,1,1,26,2,0,3,23,37500,1,1,2,2,1,0,0,0,1
0,1,0,30.0,22,0,0,1,26,2,0,3,23,37500,1,1,2,2,1,0,0,0,1
0,1,1,55.0,22,3,0,1,26,2,0,3,23,37500,1,1,2,2,1,1,0,0,0
0,1,2,30.0,10,2,1,1,26,2,0,3,23,37500,1,1,2,2,1,1,0,0,1
0,1,2,30.0,22,2,1,1,26,2,0,3,23,37500,1,1,2,2,1,1,0,0,1
0,3,0,80.0,22,0,1,1,26,2,0,3,23,37500,1,1,2,2,1,1,0,0,1
0,3,0,30.0,10,3,1,1,26,2,0,3,23,37500,1,1,2,2,1,1,0,0,1
0,3,1,55.0,10,2,0,1,26,2,0,3,23,37500,1,1,2,2,1,0,0,0,1
0,3,1,55.0,14,0,0,1,26,2,0,3,23,37500,1,1,2,2,1,1,0,0,0
0,3,2,30.0,14,1,0,1,26,2,0,3,23,37500,1,1,2,2,1,1,0,0,1
1,0,0,30.0,18,2,0,1,26,2,0,3,23,37500,1,1,2,2,1,1,0,1,1
1,0,2,30.0,18,1,1,1,26,2,0,3,23,37500,1,1,2,2,1,1,0,0,0
1,0,2,30.0,22,4,0,1,26,2,0,3,23,37500,1,1,2,2,1,0,0,0,0
1,3,0,80.0,18,1,1,1,26,2,0,3,23,37500,1,1,2,2,1,0,0,1,1
1,0,0,80.0,18,3,0,1,26,2,0,3,23,37500,1,1,2,2,1,0,0,1,0
2,0,1,55.0,7,0,0,1,26,2,0,3,23,37500,1,1,2,2,1,1,1,0,0
2,0,2,30.0,7,0,0,1,26,2,0,3,23,37500,1,1,2,2,1,1,1,0,0
2,0,2,30.0,7,4,1,1,26,2,0,3,23,37500,1,1,2,2,1,1,1,0,0
2,0,0,80.0,7,0,1,1,26,2,0,3,23,37500,1,1,2,2,1,0,0,1,1
0,0,0,80.0,10,1,1,1,26,1,0,2,18,62500,3,1,4,3,1,1,0,0,1
0,1,0,80.0,10,0,1,1,26,1,0,2,18,62500,3,1,4,3,1,0,0,0,1
0,0,0,55.0,18,1,0,1,26,1,0,2,18,62500,3,1,4,3,1,0,0,0,1
0,1,0,80.0,14,4,0,1,26,1,0,2,18,62500,3,1,4,3,1,1,0,0,1
0,1,0,80.0,18,1,1,1,26,1,0,2,18,62500,3,1,4,3,1,0,0,0,1
0,1,0,55.0,10,1,1,1,26,1,0,2,18,62500,3,1,4,3,1,1,0,0,1
0,1,0,55.0,18,2,1,1,26,1,0,2,18,62500,3,1,4,3,1,1,0,0,1
0,1,0,30.0,22,0,0,1,26,1,0,2,18,62500,3,1,4,3,1,0,0,0,1
0,1,1,55.0,22,3,0,1,26,1,0,2,18,62500,3,1,4,3,1,1,0,0,1
0,1,2,30.0,10,2,1,1,26,1,0,2,18,62500,3,1,4,3,1,1,0,0,1
0,1,2,30.0,22,2,1,1,26,1,0,2,18,62500,3,1,4,3,1,1,0,0,1
0,0,0,80.0,10,1,1,1,26,1,0,2,18,62500,3,1,4,3,1,0,0,0,1
1,0,0,30.0,18,2,0,1,26,1,0,2,18,62500,3,1,4,3,1,1,0,1,1
1,0,1,55.0,22,1,1,1,26,1,0,2,18,62500,3,1,4,3,1,0,0,1,0
1,0,2,30.0,18,1,1,1,26,1,0,2,18,62500,3,1,4,3,1,1,0,0,0
1,0,2,30.0,22,4,0,1,26,1,0,2,18,62500,3,1,4,3,1,0,0,0,0
1,0,0,80.0,18,3,0,1,26,1,0,2,18,62500,3,1,4,3,1,0,0,1,1
2,0,1,55.0,7,0,0,1,26,1,0,2,18,62500,3,1,4,3,1,1,1,0,0
2,0,1,55.0,7,4,1,1,26,1,0,2,18,62500,3,1,4,3,1,1,1,0,0
2,0,2,30.0,7,0,0,1,26,1,0,2,18,62500,3,1,4,3,1,1,1,0,0
2,0,2,30.0,7,4,1,1,26,1,0,2,18,62500,3,1,4,3,1,1,1,0,0
2,0,0,80.0,7,0,1,1,26,1,0,2,18,62500,3,1,4,3,1,0,0,1,1
0,0,0,80.0,10,1,1,1,31,2,0,5,3,62500,1,1,3,3,1,1,0,0,1
0,0,0,55.0,18,1,0,1,31,2,0,5,3,62500,1,1,3,3,1,0,0,0,0
0,1,0,80.0,14,4,0,1,31,2,0,5,3,62500,1,1,3,3,1,1,0,0,1
0,1,0,80.0,18,1,1,1,31,2,0,5,3,62500,1,1,3,3,1,0,0,0,0
0,1,0,30.0,22,0,0,1,31,2,0,5,3,62500,1,1,3,3,1,0,0,0,0
0,1,1,55.0,22,3,0,1,31,2,0,5,3,62500,1,1,3,3,1,1,0,0,0
0,1,2,30.0,10,2,1,1,31,2,0,5,3,62500,1,1,3,3,1,1,0,0,1
0,1,2,30.0,22,2,1,1,31,2,0,5,3,62500,1,1,3,3,1,1,0,0,1
0,3,0,80.0,22,0,1,1,31,2,0,5,3,62500,1,1,3,3,1,1,0,0,1
0,3,0,30.0,10,3,1,1,31,2,0,5,3,62500,1,1,3,3,1,1,0,0,0
0,3,1,55.0,10,2,0,1,31,2,0,5,3,62500,1,1,3,3,1,0,0,0,1
0,3,1,55.0,14,0,0,1,31,2,0,5,3,62500,1,1,3,3,1,1,0,0,0
0,3,2,30.0,14,1,0,1,31,2,0,5,3,62500,1,1,3,3,1,1,0,0,0
1,0,0,30.0,18,2,0,1,31,2,0,5,3,62500,1,1,3,3,1,1,0,1,1
1,0,2,30.0,18,1,1,1,31,2,0,5,3,62500,1,1,3,3,1,1,0,0,1
1,0,2,30.0,22,4,0,1,31,2,0,5,3,62500,1,1,3,3,1,0,0,0,0
1,3,0,80.0,18,1,1,1,31,2,0,5,3,62500,1,1,3,3,1,0,0,1,0
1,0,0,80.0,18,3,0,1,31,2,0,5,3,62500,1,1,3,3,1,0,0,1,0
2,0,1,55.0,7,0,0,1,31,2,0,5,3,62500,1,1,3,3,1,1,1,0,0
2,0,2,30.0,7,0,0,1,31,2,0,5,3,62500,1,1,3,3,1,1,1,0,0
2,0,2,30.0,7,4,1,1,31,2,0,5,3,62500,1,1,3,3,1,1,1,0,0
2,0,0,80.0,7,0,1,1,31,2,0,5,3,62500,1,1,3,3,1,0,0,1,1
0,2,1,55.0,18,2,0,0,41,2,1,4,11,100000,2,1,1,2,2,1,0,0,1
0,2,1,55.0,22,3,1,0,41,2,1,4,11,100000,2,1,1,2,2,1,0,0,0
0,2,2,30.0,18,3,1,0,41,2,1,4,11,100000,2,1,1,2,2,1,0,0,0
0,0,0,80.0,10,1,1,0,41,2,1,4,11,100000,2,1,1,2,2,1,0,0,0
0,0,0,55.0,18,1,0,0,41,2,1,4,11,100000,2,1,1,2,2,0,0,0,0
0,1,0,80.0,14,4,0,0,41,2,1,4,11,100000,2,1,1,2,2,1,0,0,0
0,1,0,80.0,18,1,1,0,41,2,1,4,11,100000,2,1,1,2,2,0,0,0,1
0,1,0,30.0,22,0,0,0,41,2,1,4,11,100000,2,1,1,2,2,0,0,0,0
0,1,1,55.0,22,3,0,0,41,2,1,4,11,100000,2,1,1,2,2,1,0,0,1
0,1,2,30.0,10,2,1,0,41,2,1,4,11,100000,2,1,1,2,2,1,0,0,0
0,1,2,30.0,22,2,1,0,41,2,1,4,11,100000,2,1,1,2,2,1,0,0,0
0,2,0,80.0,14,4,1,0,41,2,1,4,11,100000,2,1,1,2,2,0,0,0,0
0,2,0,55.0,14,1,1,0,41,2,1,4,11,100000,2,1,1,2,2,1,0,0,1
1,0,0,30.0,18,2,0,0,41,2,1,4,11,100000,2,1,1,2,2,1,0,1,1
1,0,2,30.0,18,1,1,0,41,2,1,4,11,100000,2,1,1,2,2,1,0,0,0
1,0,2,30.0,22,4,0,0,41,2,1,4,11,100000,2,1,1,2,2,0,0,0,0
1,0,0,80.0,18,3,0,0,41,2,1,4,11,100000,2,1,1,2,2,0,0,1,0
1,3,0,30.0,22,2,0,0,41,2,1,4,11,100000,2,1,1,2,2,1,0,0,0
2,0,1,55.0,7,0,0,0,41,2,1,4,11,100000,2,1,1,2,2,1,1,0,0
2,0,2,30.0,7,0,0,0,41,2,1,4,11,100000,2,1,1,2,2,1,1,0,0
2,0,2,30.0,7,4,1,0,41,2,1,4,11,100000,2,1,1,2,2,1,1,0,0
2,0,0,80.0,7,0,1,0,41,2,1,4,11,100000,2,1,1,2,2,0,0,1,1
0,2,1,55.0,18,2,0,1,31,2,1,2,14,37500,0,0,3,3,2,1,0,0,1
0,2,1,55.0,22,3,1,1,31,2,1,2,14,37500,0,0,3,3,2,1,0,0,0
0,2,2,30.0,18,3,1,1,31,2,1,2,14,37500,0,0,3,3,2,1,0,0,0
0,0,0,80.0,10,1,1,1,31,2,1,2,14,37500,0,0,3,3,2,1,0,0,1
0,0,0,55.0,18,1,0,1,31,2,1,2,14,37500,0,0,3,3,2,0,0,0,0
0,1,0,80.0,14,4,0,1,31,2,1,2,14,37500,0,0,3,3,2,1,0,0,0
0,1,0,80.0,18,1,1,1,31,2,1,2,14,37500,0,0,3,3,2,0,0,0,0
0,1,0,30.0,22,0,0,1,31,2,1,2,14,37500,0,0,3,3,2,0,0,0,1
0,1,1,55.0,22,3,0,1,31,2,1,2,14,37500,0,0,3,3,2,1,0,0,1
0,1,2,80.0,10,2,1,1,31,2,1,2,14,37500,0,0,3,3,2,1,0,0,1
0,1,2,30.0,22,2,1,1,31,2,1,2,14,37500,0,0,3,3,2,1,0,0,1
0,2,0,80.0,14,4,1,1,31,2,1,2,14,37500,0,0,3,3,2,0,0,0,0
0,2,0,55.0,14,1,1,1,31,2,1,2,14,37500,0,0,3,3,2,1,0,0,0
1,0,0,30.0,18,2,0,1,31,2,1,2,14,37500,0,0,3,3,2,1,0,1,1
1,0,2,30.0,18,1,1,1,31,2,1,2,14,37500,0,0,3,3,2,1,0,0,0
1,0,2,30.0,22,4,0,1,31,2,1,2,14,37500,0,0,3,3,2,0,0,0,0
1,0,0,80.0,18,3,0,1,31,2,1,2,14,37500,0,0,3,3,2,0,0,1,1
1,3,0,30.0,22,2,0,1,31,2,1,2,14,37500,0,0,3,3,2,1,0,0,1
2,0,1,55.0,7,0,0,1,31,2,1,2,14,37500,0,0,3,3,2,1,1,0,1
2,0,2,30.0,7,0,0,1,31,2,1,2,14,37500,0,0,3,3,2,1,1,0,1
2,0,2,30.0,7,4,1,1,31,2,1,2,14,37500,0,0,3,3,2,1,1,0,0
2,0,0,80.0,7,0,1,1,31,2,1,2,14,37500,0,0,3,3,2,0,0,1,1
0,0,0,80.0,10,1,1,1,46,1,0,5,9,37500,0,4,2,3,1,1,0,0,1
0,1,0,80.0,10,0,1,1,46,1,0,5,9,37500,0,4,2,3,1,0,0,0,1
0,0,0,55.0,18,1,0,1,46,1,0,5,9,37500,0,4,2,3,1,0,0,0,1
0,1,0,80.0,14,4,0,1,46,1,0,5,9,37500,0,4,2,3,1,1,0,0,0
0,1,0,80.0,18,1,1,1,46,1,0,5,9,37500,0,4,2,3,1,0,0,0,1
0,1,0,55.0,10,1,1,1,46,1,0,5,9,37500,0,4,2,3,1,1,0,0,1
0,1,0,55.0,18,2,1,1,46,1,0,5,9,37500,0,4,2,3,1,1,0,0,1
0,1,0,30.0,22,0,0,1,46,1,0,5,9,37500,0,4,2,3,1,0,0,0,1
0,1,1,55.0,22,3,0,1,46,1,0,5,9,37500,0,4,2,3,1,1,0,0,0
0,1,2,30.0,10,2,1,1,46,1,0,5,9,37500,0,4,2,3,1,1,0,0,1
0,1,2,30.0,22,2,1,1,46,1,0,5,9,37500,0,4,2,3,1,1,0,0,0
0,0,0,80.0,10,1,1,1,46,1,0,5,9,37500,0,4,2,3,1,0,0,0,1
1,0,0,30.0,18,2,0,1,46,1,0,5,9,37500,0,4,2,3,1,1,0,1,1
1,0,1,55.0,22,1,1,1,46,1,0,5,9,37500,0,4,2,3,1,0,0,1,1
1,0,2,30.0,18,1,1,1,46,1,0,5,9,37500,0,4,2,3,1,1,0,0,1
1,0,2,30.0,22,4,0,1,46,1,0,5,9,37500,0,4,2,3,1,0,0,0,0
1,0,0,80.0,18,3,0,1,46,1,0,5,9,37500,0,4,2,3,1,0,0,1,0
2,0,1,55.0,7,0,0,1,46,1,0,5,9,37500,0,4,2,3,1,1,1,0,0
2,0,1,55.0,7,4,1,1,46,1,0,5,9,37500,0,4,2,3,1,1,1,0,0
2,0,2,30.0,7,0,0,1,46,1,0,5,9,37500,0,4,2,3,1,1,1,0,0
2,0,2,30.0,7,4,1,1,46,1,0,5,9,37500,0,4,2,3,1,1,1,0,0
2,0,0,80.0,7,0,1,1,46,1,0,5,9,37500,0,4,2,3,1,0,0,1,1
0,2,1,55.0,18,2,0,0,51,2,1,2,8,37500,0,2,0,2,1,1,0,0,0
0,2,1,55.0,22,3,1,0,51,2,1,2,8,37500,0,2,0,2,1,1,0,0,0
0,2,2,30.0,18,3,1,0,51,2,1,2,8,37500,0,2,0,2,1,1,0,0,0
0,0,0,80.0,10,1,1,0,51,2,1,2,8,37500,0,2,0,2,1,1,0,0,1
0,0,0,55.0,18,1,0,0,51,2,1,2,8,37500,0,2,0,2,1,0,0,0,1
0,1,0,80.0,14,4,0,0,51,2,1,2,8,37500,0,2,0,2,1,1,0,0,1
0,1,0,80.0,18,1,1,0,51,2,1,2,8,37500,0,2,0,2,1,0,0,0,0
0,1,0,30.0,22,0,0,0,51,2,1,2,8,37500,0,2,0,2,1,0,0,0,0
0,1,1,55.0,22,3,0,0,51,2,1,2,8,37500,0,2,0,2,1,1,0,0,0
0,1,2,30.0,10,2,1,0,51,2,1,2,8,37500,0,2,0,2,1,1,0,0,1
0,1,2,30.0,22,2,1,0,51,2,1,2,8,37500,0,2,0,2,1,1,0,0,0
0,2,0,80.0,14,4,1,0,51,2,1,2,8,37500,0,2,0,2,1,0,0,0,1
0,2,0,55.0,14,1,1,0,51,2,1,2,8,37500,0,2,0,2,1,1,0,0,1
1,0,0,30.0,18,2,0,0,51,2,1,2,8,37500,0,2,0,2,1,1,0,1,1
1,0,2,30.0,18,1,1,0,51,2,1,2,8,37500,0,2,0,2,1,1,0,0,1
1,0,2,80.0,22,4,0,0,51,2,1,2,8,37500,0,2,0,2,1,0,0,0,0
1,0,0,80.0,18,3,0,0,51,2,1,2,8,37500,0,2,0,2,1,0,0,1,0
1,3,0,30.0,22,2,0,0,51,2,1,2,8,37500,0,2,0,2,1,1,0,0,0
2,0,1,55.0,7,0,0,0,51,2,1,2,8,37500,0,2,0,2,1,1,1,0,0
2,0,2,30.0,7,0,0,0,51,2,1,2,8,37500,0,2,0,2,1,1,1,0,0
2,0,2,30.0,7,4,1,0,51,2,1,2,8,37500,0,2,0,2,1,1,1,0,0
2,0,0,80.0,7,0,1,0,51,2,1,2,8,37500,0,2,0,2,1,0,0,1,1
0,2,1,55.0,18,2,0,1,36,0,1,3,0,25000,0,0,2,1,0,1,0,0,1
0,2,1,55.0,22,3,1,1,36,0,1,3,0,25000,0,0,2,1,0,1,0,0,0
0,2,2,30.0,18,3,1,1,36,0,1,3,0,25000,0,0,2,1,0,1,0,0,0
0,0,0,80.0,10,1,1,1,36,0,1,3,0,25000,0,0,2,1,0,1,0,0,0
0,0,0,55.0,18,1,0,1,36,0,1,3,0,25000,0,0,2,1,0,0,0,0,0
0,1,0,80.0,14,4,0,1,36,0,1,3,0,25000,0,0,2,1,0,1,0,0,0
0,1,0,80.0,18,1,1,1,36,0,1,3,0,25000,0,0,2,1,0,0,0,0,0
0,1,0,30.0,22,0,0,1,36,0,1,3,0,25000,0,0,2,1,0,0,0,0,1
0,1,1,55.0,22,3,0,1,36,0,1,3,0,25000,0,0,2,1,0,1,0,0,0
0,1,2,30.0,10,2,1,1,36,0,1,3,0,25000,0,0,2,1,0,1,0,0,1
0,1,2,30.0,22,2,1,1,36,0,1,3,0,25000,0,0,2,1,0,1,0,0,1
0,2,0,80.0,14,4,1,1,36,0,1,3,0,25000,0,0,2,1,0,0,0,0,1
0,2,0,55.0,14,1,1,1,36,0,1,3,0,25000,0,0,2,1,0,1,0,0,0
1,0,0,30.0,18,2,0,1,36,0,1,3,0,25000,0,0,2,1,0,1,0,1,0
1,0,2,30.0,18,1,1,1,36,0,1,3,0,25000,0,0,2,1,0,1,0,0,0
1,0,2,30.0,22,4,0,1,36,0,1,3,0,25000,0,0,2,1,0,0,0,0,0
1,0,0,80.0,18,3,0,1,36,0,1,3,0,25000,0,0,2,1,0,0,0,1,0
1,3,0,30.0,22,2,0,1,36,0,1,3,0,25000,0,0,2,1,0,1,0,0,1
2,0,1,55.0,7,0,0,1,36,0,1,3,0,25000,0,0,2,1,0,1,1,0,0
2,0,2,30.0,7,0,0,1,36,0,1,3,0,25000,0,0,2,1,0,1,1,0,0
2,0,2,30.0,7,4,1,1,36,0,1,3,0,25000,0,0,2,1,0,1,1,0,0
2,0,0,80.0,7,0,1,1,36,0,1,3,0,25000,0,0,2,1,0,0,0,1,0
0,2,1,55.0,18,2,0,1,51,2,1,5,5,100000,2,2,4,3,1,1,0,0,1
0,2,1,55.0,22,3,1,1,51,2,1,5,5,100000,2,2,4,3,1,1,0,0,0
0,2,2,30.0,18,3,1,1,51,2,1,5,5,100000,2,2,4,3,1,1,0,0,0
0,0,0,80.0,10,1,1,1,51,2,1,5,5,100000,2,2,4,3,1,1,0,0,1
0,0,0,55.0,18,1,0,1,51,2,1,5,5,100000,2,2,4,3,1,0,0,0,1
0,1,0,80.0,14,4,0,1,51,2,1,5,5,100000,2,2,4,3,1,1,0,0,1
0,1,0,80.0,18,1,1,1,51,2,1,5,5,100000,2,2,4,3,1,0,0,0,1
0,1,0,30.0,22,0,0,1,51,2,1,5,5,100000,2,2,4,3,1,0,0,0,0
0,1,1,55.0,22,3,0,1,51,2,1,5,5,100000,2,2,4,3,1,1,0,0,0
0,1,2,30.0,10,2,1,1,51,2,1,5,5,100000,2,2,4,3,1,1,0,0,1
0,1,2,30.0,22,2,1,1,51,2,1,5,5,100000,2,2,4,3,1,1,0,0,1
0,2,0,80.0,14,4,1,1,51,2,1,5,5,100000,2,2,4,3,1,0,0,0,1
0,2,0,55.0,14,1,1,1,51,2,1,5,5,100000,2,2,4,3,1,1,0,0,1
1,0,0,30.0,18,2,0,1,51,2,1,5,5,100000,2,2,4,3,1,1,0,1,1
1,0,2,30.0,18,1,1,1,51,2,1,5,5,100000,2,2,4,3,1,1,0,0,1
1,0,2,30.0,22,4,0,1,51,2,1,5,5,100000,2,2,4,3,1,0,0,0,0
1,0,0,80.0,18,3,0,1,51,2,1,5,5,100000,2,2,4,3,1,0,0,1,0
1,3,0,30.0,22,2,0,1,51,2,1,5,5,100000,2,2,4,3,1,1,0,0,1
2,0,1,55.0,7,0,0,1,51,2,1,5,5,100000,2,2,4,3,1,1,1,0,1
2,0,2,30.0,7,0,0,1,51,2,1,5,5,100000,2,2,4,3,1,1,1,0,1
2,0,2,30.0,7,4,1,1,51,2,1,5,5,100000,2,2,4,3,1,1,1,0,0
2,0,0,80.0,7,0,1,1,51,2,1,5,5,100000,2,2,4,3,1,0,0,1,1
0,0,0,80.0,10,1,1,0,26,2,0,3,0,37500,1,2,2,2,2,1,0,0,1
0,0,0,55.0,18,1,0,0,26,2,0,3,0,37500,1,2,2,2,2,0,0,0,1
0,1,0,80.0,14,4,0,0,26,2,0,3,0,37500,1,2,2,2,2,1,0,0,1
0,1,0,80.0,18,1,1,0,26,2,0,3,0,37500,1,2,2,2,2,0,0,0,1
0,1,0,30.0,22,0,0,0,26,2,0,3,0,37500,1,2,2,2,2,0,0,0,1
0,1,1,55.0,22,3,0,0,26,2,0,3,0,37500,1,2,2,2,2,1,0,0,1
0,1,2,30.0,10,2,1,0,26,2,0,3,0,37500,1,2,2,2,2,1,0,0,1
0,1,2,30.0,22,2,1,0,26,2,0,3,0,37500,1,2,2,2,2,1,0,0,1
0,3,0,80.0,22,0,1,0,26,2,0,3,0,37500,1,2,2,2,2,1,0,0,0
0,3,0,30.0,10,3,1,0,26,2,0,3,0,37500,1,2,2,2,2,1,0,0,0
0,3,1,55.0,10,2,0,0,26,2,0,3,0,37500,1,2,2,2,2,0,0,0,1
0,3,1,55.0,14,0,0,0,26,2,0,3,0,37500,1,2,2,2,2,1,0,0,0
0,3,2,30.0,14,1,0,0,26,2,0,3,0,37500,1,2,2,2,2,1,0,0,1
1,0,0,30.0,18,2,0,0,26,2,0,3,0,37500,1,2,2,2,2,1,0,1,1
1,0,2,30.0,18,1,1,0,26,2,0,3,0,37500,1,2,2,2,2,1,0,0,1
1,0,2,30.0,22,4,0,0,26,2,0,3,0,37500,1,2,2,2,2,0,0,0,0
1,3,0,80.0,18,1,1,0,26,2,0,3,0,37500,1,2,2,2,2,0,0,1,1
1,0,0,80.0,18,3,0,0,26,2,0,3,0,37500,1,2,2,2,2,0,0,1,0
2,0,1,55.0,7,0,0,0,26,2,0,3,0,37500,1,2,2,2,2,1,1,0,0
2,0,2,30.0,7,0,0,0,26,2,0,3,0,37500,1,2,2,2,2,1,1,0,0
2,0,2,30.0,7,4,1,0,26,2,0,3,0,37500,1,2,2,2,2,1,1,0,0
2,0,0,80.0,7,0,1,0,26,2,0,3,0,37500,1,2,2,2,2,0,0,1,1
0,0,0,80.0,10,1,1,1,26,1,0,4,6,75000,0,0,1,1,1,1,0,0,0
0,0,0,55.0,18,1,0,1,26,1,0,4,6,75000,0,0,1,1,1,0,0,0,0
0,1,0,80.0,14,4,0,1,26,1,0,4,6,75000,0,0,1,1,1,1,0,0,1
0,1,0,80.0,18,1,1,1,26,1,0,4,6,75000,0,0,1,1,1,0,0,0,0
0,1,0,30.0,22,0,0,1,26,1,0,4,6,75000,0,0,1,1,1,0,0,0,1
0,1,1,55.0,22,3,0,1,26,1,0,4,6,75000,0,0,1,1,1,1,0,0,0
0,1,2,30.0,10,2,1,1,26,1,0,4,6,75000,0,0,1,1,1,1,0,0,1
0,1,2,30.0,22,2,1,1,26,1,0,4,6,75000,0,0,1,1,1,1,0,0,1
0,3,0,80.0,22,0,1,1,26,1,0,4,6,75000,0,0,1,1,1,1,0,0,1
0,3,0,30.0,10,3,1,1,26,1,0,4,6,75000,0,0,1,1,1,1,0,0,0
0,3,1,55.0,10,2,0,1,26,1,0,4,6,75000,0,0,1,1,1,0,0,0,0
0,3,1,55.0,14,0,0,1,26,1,0,4,6,75000,0,0,1,1,1,1,0,0,1
0,3,2,30.0,14,1,0,1,26,1,0,4,6,75000,0,0,1,1,1,1,0,0,0
1,0,0,30.0,18,2,0,1,26,1,0,4,6,75000,0,0,1,1,1,1,0,1,1
1,0,2,30.0,18,1,1,1,26,1,0,4,6,75000,0,0,1,1,1,1,0,0,0
1,0,2,30.0,22,4,0,1,26,1,0,4,6,75000,0,0,1,1,1,0,0,0,1
1,3,0,80.0,18,1,1,1,26,1,0,4,6,75000,0,0,1,1,1,0,0,1,0
1,0,0,80.0,18,3,0,1,26,1,0,4,6,75000,0,0,1,1,1,0,0,1,0
2,0,1,55.0,7,0,0,1,26,1,0,4,6,75000,0,0,1,1,1,1,1,0,1
2,0,2,30.0,7,0,0,1,26,1,0,4,6,75000,0,0,1,1,1,1,1,0,1
2,0,2,30.0,7,4,1,1,26,1,0,4,6,75000,0,0,1,1,1,1,1,0,1
2,0,0,80.0,7,0,1,1,26,1,0,4,6,75000,0,0,1,1,1,0,0,1,1
0,0,0,80.0,10,1,1,0,26,1,0,4,13,87500,4,1,2,2,2,1,0,0,0
0,1,0,80.0,10,0,1,0,26,1,0,4,13,87500,4,1,2,2,2,0,0,0,1
0,0,0,55.0,18,1,0,0,26,1,0,4,13,87500,4,1,2,2,2,0,0,0,0
0,1,0,80.0,14,4,0,0,26,1,0,4,13,87500,4,1,2,2,2,1,0,0,1
0,1,0,80.0,18,1,1,0,26,1,0,4,13,87500,4,1,2,2,2,0,0,0,0
0,1,0,80.0,10,1,1,0,26,1,0,4,13,87500,4,1,2,2,2,1,0,0,0
0,1,0,55.0,18,2,1,0,26,1,0,4,13,87500,4,1,2,2,2,1,0,0,1
0,1,0,30.0,22,0,0,0,26,1,0,4,13,87500,4,1,2,2,2,0,0,0,0
0,1,1,55.0,22,3,0,0,26,1,0,4,13,87500,4,1,2,2,2,1,0,0,1
0,1,2,30.0,10,2,1,0,26,1,0,4,13,87500,4,1,2,2,2,1,0,0,0
0,1,2,30.0,22,2,1,0,26,1,0,4,13,87500,4,1,2,2,2,1,0,0,1
0,0,0,80.0,10,1,1,0,26,1,0,4,13,87500,4,1,2,2,2,0,0,0,0
1,0,0,30.0,18,2,0,0,26,1,0,4,13,87500,4,1,2,2,2,1,0,1,1
1,0,1,55.0,22,1,1,0,26,1,0,4,13,87500,4,1,2,2,2,0,0,1,0
1,0,2,30.0,18,1,1,0,26,1,0,4,13,87500,4,1,2,2,2,1,0,0,0
1,0,2,30.0,22,4,0,0,26,1,0,4,13,87500,4,1,2,2,2,0,0,0,0
1,0,0,80.0,18,3,0,0,26,1,0,4,13,87500,4,1,2,2,2,0,0,1,1
2,0,1,55.0,7,0,0,0,26,1,0,4,13,87500,4,1,2,2,2,1,1,0,0
2,0,1,55.0,7,4,1,0,26,1,0,4,13,87500,4,1,2,2,2,1,1,0,1
2,0,2,30.0,7,0,0,0,26,1,0,4,13,87500,4,1,2,2,2,1,1,0,0
2,0,2,30.0,7,4,1,0,26,1,0,4,13,87500,4,1,2,2,2,1,1,0,1
2,0,0,80.0,7,0,1,0,26,1,0,4,13,87500,4,1,2,2,2,0,0,1,1
0,2,1,55.0,18,2,0,1,36,0,1,2,23,25000,2,1,2,2,1,1,0,0,1
0,2,1,55.0,22,3,1,1,36,0,1,2,23,25000,2,1,2,2,1,1,0,0,0
0,2,2,30.0,18,3,1,1,36,0,1,2,23,25000,2,1,2,2,1,1,0,0,0
0,0,0,80.0,10,1,1,1,36,0,1,2,23,25000,2,1,2,2,1,1,0,0,1
0,0,0,55.0,18,1,0,1,36,0,1,2,23,25000,2,1,2,2,1,0,0,0,0
0,1,0,80.0,14,4,0,1,36,0,1,2,23,25000,2,1,2,2,1,1,0,0,1
0,1,0,80.0,18,1,1,1,36,0,1,2,23,25000,2,1,2,2,1,0,0,0,1
0,1,0,30.0,22,0,0,1,36,0,1,2,23,25000,2,1,2,2,1,0,0,0,0
0,1,1,55.0,22,3,0,1,36,0,1,2,23,25000,2,1,2,2,1,1,0,0,1
0,1,2,30.0,10,2,1,1,36,0,1,2,23,25000,2,1,2,2,1,1,0,0,1
0,1,2,30.0,22,2,1,1,36,0,1,2,23,25000,2,1,2,2,1,1,0,0,1
0,2,0,80.0,14,4,1,1,36,0,1,2,23,25000,2,1,2,2,1,0,0,0,0
0,2,0,55.0,14,1,1,1,36,0,1,2,23,25000,2,1,2,2,1,1,0,0,1
1,0,0,30.0,18,2,0,1,36,0,1,2,23,25000,2,1,2,2,1,1,0,1,1
1,0,2,30.0,18,1,1,1,36,0,1,2,23,25000,2,1,2,2,1,1,0,0,1
1,0,2,30.0,22,4,0,1,36,0,1,2,23,25000,2,1,2,2,1,0,0,0,0
1,0,0,80.0,18,3,0,1,36,0,1,2,23,25000,2,1,2,2,1,0,0,1,0
1,3,0,30.0,22,2,0,1,36,0,1,2,23,25000,2,1,2,2,1,1,0,0,1
2,0,1,55.0,7,0,0,1,36,0,1,2,23,25000,2,1,2,2,1,1,1,0,0
2,0,2,30.0,7,0,0,1,36,0,1,2,23,25000,2,1,2,2,1,1,1,0,0
2,0,2,30.0,7,4,1,1,36,0,1,2,23,25000,2,1,2,2,1,1,1,0,1
2,0,0,80.0,7,0,1,1,36,0,1,2,23,25000,2,1,2,2,1,0,0,1,1
0,0,0,80.0,10,1,1,1,26,2,0,4,3,37500,0,1,2,2,1,1,0,0,1
0,0,0,55.0,18,1,0,1,26,2,0,4,3,37500,0,1,2,2,1,0,0,0,1
0,1,0,80.0,14,4,0,1,26,2,0,4,3,37500,0,1,2,2,1,1,0,0,0
0,1,0,80.0,18,1,1,1,26,2,0,4,3,37500,0,1,2,2,1,0,0,0,1
0,1,0,30.0,22,0,0,1,26,2,0,4,3,37500,0,1,2,2,1,0,0,0,1
0,1,1,55.0,22,3,0,1,26,2,0,4,3,37500,0,1,2,2,1,1,0,0,0
0,1,2,30.0,10,2,1,1,26,2,0,4,3,37500,0,1,2,2,1,1,0,0,1
0,1,2,30.0,22,2,1,1,26,2,0,4,3,37500,0,1,2,2,1,1,0,0,1
0,3,0,80.0,22,0,1,1,26,2,0,4,3,37500,0,1,2,2,1,1,0,0,1
0,3,0,30.0,10,3,1,1,26,2,0,4,3,37500,0,1,2,2,1,1,0,0,0
0,3,1,55.0,10,2,0,1,26,2,0,4,3,37500,0,1,2,2,1,0,0,0,1
0,3,1,80.0,14,0,0,1,26,2,0,4,3,37500,0,1,2,2,1,1,0,0,1
0,3,2,30.0,14,1,0,1,26,2,0,4,3,37500,0,1,2,2,1,1,0,0,0
1,0,0,30.0,18,2,0,1,26,2,0,4,3,37500,0,1,2,2,1,1,0,1,1
1,0,2,30.0,18,1,1,1,26,2,0,4,3,37500,0,1,2,2,1,1,0,0,1
1,0,2,30.0,22,4,0,1,26,2,0,4,3,37500,0,1,2,2,1,0,0,0,0
1,3,0,80.0,18,1,1,1,26,2,0,4,3,37500,0,1,2,2,1,0,0,1,1
1,0,0,80.0,18,3,0,1,26,2,0,4,3,37500,0,1,2,2,1,0,0,1,0
2,0,1,55.0,7,0,0,1,26,2,0,4,3,37500,0,1,2,2,1,1,1,0,1
2,0,2,30.0,7,0,0,1,26,2,0,4,3,37500,0,1,2,2,1,1,1,0,1
2,0,2,30.0,7,4,1,1,26,2,0,4,3,37500,0,1,2,2,1,1,1,0,0
2,0,0,80.0,7,0,1,1,26,2,0,4,3,37500,0,1,2,2,1,0,0,1,1
0,0,0,80.0,10,1,1,1,16,0,0,2,2,87500,0,2,2,2,1,1,0,0,1
0,0,0,55.0,18,1,0,1,16,0,0,2,2,87500,0,2,2,2,1,0,0,0,1
0,1,0,80.0,14,4,0,1,16,0,0,2,2,87500,0,2,2,2,1,1,0,0,0
0,1,0,80.0,18,1,1,1,16,0,0,2,2,87500,0,2,2,2,1,0,0,0,0
0,1,0,30.0,22,0,0,1,16,0,0,2,2,87500,0,2,2,2,1,0,0,0,1
0,1,1,55.0,22,3,0,1,16,0,0,2,2,87500,0,2,2,2,1,1,0,0,0
0,1,2,30.0,10,2,1,1,16,0,0,2,2,87500,0,2,2,2,1,1,0,0,1
0,1,2,30.0,22,2,1,1,16,0,0,2,2,87500,0,2,2,2,1,1,0,0,0
0,3,0,80.0,22,0,1,1,16,0,0,2,2,87500,0,2,2,2,1,1,0,0,1
0,3,0,30.0,10,3,1,1,16,0,0,2,2,87500,0,2,2,2,1,1,0,0,0
0,3,1,55.0,10,2,0,1,16,0,0,2,2,87500,0,2,2,2,1,0,0,0,0
0,3,1,55.0,14,0,0,1,16,0,0,2,2,87500,0,2,2,2,1,1,0,0,0
0,3,2,30.0,14,1,0,1,16,0,0,2,2,87500,0,2,2,2,1,1,0,0,1
1,0,0,30.0,18,2,0,1,16,0,0,2,2,87500,0,2,2,2,1,1,0,1,1
1,0,2,30.0,18,1,1,1,16,0,0,2,2,87500,0,2,2,2,1,1,0,0,1
1,0,2,30.0,22,4,0,1,16,0,0,2,2,87500,0,2,2,2,1,0,0,0,1
1,3,0,80.0,18,1,1,1,16,0,0,2,2,87500,0,2,2,2,1,0,0,1,1
1,0,0,80.0,18,3,0,1,16,0,0,2,2,87500,0,2,2,2,1,0,0,1,0
2,0,1,55.0,7,0,0,1,16,0,0,2,2,87500,0,2,2,2,1,1,1,0,1
2,0,2,30.0,7,0,0,1,16,0,0,2,2,87500,0,2,2,2,1,1,1,0,0
2,0,2,30.0,7,4,1,1,16,0,0,2,2,87500,0,2,2,2,1,1,1,0,1
2,0,0,80.0,7,0,1,1,16,0,0,2,2,87500,0,2,2,2,1,0,0,1,1
0,2,1,55.0,18,2,0,1,46,2,1,5,7,87500,1,2,2,1,2,1,0,0,1
0,2,1,55.0,22,3,1,1,46,2,1,5,7,87500,1,2,2,1,2,1,0,0,0
0,2,2,30.0,18,3,1,1,46,2,1,5,7,87500,1,2,2,1,2,1,0,0,0
0,0,0,80.0,10,1,1,1,46,2,1,5,7,87500,1,2,2,1,2,1,0,0,0
0,0,0,55.0,18,1,0,1,46,2,1,5,7,87500,1,2,2,1,2,0,0,0,1
0,1,0,80.0,14,4,0,1,46,2,1,5,7,87500,1,2,2,1,2,1,0,0,0
0,1,0,80.0,18,1,1,1,46,2,1,5,7,87500,1,2,2,1,2,0,0,0,1
0,1,0,30.0,22,0,0,1,46,2,1,5,7,87500,1,2,2,1,2,0,0,0,0
0,1,1,55.0,22,3,0,1,46,2,1,5,7,87500,1,2,2,1,2,1,0,0,1
0,1,2,30.0,10,2,1,1,46,2,1,5,7,87500,1,2,2,1,2,1,0,0,0
0,1,2,30.0,22,2,1,1,46,2,1,5,7,87500,1,2,2,1,2,1,0,0,0
0,2,0,80.0,14,4,1,1,46,2,1,5,7,87500,1,2,2,1,2,0,0,0,1
0,2,0,55.0,14,1,1,1,46,2,1,5,7,87500,1,2,2,1,2,1,0,0,1
1,0,0,30.0,18,2,0,1,46,2,1,5,7,87500,1,2,2,1,2,1,0,1,1
1,0,2,30.0,18,1,1,1,46,2,1,5,7,87500,1,2,2,1,2,1,0,0,0
1,0,2,30.0,22,4,0,1,46,2,1,5,7,87500,1,2,2,1,2,0,0,0,0
1,0,0,80.0,18,3,0,1,46,2,1,5,7,87500,1,2,2,1,2,0,0,1,1
1,3,0,80.0,22,2,0,1,46,2,1,5,7,87500,1,2,2,1,2,1,0,0,1
2,0,1,55.0,7,0,0,1,46,2,1,5,7,87500,1,2,2,1,2,1,1,0,0
2,0,2,30.0,7,0,0,1,46,2,1,5,7,87500,1,2,2,1,2,1,1,0,1
2,0,2,30.0,7,4,1,1,46,2,1,5,7,87500,1,2,2,1,2,1,1,0,0
2,0,0,80.0,7,0,1,1,46,2,1,5,7,87500,1,2,2,1,2,0,0,1,1
0,0,0,80.0,10,1,1,0,26,1,0,4,9,25000,1,1,3,2,0,1,0,0,0
0,1,0,80.0,10,0,1,0,26,1,0,4,9,25000,1,1,3,2,0,0,0,0,1
0,0,0,55.0,18,1,0,0,26,1,0,4,9,25000,1,1,3,2,0,0,0,0,0
0,1,0,80.0,14,4,0,0,26,1,0,4,9,25000,1,1,3,2,0,1,0,0,1
0,1,0,80.0,18,1,1,0,26,1,0,4,9,25000,1,1,3,2,0,0,0,0,1
0,1,0,55.0,10,1,1,0,26,1,0,4,9,25000,1,1,3,2,0,1,0,0,1
0,1,0,55.0,18,2,1,0,26,1,0,4,9,25000,1,1,3,2,0,1,0,0,1
0,1,0,30.0,22,0,0,0,26,1,0,4,9,25000,1,1,3,2,0,0,0,0,1
0,1,1,55.0,22,3,0,0,26,1,0,4,9,25000,1,1,3,2,0,1,0,0,1
0,1,2,30.0,10,2,1,0,26,1,0,4,9,25000,1,1,3,2,0,1,0,0,1
0,1,2,30.0,22,2,1,0,26,1,0,4,9,25000,1,1,3,2,0,1,0,0,1
0,0,0,80.0,10,1,1,0,26,1,0,4,9,25000,1,1,3,2,0,0,0,0,0
1,0,0,30.0,18,2,0,0,26,1,0,4,9,25000,1,1,3,2,0,1,0,1,1
1,0,1,55.0,22,1,1,0,26,1,0,4,9,25000,1,1,3,2,0,0,0,1,1
1,0,2,30.0,18,1,1,0,26,1,0,4,9,25000,1,1,3,2,0,1,0,0,1
1,0,2,30.0,22,4,0,0,26,1,0,4,9,25000,1,1,3,2,0,0,0,0,0
1,0,0,80.0,18,3,0,0,26,1,0,4,9,25000,1,1,3,2,0,0,0,1,1
2,0,1,55.0,7,0,0,0,26,1,0,4,9,25000,1,1,3,2,0,1,1,0,0
2,0,1,55.0,7,4,1,0,26,1,0,4,9,25000,1,1,3,2,0,1,1,0,1
2,0,2,30.0,7,0,0,0,26,1,0,4,9,25000,1,1,3,2,0,1,1,0,0
2,0,2,30.0,7,4,1,0,26,1,0,4,9,25000,1,1,3,2,0,1,1,0,0
2,0,0,80.0,7,0,1,0,26,1,0,4,9,25000,1,1,3,2,0,0,0,1,0
0,2,1,55.0,18,2,0,0,51,2,1,4,6,50000,3,3,2,2,1,1,0,0,1
0,2,1,55.0,22,3,1,0,51,2,1,4,6,50000,3,3,2,2,1,1,0,0,0
0,2,2,30.0,18,3,1,0,51,2,1,4,6,50000,3,3,2,2,1,1,0,0,0
0,0,0,80.0,10,1,1,0,51,2,1,4,6,50000,3,3,2,2,1,1,0,0,1
0,0,0,55.0,18,1,0,0,51,2,1,4,6,50000,3,3,2,2,1,0,0,0,0
0,1,0,80.0,14,4,0,0,51,2,1,4,6,50000,3,3,2,2,1,1,0,0,1
0,1,0,80.0,18,1,1,0,51,2,1,4,6,50000,3,3,2,2,1,0,0,0,1
0,1,0,30.0,22,0,0,0,51,2,1,4,6,50000,3,3,2,2,1,0,0,0,1
0,1,1,55.0,22,3,0,0,51,2,1,4,6,50000,3,3,2,2,1,1,0,0,1
0,1,2,30.0,10,2,1,0,51,2,1,4,6,50000,3,3,2,2,1,1,0,0,0
0,1,2,30.0,22,2,1,0,51,2,1,4,6,50000,3,3,2,2,1,1,0,0,0
0,2,0,80.0,14,4,1,0,51,2,1,4,6,50000,3,3,2,2,1,0,0,0,0
0,2,0,55.0,14,1,1,0,51,2,1,4,6,50000,3,3,2,2,1,1,0,0,0
1,0,0,30.0,18,2,0,0,51,2,1,4,6,50000,3,3,2,2,1,1,0,1,0
1,0,2,30.0,18,1,1,0,51,2,1,4,6,50000,3,3,2,2,1,1,0,0,0
1,0,2,30.0,22,4,0,0,51,2,1,4,6,50000,3,3,2,2,1,0,0,0,0
1,0,0,80.0,18,3,0,0,51,2,1,4,6,50000,3,3,2,2,1,0,0,1,1
1,3,0,30.0,22,2,0,0,51,2,1,4,6,50000,3,3,2,2,1,1,0,0,1
2,0,1,55.0,7,0,0,0,51,2,1,4,6,50000,3,3,2,2,1,1,1,0,0
2,0,2,30.0,7,0,0,0,51,2,1,4,6,50000,3,3,2,2,1,1,1,0,0
2,0,2,30.0,7,4,1,0,51,2,1,4,6,50000,3,3,2,2,1,1,1,0,0
2,0,0,80.0,7,0,1,0,51,2,1,4,6,50000,3,3,2,2,1,0,0,1,1
0,2,1,55.0,18,2,0,0,31,0,1,5,10,50000,0,0,1,1,0,1,0,0,1
0,2,1,80.0,22,3,1,0,31,0,1,5,10,50000,0,0,1,1,0,1,0,0,1
0,2,2,30.0,18,3,1,0,31,0,1,5,10,50000,0,0,1,1,0,1,0,0,0
0,0,0,80.0,10,1,1,0,31,0,1,5,10,50000,0,0,1,1,0,1,0,0,1
0,0,0,55.0,18,1,0,0,31,0,1,5,10,50000,0,0,1,1,0,0,0,0,1
0,1,0,80.0,14,4,0,0,31,0,1,5,10,50000,0,0,1,1,0,1,0,0,1
0,1,0,80.0,18,1,1,0,31,0,1,5,10,50000,0,0,1,1,0,0,0,0,1
0,1,0,30.0,22,0,0,0,31,0,1,5,10,50000,0,0,1,1,0,0,0,0,1
0,1,1,55.0,22,3,0,0,31,0,1,5,10,50000,0,0,1,1,0,1,0,0,1
0,1,2,30.0,10,2,1,0,31,0,1,5,10,50000,0,0,1,1,0,1,0,0,0
0,1,2,30.0,22,2,1,0,31,0,1,5,10,50000,0,0,1,1,0,1,0,0,1
0,2,0,80.0,14,4,1,0,31,0,1,5,10,50000,0,0,1,1,0,0,0,0,1
0,2,0,55.0,14,1,1,0,31,0,1,5,10,50000,0,0,1,1,0,1,0,0,1
1,0,0,30.0,18,2,0,0,31,0,1,5,10,50000,0,0,1,1,0,1,0,1,1
1,0,2,30.0,18,1,1,0,31,0,1,5,10,50000,0,0,1,1,0,1,0,0,0
1,0,2,30.0,22,4,0,0,31,0,1,5,10,50000,0,0,1,1,0,0,0,0,1
1,0,0,80.0,18,3,0,0,31,0,1,5,10,50000,0,0,1,1,0,0,0,1,1
1,3,0,30.0,22,2,0,0,31,0,1,5,10,50000,0,0,1,1,0,1,0,0,0
2,0,1,55.0,7,0,0,0,31,0,1,5,10,50000,0,0,1,1,0,1,1,0,0
2,0,2,30.0,7,0,0,0,31,0,1,5,10,50000,0,0,1,1,0,1,1,0,1
2,0,2,30.0,7,4,1,0,31,0,1,5,10,50000,0,0,1,1,0,1,1,0,1
2,0,0,80.0,7,0,1,0,31,0,1,5,10,50000,0,0,1,1,0,0,0,1,1
0,0,0,80.0,10,1,1,1,26,1,0,4,0,62500,3,0,3,2,1,1,0,0,0
0,1,0,80.0,10,0,1,1,26,1,0,4,0,62500,3,0,3,2,1,0,0,0,1
0,0,0,55.0,18,1,0,1,26,1,0,4,0,62500,3,0,3,2,1,0,0,0,0
0,1,0,80.0,14,4,0,1,26,1,0,4,0,62500,3,0,3,2,1,1,0,0,0
0,1,0,80.0,18,1,1,1,26,1,0,4,0,62500,3,0,3,2,1,0,0,0,1
0,1,0,55.0,10,1,1,1,26,1,0,4,0,62500,3,0,3,2,1,1,0,0,0
0,1,0,55.0,18,2,1,1,26,1,0,4,0,62500,3,0,3,2,1,1,0,0,1
0,1,0,30.0,22,0,0,1,26,1,0,4,0,62500,3,0,3,2,1,0,0,0,1
0,1,1,55.0,22,3,0,1,26,1,0,4,0,62500,3,0,3,2,1,1,0,0,0
0,1,2,30.0,10,2,1,1,26,1,0,4,0,62500,3,0,3,2,1,1,0,0,0
0,1,2,30.0,22,2,1,1,26,1,0,4,0,62500,3,0,3,2,1,1,0,0,1
0,0,0,80.0,10,1,1,1,26,1,0,4,0,62500,3,0,3,2,1,0,0,0,0
1,0,0,30.0,18,2,0,1,26,1,0,4,0,62500,3,0,3,2,1,1,0,1,0
1,0,1,55.0,22,1,1,1,26,1,0,4,0,62500,3,0,3,2,1,0,0,1,0
1,0,2,30.0,18,1,1,1,26,1,0,4,0,62500,3,0,3,2,1,1,0,0,0
1,0,2,30.0,22,4,0,1,26,1,0,4,0,62500,3,0,3,2,1,0,0,0,0
1,0,0,80.0,18,3,0,1,26,1,0,4,0,62500,3,0,3,2,1,0,0,1,1
2,0,1,55.0,7,0,0,1,26,1,0,4,0,62500,3,0,3,2,1,1,1,0,0
2,0,1,55.0,7,4,1,1,26,1,0,4,0,62500,3,0,3,2,1,1,1,0,0
2,0,2,30.0,7,0,0,1,26,1,0,4,0,62500,3,0,3,2,1,1,1,0,0
2,0,2,30.0,7,4,1,1,26,1,0,4,0,62500,3,0,3,2,1,1,1,0,0
2,0,0,80.0,7,0,1,1,26,1,0,4,0,62500,3,0,3,2,1,0,0,1,1
0,2,1,55.0,18,2,0,0,41,0,1,2,0,0,0,2,2,3,1,1,0,0,1
0,2,1,55.0,22,3,1,0,41,0,1,2,0,0,0,2,2,3,1,1,0,0,0
0,2,2,30.0,18,3,1,0,41,0,1,2,0,0,0,2,2,3,1,1,0,0,0
0,0,0,80.0,10,1,1,0,41,0,1,2,0,0,0,2,2,3,1,1,0,0,1
0,0,0,55.0,18,1,0,0,41,0,1,2,0,0,0,2,2,3,1,0,0,0,1
0,1,0,80.0,14,4,0,0,41,0,1,2,0,0,0,2,2,3,1,1,0,0,1
0,1,0,80.0,18,1,1,0,41,0,1,2,0,0,0,2,2,3,1,0,0,0,1
0,1,0,80.0,22,0,0,0,41,0,1,2,0,0,0,2,2,3,1,0,0,0,1
0,1,1,55.0,22,3,0,0,41,0,1,2,0,0,0,2,2,3,1,1,0,0,0
0,1,2,30.0,10,2,1,0,41,0,1,2,0,0,0,2,2,3,1,1,0,0,0
0,1,2,30.0,22,2,1,0,41,0,1,2,0,0,0,2,2,3,1,1,0,0,1
0,2,0,80.0,14,4,1,0,41,0,1,2,0,0,0,2,2,3,1,0,0,0,1
0,2,0,55.0,14,1,1,0,41,0,1,2,0,0,0,2,2,3,1,1,0,0,1
1,0,0,30.0,18,2,0,0,41,0,1,2,0,0,0,2,2,3,1,1,0,1,1
1,0,2,30.0,18,1,1,0,41,0,1,2,0,0,0,2,2,3,1,1,0,0,1
1,0,2,30.0,22,4,0,0,41,0,1,2,0,0,0,2,2,3,1,0,0,0,1
1,0,0,80.0,18,3,0,0,41,0,1,2,0,0,0,2,2,3,1,0,0,1,0
1,3,0,30.0,22,2,0,0,41,0,1,2,0,0,0,2,2,3,1,1,0,0,1
2,0,1,55.0,7,0,0,0,41,0,1,2,0,0,0,2,2,3,1,1,1,0,0
2,0,2,30.0,7,0,0,0,41,0,1,2,0,0,0,2,2,3,1,1,1,0,0
2,0,2,30.0,7,4,1,0,41,0,1,2,0,0,0,2,2,3,1,1,1,0,0
2,0,0,80.0,7,0,1,0,41,0,1,2,0,0,0,2,2,3,1,0,0,1,1
0,0,0,80.0,10,1,1,0,36,1,1,2,5,12500,0,1,4,3,1,1,0,0,1
0,1,0,80.0,10,0,1,0,36,1,1,2,5,12500,0,1,4,3,1,0,0,0,1
0,0,0,55.0,18,1,0,0,36,1,1,2,5,12500,0,1,4,3,1,0,0,0,0
0,1,0,80.0,14,4,0,0,36,1,1,2,5,12500,0,1,4,3,1,1,0,0,1
0,1,0,80.0,18,1,1,0,36,1,1,2,5,12500,0,1,4,3,1,0,0,0,1
0,1,0,55.0,10,1,1,0,36,1,1,2,5,12500,0,1,4,3,1,1,0,0,1
0,1,0,55.0,18,2,1,0,36,1,1,2,5,12500,0,1,4,3,1,1,0,0,1
0,1,0,30.0,22,0,0,0,36,1,1,2,5,12500,0,1,4,3,1,0,0,0,0
0,1,1,55.0,22,3,0,0,36,1,1,2,5,12500,0,1,4,3,1,1,0,0,0
0,1,2,30.0,10,2,1,0,36,1,1,2,5,12500,0,1,4,3,1,1,0,0,1
0,1,2,30.0,22,2,1,0,36,1,1,2,5,12500,0,1,4,3,1,1,0,0,1
0,0,0,80.0,10,1,1,0,36,1,1,2,5,12500,0,1,4,3,1,0,0,0,1
0,3,0,80.0,22,0,1,0,36,1,1,2,5,12500,0,1,4,3,1,1,0,0,1
0,3,0,30.0,10,3,1,0,36,1,1,2,5,12500,0,1,4,3,1,1,0,0,0
0,3,1,55.0,10,2,0,0,36,1,1,2,5,12500,0,1,4,3,1,0,0,0,0
0,3,1,55.0,14,0,0,0,36,1,1,2,5,12500,0,1,4,3,1,1,0,0,0
0,3,2,30.0,14,1,0,0,36,1,1,2,5,12500,0,1,4,3,1,1,0,0,0
0,2,0,80.0,14,4,1,0,36,1,1,2,5,12500,0,1,4,3,1,0,0,0,0
1,0,0,30.0,18,2,0,0,36,1,1,2,5,12500,0,1,4,3,1,1,0,1,0
1,0,1,55.0,22,1,1,0,36,1,1,2,5,12500,0,1,4,3,1,0,0,1,0
1,0,2,30.0,18,1,1,0,36,1,1,2,5,12500,0,1,4,3,1,1,0,0,1
1,0,2,30.0,22,4,0,0,36,1,1,2,5,12500,0,1,4,3,1,0,0,0,1
1,3,0,80.0,18,1,1,0,36,1,1,2,5,12500,0,1,4,3,1,0,0,1,0
1,0,0,80.0,18,3,0,0,36,1,1,2,5,12500,0,1,4,3,1,0,0,1,0
2,0,1,55.0,7,0,0,0,36,1,1,2,5,12500,0,1,4,3,1,1,1,0,0
2,0,1,55.0,7,4,1,0,36,1,1,2,5,12500,0,1,4,3,1,1,1,0,1
2,0,2,30.0,7,0,0,0,36,1,1,2,5,12500,0,1,4,3,1,1,1,0,0
2,0,2,30.0,7,4,1,0,36,1,1,2,5,12500,0,1,4,3,1,1,1,0,1
2,0,0,80.0,7,0,1,0,36,1,1,2,5,12500,0,1,4,3,1,0,0,1,1
0,2,1,55.0,18,2,0,0,26,2,1,4,8,50000,0,0,1,1,1,1,0,0,0
0,2,1,55.0,22,3,1,0,26,2,1,4,8,50000,0,0,1,1,1,1,0,0,0
0,2,2,30.0,18,3,1,0,26,2,1,4,8,50000,0,0,1,1,1,1,0,0,0
0,2,0,80.0,14,4,1,0,26,2,1,4,8,50000,0,0,1,1,1,0,0,0,0
0,2,0,55.0,14,1,1,0,26,2,1,4,8,50000,0,0,1,1,1,1,0,0,0
1,3,0,30.0,22,2,0,0,26,2,1,4,8,50000,0,0,1,1,1,1,0,0,0
0,0,0,80.0,10,1,1,0,16,1,0,2,4,0,0,2,1,3,1,1,0,0,0
0,0,0,55.0,18,1,0,0,16,1,0,2,4,0,0,2,1,3,1,0,0,0,0
0,1,0,80.0,14,4,0,0,16,1,0,2,4,0,0,2,1,3,1,1,0,0,0
0,1,0,80.0,18,1,1,0,16,1,0,2,4,0,0,2,1,3,1,0,0,0,1
0,1,0,30.0,22,0,0,0,16,1,0,2,4,0,0,2,1,3,1,0,0,0,1
0,1,1,55.0,22,3,0,0,16,1,0,2,4,0,0,2,1,3,1,1,0,0,1
0,1,2,30.0,10,2,1,0,16,1,0,2,4,0,0,2,1,3,1,1,0,0,1
0,1,2,30.0,22,2,1,0,16,1,0,2,4,0,0,2,1,3,1,1,0,0,1
0,3,0,80.0,22,0,1,0,16,1,0,2,4,0,0,2,1,3,1,1,0,0,1
0,3,0,30.0,10,3,1,0,16,1,0,2,4,0,0,2,1,3,1,1,0,0,0
0,3,1,55.0,10,2,0,0,16,1,0,2,4,0,0,2,1,3,1,0,0,0,1
0,3,1,55.0,14,0,0,0,16,1,0,2,4,0,0,2,1,3,1,1,0,0,1
0,3,2,30.0,14,1,0,0,16,1,0,2,4,0,0,2,1,3,1,1,0,0,0
1,0,0,30.0,18,2,0,0,16,1,0,2,4,0,0,2,1,3,1,1,0,1,1
1,0,2,30.0,18,1,1,0,16,1,0,2,4,0,0,2,1,3,1,1,0,0,0
1,0,2,30.0,22,4,0,0,16,1,0,2,4,0,0,2,1,3,1,0,0,0,0
1,3,0,80.0,18,1,1,0,16,1,0,2,4,0,0,2,1,3,1,0,0,1,0
1,0,0,80.0,18,3,0,0,16,1,0,2,4,0,0,2,1,3,1,0,0,1,0
2,0,1,55.0,7,0,0,0,16,1,0,2,4,0,0,2,1,3,1,1,1,0,0
2,0,2,30.0,7,0,0,0,16,1,0,2,4,0,0,2,1,3,1,1,1,0,1
2,0,2,30.0,7,4,1,0,16,1,0,2,4,0,0,2,1,3,1,1,1,0,0
2,0,0,80.0,7,0,1,0,16,1,0,2,4,0,0,2,1,3,1,0,0,1,0
0,0,0,80.0,10,1,1,1,26,2,0,4,9,50000,1,1,2,1,1,1,0,0,1
0,0,0,55.0,18,1,0,1,26,2,0,4,9,50000,1,1,2,1,1,0,0,0,1
0,1,0,80.0,14,4,0,1,26,2,0,4,9,50000,1,1,2,1,1,1,0,0,0
0,1,0,80.0,18,1,1,1,26,2,0,4,9,50000,1,1,2,1,1,0,0,0,1
0,1,0,30.0,22,0,0,1,26,2,0,4,9,50000,1,1,2,1,1,0,0,0,0
0,1,1,55.0,22,3,0,1,26,2,0,4,9,50000,1,1,2,1,1,1,0,0,0
0,1,2,30.0,10,2,1,1,26,2,0,4,9,50000,1,1,2,1,1,1,0,0,1
0,1,2,30.0,22,2,1,1,26,2,0,4,9,50000,1,1,2,1,1,1,0,0,1
1,0,0,30.0,18,2,0,1,26,2,0,4,9,50000,1,1,2,1,1,1,0,1,1
1,0,2,30.0,18,1,1,1,26,2,0,4,9,50000,1,1,2,1,1,1,0,0,1
1,0,2,30.0,22,4,0,1,26,2,0,4,9,50000,1,1,2,1,1,0,0,0,0
1,3,0,80.0,18,1,1,1,26,2,0,4,9,50000,1,1,2,1,1,0,0,1,1
1,0,0,80.0,18,3,0,1,26,2,0,4,9,50000,1,1,2,1,1,0,0,1,0
2,0,1,55.0,7,0,0,1,26,2,0,4,9,50000,1,1,2,1,1,1,1,0,0
2,0,2,30.0,7,0,0,1,26,2,0,4,9,50000,1,1,2,1,1,1,1,0,0
2,0,2,30.0,7,4,1,1,26,2,0,4,9,50000,1,1,2,1,1,1,1,0,1
2,0,0,80.0,7,0,1,1,26,2,0,4,9,50000,1,1,2,1,1,0,0,1,1
0,2,1,55.0,18,2,0,0,36,0,1,2,9,12500,0,2,1,2,3,1,0,0,1
0,2,1,55.0,22,3,1,0,36,0,1,2,9,12500,0,2,1,2,3,1,0,0,1
0,2,2,30.0,18,3,1,0,36,0,1,2,9,12500,0,2,1,2,3,1,0,0,1
0,0,0,80.0,10,1,1,0,36,0,1,2,9,12500,0,2,1,2,3,1,0,0,1
0,0,0,55.0,18,1,0,0,36,0,1,2,9,12500,0,2,1,2,3,0,0,0,1
0,1,0,80.0,14,4,0,0,36,0,1,2,9,12500,0,2,1,2,3,1,0,0,1
0,1,0,80.0,18,1,1,0,36,0,1,2,9,12500,0,2,1,2,3,0,0,0,1
0,1,0,30.0,22,0,0,0,36,0,1,2,9,12500,0,2,1,2,3,0,0,0,1
0,1,1,55.0,22,3,0,0,36,0,1,2,9,12500,0,2,1,2,3,1,0,0,1
0,1,2,30.0,10,2,1,0,36,0,1,2,9,12500,0,2,1,2,3,1,0,0,1
0,1,2,30.0,22,2,1,0,36,0,1,2,9,12500,0,2,1,2,3,1,0,0,1
0,2,0,80.0,14,4,1,0,36,0,1,2,9,12500,0,2,1,2,3,0,0,0,1
0,2,0,55.0,14,1,1,0,36,0,1,2,9,12500,0,2,1,2,3,1,0,0,1
1,0,0,30.0,18,2,0,0,36,0,1,2,9,12500,0,2,1,2,3,1,0,1,1
1,0,2,30.0,18,1,1,0,36,0,1,2,9,12500,0,2,1,2,3,1,0,0,1
1,0,2,30.0,22,4,0,0,36,0,1,2,9,12500,0,2,1,2,3,0,0,0,1
1,0,0,80.0,18,3,0,0,36,0,1,2,9,12500,0,2,1,2,3,0,0,1,1
1,3,0,30.0,22,2,0,0,36,0,1,2,9,12500,0,2,1,2,3,1,0,0,1
2,0,1,55.0,7,0,0,0,36,0,1,2,9,12500,0,2,1,2,3,1,1,0,1
2,0,2,30.0,7,0,0,0,36,0,1,2,9,12500,0,2,1,2,3,1,1,0,1
2,0,2,30.0,7,4,1,0,36,0,1,2,9,12500,0,2,1,2,3,1,1,0,1
2,0,0,80.0,7,0,1,0,36,0,1,2,9,12500,0,2,1,2,3,0,0,1,1
0,0,0,80.0,10,1,1,1,51,0,1,3,18,50000,0,2,3,3,2,1,0,0,1
0,0,0,55.0,18,1,0,1,51,0,1,3,18,50000,0,2,3,3,2,0,0,0,0
0,1,0,80.0,14,4,0,1,51,0,1,3,18,50000,0,2,3,3,2,1,0,0,1
0,1,0,80.0,18,1,1,1,51,0,1,3,18,50000,0,2,3,3,2,0,0,0,0
0,1,0,30.0,22,0,0,1,51,0,1,3,18,50000,0,2,3,3,2,0,0,0,0
0,1,1,55.0,22,3,0,1,51,0,1,3,18,50000,0,2,3,3,2,1,0,0,0
0,1,2,30.0,10,2,1,1,51,0,1,3,18,50000,0,2,3,3,2,1,0,0,1
0,1,2,30.0,22,2,1,1,51,0,1,3,18,50000,0,2,3,3,2,1,0,0,0
0,3,0,80.0,22,0,1,1,51,0,1,3,18,50000,0,2,3,3,2,1,0,0,1
0,3,0,30.0,10,3,1,1,51,0,1,3,18,50000,0,2,3,3,2,1,0,0,0
0,3,1,55.0,10,2,0,1,51,0,1,3,18,50000,0,2,3,3,2,0,0,0,0
0,3,2,30.0,14,1,0,1,51,0,1,3,18,50000,0,2,3,3,2,1,0,0,1
1,0,0,30.0,18,2,0,1,51,0,1,3,18,50000,0,2,3,3,2,1,0,1,1
1,0,2,30.0,18,1,1,1,51,0,1,3,18,50000,0,2,3,3,2,1,0,0,0
1,0,2,30.0,22,4,0,1,51,0,1,3,18,50000,0,2,3,3,2,0,0,0,0
1,3,0,80.0,18,1,1,1,51,0,1,3,18,50000,0,2,3,3,2,0,0,1,1
1,0,0,80.0,18,3,0,1,51,0,1,3,18,50000,0,2,3,3,2,0,0,1,0
2,0,1,55.0,7,0,0,1,51,0,1,3,18,50000,0,2,3,3,2,1,1,0,0
2,0,2,30.0,7,0,0,1,51,0,1,3,18,50000,0,2,3,3,2,1,1,0,0
2,0,2,30.0,7,4,1,1,51,0,1,3,18,50000,0,2,3,3,2,1,1,0,1
0,0,0,80.0,10,1,1,1,51,2,1,3,16,37500,0,0,3,3,0,1,0,0,1
0,0,0,55.0,18,1,0,1,51,2,1,3,16,37500,0,0,3,3,0,0,0,0,0
0,1,0,80.0,14,4,0,1,51,2,1,3,16,37500,0,0,3,3,0,1,0,0,0
0,1,0,80.0,18,1,1,1,51,2,1,3,16,37500,0,0,3,3,0,0,0,0,1
0,1,0,30.0,22,0,0,1,51,2,1,3,16,37500,0,0,3,3,0,0,0,0,0
0,1,1,55.0,22,3,0,1,51,2,1,3,16,37500,0,0,3,3,0,1,0,0,0
0,1,2,30.0,10,2,1,1,51,2,1,3,16,37500,0,0,3,3,0,1,0,0,1
0,1,2,30.0,22,2,1,1,51,2,1,3,16,37500,0,0,3,3,0,1,0,0,1
0,3,0,80.0,22,0,1,1,51,2,1,3,16,37500,0,0,3,3,0,1,0,0,0
0,3,0,30.0,10,3,1,1,51,2,1,3,16,37500,0,0,3,3,0,1,0,0,0
0,3,1,55.0,10,2,0,1,51,2,1,3,16,37500,0,0,3,3,0,0,0,0,1
0,3,1,55.0,14,0,0,1,51,2,1,3,16,37500,0,0,3,3,0,1,0,0,0
0,3,2,30.0,14,1,0,1,51,2,1,3,16,37500,0,0,3,3,0,1,0,0,0
1,0,0,30.0,18,2,0,1,51,2,1,3,16,37500,0,0,3,3,0,1,0,1,1
1,0,2,30.0,18,1,1,1,51,2,1,3,16,37500,0,0,3,3,0,1,0,0,0
1,0,2,30.0,22,4,0,1,51,2,1,3,16,37500,0,0,3,3,0,0,0,0,0
1,3,0,80.0,18,1,1,1,51,2,1,3,16,37500,0,0,3,3,0,0,0,1,1
1,0,0,80.0,18,3,0,1,51,2,1,3,16,37500,0,0,3,3,0,0,0,1,0
2,0,1,55.0,7,0,0,1,51,2,1,3,16,37500,0,0,3,3,0,1,1,0,1
2,0,2,80.0,7,0,0,1,51,2,1,3,16,37500,0,0,3,3,0,1,1,0,1
2,0,2,30.0,7,4,1,1,51,2,1,3,16,37500,0,0,3,3,0,1,1,0,0
2,0,0,80.0,7,0,1,1,51,2,1,3,16,37500,0,0,3,3,0,0,0,1,1
0,0,0,80.0,10,1,1,1,36,1,0,2,14,50000,0,0,2,1,1,1,0,0,1
0,1,0,80.0,10,0,1,1,36,1,0,2,14,50000,0,0,2,1,1,0,0,0,1
0,0,0,55.0,18,1,0,1,36,1,0,2,14,50000,0,0,2,1,1,0,0,0,1
0,1,0,80.0,14,4,0,1,36,1,0,2,14,50000,0,0,2,1,1,1,0,0,1
0,1,0,80.0,18,1,1,1,36,1,0,2,14,50000,0,0,2,1,1,0,0,0,1
0,1,0,55.0,10,1,1,1,36,1,0,2,14,50000,0,0,2,1,1,1,0,0,1
0,1,0,55.0,18,2,1,1,36,1,0,2,14,50000,0,0,2,1,1,1,0,0,1
0,1,0,30.0,22,0,0,1,36,1,0,2,14,50000,0,0,2,1,1,0,0,0,1
0,1,1,55.0,22,3,0,1,36,1,0,2,14,50000,0,0,2,1,1,1,0,0,0
0,1,2,30.0,10,2,1,1,36,1,0,2,14,50000,0,0,2,1,1,1,0,0,1
0,1,2,30.0,22,2,1,1,36,1,0,2,14,50000,0,0,2,1,1,1,0,0,1
0,0,0,80.0,10,1,1,1,36,1,0,2,14,50000,0,0,2,1,1,0,0,0,0
1,0,0,30.0,18,2,0,1,36,1,0,2,14,50000,0,0,2,1,1,1,0,1,1
1,0,1,55.0,22,1,1,1,36,1,0,2,14,50000,0,0,2,1,1,0,0,1,1
1,0,2,30.0,18,1,1,1,36,1,0,2,14,50000,0,0,2,1,1,1,0,0,0
1,0,2,30.0,22,4,0,1,36,1,0,2,14,50000,0,0,2,1,1,0,0,0,1
1,0,0,80.0,18,3,0,1,36,1,0,2,14,50000,0,0,2,1,1,0,0,1,0
2,0,1,55.0,7,0,0,1,36,1,0,2,14,50000,0,0,2,1,1,1,1,0,0
2,0,1,55.0,7,4,1,1,36,1,0,2,14,50000,0,0,2,1,1,1,1,0,1
2,0,2,30.0,7,0,0,1,36,1,0,2,14,50000,0,0,2,1,1,1,1,0,0
2,0,2,30.0,7,4,1,1,36,1,0,2,14,50000,0,0,2,1,1,1,1,0,1
2,0,0,80.0,7,0,1,1,36,1,0,2,14,50000,0,0,2,1,1,0,0,1,1
0,0,0,80.0,10,1,1,1,51,2,0,5,16,50000,1,1,1,2,2,1,0,0,1
0,0,0,55.0,18,1,0,1,51,2,0,5,16,50000,1,1,1,2,2,0,0,0,0
0,1,0,80.0,14,4,0,1,51,2,0,5,16,50000,1,1,1,2,2,1,0,0,0
0,1,0,80.0,18,1,1,1,51,2,0,5,16,50000,1,1,1,2,2,0,0,0,0
0,1,0,30.0,22,0,0,1,51,2,0,5,16,50000,1,1,1,2,2,0,0,0,0
0,1,1,55.0,22,3,0,1,51,2,0,5,16,50000,1,1,1,2,2,1,0,0,1
0,1,2,30.0,10,2,1,1,51,2,0,5,16,50000,1,1,1,2,2,1,0,0,1
0,1,2,30.0,22,2,1,1,51,2,0,5,16,50000,1,1,1,2,2,1,0,0,1
0,3,0,80.0,22,0,1,1,51,2,0,5,16,50000,1,1,1,2,2,1,0,0,1
0,3,0,30.0,10,3,1,1,51,2,0,5,16,50000,1,1,1,2,2,1,0,0,1
0,3,1,55.0,10,2,0,1,51,2,0,5,16,50000,1,1,1,2,2,0,0,0,1
0,3,1,55.0,14,0,0,1,51,2,0,5,16,50000,1,1,1,2,2,1,0,0,0
0,3,2,30.0,14,1,0,1,51,2,0,5,16,50000,1,1,1,2,2,1,0,0,1
1,0,0,30.0,18,2,0,1,51,2,0,5,16,50000,1,1,1,2,2,1,0,1,1
1,0,2,30.0,18,1,1,1,51,2,0,5,16,50000,1,1,1,2,2,1,0,0,0
1,0,2,30.0,22,4,0,1,51,2,0,5,16,50000,1,1,1,2,2,0,0,0,0
1,3,0,80.0,18,1,1,1,51,2,0,5,16,50000,1,1,1,2,2,0,0,1,0
1,0,0,80.0,18,3,0,1,51,2,0,5,16,50000,1,1,1,2,2,0,0,1,1
2,0,1,55.0,7,0,0,1,51,2,0,5,16,50000,1,1,1,2,2,1,1,0,0
2,0,2,30.0,7,0,0,1,51,2,0,5,16,50000,1,1,1,2,2,1,1,0,0
2,0,2,30.0,7,4,1,1,51,2,0,5,16,50000,1,1,1,2,2,1,1,0,1
2,0,0,80.0,7,0,1,1,51,2,0,5,16,50000,1,1,1,2,2,0,0,1,1
0,0,0,80.0,10,1,1,0,31,1,0,4,0,100000,0,3,4,3,1,1,0,0,1
0,1,0,80.0,10,0,1,0,31,1,0,4,0,100000,0,3,4,3,1,0,0,0,1
0,0,0,55.0,18,1,0,0,31,1,0,4,0,100000,0,3,4,3,1,0,0,0,0
0,1,0,80.0,14,4,0,0,31,1,0,4,0,100000,0,3,4,3,1,1,0,0,0
0,1,0,80.0,18,1,1,0,31,1,0,4,0,100000,0,3,4,3,1,0,0,0,1
0,1,0,55.0,10,1,1,0,31,1,0,4,0,100000,0,3,4,3,1,1,0,0,1
0,1,0,55.0,18,2,1,0,31,1,0,4,0,100000,0,3,4,3,1,1,0,0,1
0,1,0,30.0,22,0,0,0,31,1,0,4,0,100000,0,3,4,3,1,0,0,0,0
0,1,1,55.0,22,3,0,0,31,1,0,4,0,100000,0,3,4,3,1,1,0,0,0
0,1,2,30.0,10,2,1,0,31,1,0,4,0,100000,0,3,4,3,1,1,0,0,0
0,1,2,30.0,22,2,1,0,31,1,0,4,0,100000,0,3,4,3,1,1,0,0,0
0,0,0,80.0,10,1,1,0,31,1,0,4,0,100000,0,3,4,3,1,0,0,0,0
1,0,0,30.0,18,2,0,0,31,1,0,4,0,100000,0,3,4,3,1,1,0,1,1
1,0,1,55.0,22,1,1,0,31,1,0,4,0,100000,0,3,4,3,1,0,0,1,0
1,0,2,30.0,18,1,1,0,31,1,0,4,0,100000,0,3,4,3,1,1,0,0,0
1,0,2,30.0,22,4,0,0,31,1,0,4,0,100000,0,3,4,3,1,0,0,0,0
1,0,0,80.0,18,3,0,0,31,1,0,4,0,100000,0,3,4,3,1,0,0,1,0
2,0,1,55.0,7,0,0,0,31,1,0,4,0,100000,0,3,4,3,1,1,1,0,1
2,0,1,55.0,7,4,1,0,31,1,0,4,0,100000,0,3,4,3,1,1,1,0,0
2,0,2,30.0,7,0,0,0,31,1,0,4,0,100000,0,3,4,3,1,1,1,0,1
2,0,2,30.0,7,4,1,0,31,1,0,4,0,100000,0,3,4,3,1,1,1,0,0
2,0,0,80.0,7,0,1,0,31,1,0,4,0,100000,0,3,4,3,1,0,0,1,1
0,0,0,80.0,10,1,1,1,21,0,0,2,6,50000,1,0,2,3,2,1,0,0,0
0,0,0,55.0,18,1,0,1,21,0,0,2,6,50000,1,0,2,3,2,0,0,0,0
0,1,0,80.0,14,4,0,1,21,0,0,2,6,50000,1,0,2,3,2,1,0,0,1
0,1,0,80.0,18,1,1,1,21,0,0,2,6,50000,1,0,2,3,2,0,0,0,1
0,1,0,30.0,22,0,0,1,21,0,0,2,6,50000,1,0,2,3,2,0,0,0,1
0,1,1,55.0,22,3,0,1,21,0,0,2,6,50000,1,0,2,3,2,1,0,0,1
0,1,2,30.0,10,2,1,1,21,0,0,2,6,50000,1,0,2,3,2,1,0,0,1
0,1,2,30.0,22,2,1,1,21,0,0,2,6,50000,1,0,2,3,2,1,0,0,1
0,3,0,80.0,22,0,1,1,21,0,0,2,6,50000,1,0,2,3,2,1,0,0,1
0,3,0,30.0,10,3,1,1,21,0,0,2,6,50000,1,0,2,3,2,1,0,0,1
0,3,1,55.0,10,2,0,1,21,0,0,2,6,50000,1,0,2,3,2,0,0,0,1
0,3,1,55.0,14,0,0,1,21,0,0,2,6,50000,1,0,2,3,2,1,0,0,1
0,3,2,30.0,14,1,0,1,21,0,0,2,6,50000,1,0,2,3,2,1,0,0,0
1,0,0,30.0,18,2,0,1,21,0,0,2,6,50000,1,0,2,3,2,1,0,1,1
1,0,2,30.0,18,1,1,1,21,0,0,2,6,50000,1,0,2,3,2,1,0,0,1
1,0,2,30.0,22,4,0,1,21,0,0,2,6,50000,1,0,2,3,2,0,0,0,0
1,3,0,80.0,18,1,1,1,21,0,0,2,6,50000,1,0,2,3,2,0,0,1,0
1,0,0,80.0,18,3,0,1,21,0,0,2,6,50000,1,0,2,3,2,0,0,1,0
2,0,1,55.0,7,0,0,1,21,0,0,2,6,50000,1,0,2,3,2,1,1,0,1
2,0,2,30.0,7,0,0,1,21,0,0,2,6,50000,1,0,2,3,2,1,1,0,1
2,0,2,30.0,7,4,1,1,21,0,0,2,6,50000,1,0,2,3,2,1,1,0,0
2,0,0,80.0,7,0,1,1,21,0,0,2,6,50000,1,0,2,3,2,0,0,1,1
0,0,0,80.0,10,1,1,1,21,0,0,4,19,62500,3,2,3,2,1,1,0,0,1
0,0,0,55.0,18,1,0,1,21,0,0,4,19,62500,3,2,3,2,1,0,0,0,0
0,1,0,80.0,14,4,0,1,21,0,0,4,19,62500,3,2,3,2,1,1,0,0,0
0,1,0,80.0,18,1,1,1,21,0,0,4,19,62500,3,2,3,2,1,0,0,0,0
0,1,0,30.0,22,0,0,1,21,0,0,4,19,62500,3,2,3,2,1,0,0,0,1
0,1,1,55.0,22,3,0,1,21,0,0,4,19,62500,3,2,3,2,1,1,0,0,0
0,1,2,30.0,10,2,1,1,21,0,0,4,19,62500,3,2,3,2,1,1,0,0,0
0,1,2,30.0,22,2,1,1,21,0,0,4,19,62500,3,2,3,2,1,1,0,0,1
0,3,0,80.0,22,0,1,1,21,0,0,4,19,62500,3,2,3,2,1,1,0,0,1
0,3,0,80.0,10,3,1,1,21,0,0,4,19,62500,3,2,3,2,1,1,0,0,1
0,3,1,55.0,10,2,0,1,21,0,0,4,19,62500,3,2,3,2,1,0,0,0,1
0,3,1,55.0,14,0,0,1,21,0,0,4,19,62500,3,2,3,2,1,1,0,0,1
0,3,2,30.0,14,1,0,1,21,0,0,4,19,62500,3,2,3,2,1,1,0,0,0
1,0,0,30.0,18,2,0,1,21,0,0,4,19,62500,3,2,3,2,1,1,0,1,1
1,0,2,30.0,18,1,1,1,21,0,0,4,19,62500,3,2,3,2,1,1,0,0,0
1,0,2,30.0,22,4,0,1,21,0,0,4,19,62500,3,2,3,2,1,0,0,0,0
1,3,0,80.0,18,1,1,1,21,0,0,4,19,62500,3,2,3,2,1,0,0,1,0
1,0,0,80.0,18,3,0,1,21,0,0,4,19,62500,3,2,3,2,1,0,0,1,1
2,0,1,55.0,7,0,0,1,21,0,0,4,19,62500,3,2,3,2,1,1,1,0,0
2,0,2,30.0,7,0,0,1,21,0,0,4,19,62500,3,2,3,2,1,1,1,0,0
2,0,2,30.0,7,4,1,1,21,0,0,4,19,62500,3,2,3,2,1,1,1,0,0
2,0,0,80.0,7,0,1,1,21,0,0,4,19,62500,3,2,3,2,1,0,0,1,1
0,0,0,80.0,10,1,1,1,26,1,0,1,0,37500,4,4,4,4,4,1,0,0,1
0,1,0,80.0,10,0,1,1,26,1,0,1,0,37500,4,4,4,4,4,0,0,0,1
0,0,0,55.0,18,1,0,1,26,1,0,1,0,37500,4,4,4,4,4,0,0,0,0
0,1,0,80.0,14,4,0,1,26,1,0,1,0,37500,4,4,4,4,4,1,0,0,0
0,1,0,80.0,18,1,1,1,26,1,0,1,0,37500,4,4,4,4,4,0,0,0,1
0,1,0,55.0,10,1,1,1,26,1,0,1,0,37500,4,4,4,4,4,1,0,0,1
0,1,0,55.0,18,2,1,1,26,1,0,1,0,37500,4,4,4,4,4,1,0,0,1
0,1,0,30.0,22,0,0,1,26,1,0,1,0,37500,4,4,4,4,4,0,0,0,0
0,1,1,55.0,22,3,0,1,26,1,0,1,0,37500,4,4,4,4,4,1,0,0,0
0,1,2,30.0,10,2,1,1,26,1,0,1,0,37500,4,4,4,4,4,1,0,0,1
0,1,2,30.0,22,2,1,1,26,1,0,1,0,37500,4,4,4,4,4,1,0,0,1
0,0,0,80.0,10,1,1,1,26,1,0,1,0,37500,4,4,4,4,4,0,0,0,1
1,0,0,30.0,18,2,0,1,26,1,0,1,0,37500,4,4,4,4,4,1,0,1,0
1,0,1,55.0,22,1,1,1,26,1,0,1,0,37500,4,4,4,4,4,0,0,1,1
1,0,2,30.0,18,1,1,1,26,1,0,1,0,37500,4,4,4,4,4,1,0,0,1
1,0,2,30.0,22,4,0,1,26,1,0,1,0,37500,4,4,4,4,4,0,0,0,0
1,0,0,80.0,18,3,0,1,26,1,0,1,0,37500,4,4,4,4,4,0,0,1,0
2,0,1,55.0,7,0,0,1,26,1,0,1,0,37500,4,4,4,4,4,1,1,0,0
2,0,1,55.0,7,4,1,1,26,1,0,1,0,37500,4,4,4,4,4,1,1,0,1
2,0,2,30.0,7,0,0,1,26,1,0,1,0,37500,4,4,4,4,4,1,1,0,0
2,0,2,30.0,7,4,1,1,26,1,0,1,0,37500,4,4,4,4,4,1,1,0,1
2,0,0,80.0,7,0,1,1,26,1,0,1,0,37500,4,4,4,4,4,0,0,1,1
0,0,0,80.0,10,1,1,1,36,2,0,3,7,100000,2,2,2,2,2,1,0,0,0
0,0,0,55.0,18,1,0,1,36,2,0,3,7,100000,2,2,2,2,2,0,0,0,1
0,1,0,80.0,14,4,0,1,36,2,0,3,7,100000,2,2,2,2,2,1,0,0,1
0,1,0,80.0,18,1,1,1,36,2,0,3,7,100000,2,2,2,2,2,0,0,0,1
0,1,0,30.0,22,0,0,1,36,2,0,3,7,100000,2,2,2,2,2,0,0,0,1
0,1,1,55.0,22,3,0,1,36,2,0,3,7,100000,2,2,2,2,2,1,0,0,0
0,1,2,30.0,10,2,1,1,36,2,0,3,7,100000,2,2,2,2,2,1,0,0,1
0,1,2,30.0,22,2,1,1,36,2,0,3,7,100000,2,2,2,2,2,1,0,0,1
0,3,0,30.0,10,3,1,1,36,2,0,3,7,100000,2,2,2,2,2,1,0,0,1
0,3,1,55.0,10,2,0,1,36,2,0,3,7,100000,2,2,2,2,2,0,0,0,0
0,3,1,55.0,14,0,0,1,36,2,0,3,7,100000,2,2,2,2,2,1,0,0,1
0,3,2,30.0,14,1,0,1,36,2,0,3,7,100000,2,2,2,2,2,1,0,0,0
1,0,0,30.0,18,2,0,1,36,2,0,3,7,100000,2,2,2,2,2,1,0,1,1
1,0,2,30.0,18,1,1,1,36,2,0,3,7,100000,2,2,2,2,2,1,0,0,0
1,0,2,30.0,22,4,0,1,36,2,0,3,7,100000,2,2,2,2,2,0,0,0,1
1,3,0,80.0,18,1,1,1,36,2,0,3,7,100000,2,2,2,2,2,0,0,1,0
1,0,0,80.0,18,3,0,1,36,2,0,3,7,100000,2,2,2,2,2,0,0,1,0
2,0,1,55.0,7,0,0,1,36,2,0,3,7,100000,2,2,2,2,2,1,1,0,0
2,0,2,30.0,7,0,0,1,36,2,0,3,7,100000,2,2,2,2,2,1,1,0,0
2,0,2,30.0,7,4,1,1,36,2,0,3,7,100000,2,2,2,2,2,1,1,0,1
2,0,0,80.0,7,0,1,1,36,2,0,3,7,100000,2,2,2,2,2,0,0,1,1
0,0,0,80.0,10,1,1,1,21,1,0,4,0,100000,1,3,2,1,1,1,0,0,1
0,1,0,80.0,10,0,1,1,21,1,0,4,0,100000,1,3,2,1,1,0,0,0,1
0,0,0,55.0,18,1,0,1,21,1,0,4,0,100000,1,3,2,1,1,0,0,0,1
0,1,0,80.0,14,4,0,1,21,1,0,4,0,100000,1,3,2,1,1,1,0,0,1
0,1,0,80.0,18,1,1,1,21,1,0,4,0,100000,1,3,2,1,1,0,0,0,1
0,1,0,55.0,10,1,1,1,21,1,0,4,0,100000,1,3,2,1,1,1,0,0,1
0,1,0,55.0,18,2,1,1,21,1,0,4,0,100000,1,3,2,1,1,1,0,0,1
0,1,0,30.0,22,0,0,1,21,1,0,4,0,100000,1,3,2,1,1,0,0,0,0
0,1,1,55.0,22,3,0,1,21,1,0,4,0,100000,1,3,2,1,1,1,0,0,1
0,1,2,30.0,10,2,1,1,21,1,0,4,0,100000,1,3,2,1,1,1,0,0,1
0,1,2,30.0,22,2,1,1,21,1,0,4,0,100000,1,3,2,1,1,1,0,0,0
0,0,0,80.0,10,1,1,1,21,1,0,4,0,100000,1,3,2,1,1,0,0,0,1
1,0,0,30.0,18,2,0,1,21,1,0,4,0,100000,1,3,2,1,1,1,0,1,1
1,0,1,55.0,22,1,1,1,21,1,0,4,0,100000,1,3,2,1,1,0,0,1,0
1,0,2,30.0,18,1,1,1,21,1,0,4,0,100000,1,3,2,1,1,1,0,0,0
1,0,2,30.0,22,4,0,1,21,1,0,4,0,100000,1,3,2,1,1,0,0,0,0
1,0,0,80.0,18,3,0,1,21,1,0,4,0,100000,1,3,2,1,1,0,0,1,1
2,0,1,55.0,7,0,0,1,21,1,0,4,0,100000,1,3,2,1,1,1,1,0,0
2,0,1,55.0,7,4,1,1,21,1,0,4,0,100000,1,3,2,1,1,1,1,0,0
2,0,2,30.0,7,0,0,1,21,1,0,4,0,100000,1,3,2,1,1,1,1,0,0
2,0,2,30.0,7,4,1,1,21,1,0,4,0,100000,1,3,2,1,1,1,1,0,0
2,0,0,80.0,7,0,1,1,21,1,0,4,0,100000,1,3,2,1,1,0,0,1,0
0,0,0,80.0,10,1,1,0,31,2,0,2,9,100000,1,1,4,3,1,1,0,0,1
0,0,0,55.0,18,1,0,0,31,2,0,2,9,100000,1,1,4,3,1,0,0,0,1
0,1,0,80.0,14,4,0,0,31,2,0,2,9,100000,1,1,4,3,1,1,0,0,1
0,1,0,80.0,18,1,1,0,31,2,0,2,9,100000,1,1,4,3,1,0,0,0,1
0,1,0,30.0,22,0,0,0,31,2,0,2,9,100000,1,1,4,3,1,0,0,0,1
0,1,1,55.0,22,3,0,0,31,2,0,2,9,100000,1,1,4,3,1,1,0,0,0
0,1,2,30.0,10,2,1,0,31,2,0,2,9,100000,1,1,4,3,1,1,0,0,1
0,1,2,30.0,22,2,1,0,31,2,0,2,9,100000,1,1,4,3,1,1,0,0,1
0,3,0,80.0,22,0,1,0,31,2,0,2,9,100000,1,1,4,3,1,1,0,0,1
0,3,0,30.0,10,3,1,0,31,2,0,2,9,100000,1,1,4,3,1,1,0,0,1
0,3,1,55.0,10,2,0,0,31,2,0,2,9,100000,1,1,4,3,1,0,0,0,1
0,3,1,55.0,14,0,0,0,31,2,0,2,9,100000,1,1,4,3,1,1,0,0,0
0,3,2,30.0,14,1,0,0,31,2,0,2,9,100000,1,1,4,3,1,1,0,0,0
1,0,0,30.0,18,2,0,0,31,2,0,2,9,100000,1,1,4,3,1,1,0,1,0
1,0,2,30.0,18,1,1,0,31,2,0,2,9,100000,1,1,4,3,1,1,0,0,1
1,0,2,30.0,22,4,0,0,31,2,0,2,9,100000,1,1,4,3,1,0,0,0,0
1,3,0,80.0,18,1,1,0,31,2,0,2,9,100000,1,1,4,3,1,0,0,1,1
1,0,0,80.0,18,3,0,0,31,2,0,2,9,100000,1,1,4,3,1,0,0,1,0
2,0,1,55.0,7,0,0,0,31,2,0,2,9,100000,1,1,4,3,1,1,1,0,0
2,0,2,30.0,7,0,0,0,31,2,0,2,9,100000,1,1,4,3,1,1,1,0,0
2,0,2,30.0,7,4,1,0,31,2,0,2,9,100000,1,1,4,3,1,1,1,0,0
2,0,0,80.0,7,0,1,0,31,2,0,2,9,100000,1,1,4,3,1,0,0,1,1
0,0,0,80.0,10,1,1,0,51,1,1,4,13,37500,1,3,2,2,2,1,0,0,1
0,1,0,80.0,10,0,1,0,51,1,1,4,13,37500,1,3,2,2,2,0,0,0,1
0,0,0,55.0,18,1,0,0,51,1,1,4,13,37500,1,3,2,2,2,0,0,0,1
0,1,0,80.0,14,4,0,0,51,1,1,4,13,37500,1,3,2,2,2,1,0,0,1
0,1,0,80.0,18,1,1,0,51,1,1,4,13,37500,1,3,2,2,2,0,0,0,1
0,1,0,55.0,10,1,1,0,51,1,1,4,13,37500,1,3,2,2,2,1,0,0,1
0,1,0,55.0,18,2,1,0,51,1,1,4,13,37500,1,3,2,2,2,1,0,0,1
0,1,0,30.0,22,0,0,0,51,1,1,4,13,37500,1,3,2,2,2,0,0,0,1
0,1,1,55.0,22,3,0,0,51,1,1,4,13,37500,1,3,2,2,2,1,0,0,0
0,1,2,30.0,10,2,1,0,51,1,1,4,13,37500,1,3,2,2,2,1,0,0,1
0,1,2,30.0,22,2,1,0,51,1,1,4,13,37500,1,3,2,2,2,1,0,0,1
0,0,0,80.0,10,1,1,0,51,1,1,4,13,37500,1,3,2,2,2,0,0,0,1
1,0,0,30.0,18,2,0,0,51,1,1,4,13,37500,1,3,2,2,2,1,0,1,1
1,0,1,55.0,22,1,1,0,51,1,1,4,13,37500,1,3,2,2,2,0,0,1,1
1,0,2,30.0,18,1,1,0,51,1,1,4,13,37500,1,3,2,2,2,1,0,0,1
1,0,2,30.0,22,4,0,0,51,1,1,4,13,37500,1,3,2,2,2,0,0,0,1
1,0,0,80.0,18,3,0,0,51,1,1,4,13,37500,1,3,2,2,2,0,0,1,0
2,0,1,55.0,7,0,0,0,51,1,1,4,13,37500,1,3,2,2,2,1,1,0,1
2,0,1,55.0,7,4,1,0,51,1,1,4,13,37500,1,3,2,2,2,1,1,0,1
2,0,2,30.0,7,0,0,0,51,1,1,4,13,37500,1,3,2,2,2,1,1,0,1
2,0,2,30.0,7,4,1,0,51,1,1,4,13,37500,1,3,2,2,2,1,1,0,1
2,0,0,80.0,7,0,1,0,51,1,1,4,13,37500,1,3,2,2,2,0,0,1,1
0,2,1,55.0,18,2,0,1,26,2,1,4,9,37500,2,4,3,3,1,1,0,0,1
0,2,1,55.0,22,3,1,1,26,2,1,4,9,37500,2,4,3,3,1,1,0,0,1
0,2,2,30.0,18,3,1,1,26,2,1,4,9,37500,2,4,3,3,1,1,0,0,1
0,0,0,80.0,10,1,1,1,26,2,1,4,9,37500,2,4,3,3,1,1,0,0,1
0,0,0,55.0,18,1,0,1,26,2,1,4,9,37500,2,4,3,3,1,0,0,0,0
0,1,0,80.0,14,4,0,1,26,2,1,4,9,37500,2,4,3,3,1,1,0,0,0
0,1,0,80.0,18,1,1,1,26,2,1,4,9,37500,2,4,3,3,1,0,0,0,1
0,1,0,30.0,22,0,0,1,26,2,1,4,9,37500,2,4,3,3,1,0,0,0,0
0,1,1,55.0,22,3,0,1,26,2,1,4,9,37500,2,4,3,3,1,1,0,0,1
0,1,2,30.0,10,2,1,1,26,2,1,4,9,37500,2,4,3,3,1,1,0,0,0
0,1,2,30.0,22,2,1,1,26,2,1,4,9,37500,2,4,3,3,1,1,0,0,0
0,2,0,80.0,14,4,1,1,26,2,1,4,9,37500,2,4,3,3,1,0,0,0,1
0,2,0,55.0,14,1,1,1,26,2,1,4,9,37500,2,4,3,3,1,1,0,0,1
1,0,0,30.0,18,2,0,1,26,2,1,4,9,37500,2,4,3,3,1,1,0,1,1
1,0,2,30.0,18,1,1,1,26,2,1,4,9,37500,2,4,3,3,1,1,0,0,1
1,0,2,30.0,22,4,0,1,26,2,1,4,9,37500,2,4,3,3,1,0,0,0,0
1,0,0,80.0,18,3,0,1,26,2,1,4,9,37500,2,4,3,3,1,0,0,1,0
1,3,0,30.0,22,2,0,1,26,2,1,4,9,37500,2,4,3,3,1,1,0,0,1
2,0,1,55.0,7,0,0,1,26,2,1,4,9,37500,2,4,3,3,1,1,1,0,0
2,0,2,30.0,7,0,0,1,26,2,1,4,9,37500,2,4,3,3,1,1,1,0,0
2,0,2,30.0,7,4,1,1,26,2,1,4,9,37500,2,4,3,3,1,1,1,0,1
2,0,0,80.0,7,0,1,1,26,2,1,4,9,37500,2,4,3,3,1,0,0,1,1
0,0,0,80.0,10,1,1,1,26,2,0,4,3,50000,0,1,2,2,2,1,0,0,1
0,0,0,55.0,18,1,0,1,26,2,0,4,3,50000,0,1,2,2,2,0,0,0,1
0,1,0,80.0,14,4,0,1,26,2,0,4,3,50000,0,1,2,2,2,1,0,0,1
0,1,0,80.0,18,1,1,1,26,2,0,4,3,50000,0,1,2,2,2,0,0,0,1
0,1,0,30.0,22,0,0,1,26,2,0,4,3,50000,0,1,2,2,2,0,0,0,1
0,1,1,55.0,22,3,0,1,26,2,0,4,3,50000,0,1,2,2,2,1,0,0,0
0,1,2,80.0,10,2,1,1,26,2,0,4,3,50000,0,1,2,2,2,1,0,0,1
0,1,2,30.0,22,2,1,1,26,2,0,4,3,50000,0,1,2,2,2,1,0,0,1
0,3,0,80.0,22,0,1,1,26,2,0,4,3,50000,0,1,2,2,2,1,0,0,1
0,3,0,30.0,10,3,1,1,26,2,0,4,3,50000,0,1,2,2,2,1,0,0,0
0,3,1,55.0,10,2,0,1,26,2,0,4,3,50000,0,1,2,2,2,0,0,0,1
0,3,1,55.0,14,0,0,1,26,2,0,4,3,50000,0,1,2,2,2,1,0,0,1
0,3,2,30.0,14,1,0,1,26,2,0,4,3,50000,0,1,2,2,2,1,0,0,1
1,0,0,30.0,18,2,0,1,26,2,0,4,3,50000,0,1,2,2,2,1,0,1,1
1,0,2,30.0,18,1,1,1,26,2,0,4,3,50000,0,1,2,2,2,1,0,0,1
1,0,2,30.0,22,4,0,1,26,2,0,4,3,50000,0,1,2,2,2,0,0,0,1
1,3,0,80.0,18,1,1,1,26,2,0,4,3,50000,0,1,2,2,2,0,0,1,1
1,0,0,80.0,18,3,0,1,26,2,0,4,3,50000,0,1,2,2,2,0,0,1,0
2,0,1,55.0,7,0,0,1,26,2,0,4,3,50000,0,1,2,2,2,1,1,0,1
2,0,2,30.0,7,0,0,1,26,2,0,4,3,50000,0,1,2,2,2,1,1,0,1
2,0,2,30.0,7,4,1,1,26,2,0,4,3,50000,0,1,2,2,2,1,1,0,1
2,0,0,80.0,7,0,1,1,26,2,0,4,3,50000,0,1,2,2,2,0,0,1,1
0,0,0,80.0,10,1,1,0,26,1,0,2,4,37500,0,1,2,4,4,1,0,0,1
0,1,0,80.0,10,0,1,0,26,1,0,2,4,37500,0,1,2,4,4,0,0,0,1
0,0,0,55.0,18,1,0,0,26,1,0,2,4,37500,0,1,2,4,4,0,0,0,1
0,1,0,80.0,14,4,0,0,26,1,0,2,4,37500,0,1,2,4,4,1,0,0,1
0,1,0,80.0,18,1,1,0,26,1,0,2,4,37500,0,1,2,4,4,0,0,0,1
0,1,0,55.0,10,1,1,0,26,1,0,2,4,37500,0,1,2,4,4,1,0,0,1
0,1,0,55.0,18,2,1,0,26,1,0,2,4,37500,0,1,2,4,4,1,0,0,1
0,1,0,30.0,22,0,0,0,26,1,0,2,4,37500,0,1,2,4,4,0,0,0,1
0,1,1,55.0,22,3,0,0,26,1,0,2,4,37500,0,1,2,4,4,1,0,0,1
0,1,2,30.0,10,2,1,0,26,1,0,2,4,37500,0,1,2,4,4,1,0,0,1
0,1,2,30.0,22,2,1,0,26,1,0,2,4,37500,0,1,2,4,4,1,0,0,1
0,0,0,80.0,10,1,1,0,26,1,0,2,4,37500,0,1,2,4,4,0,0,0,1
1,0,0,30.0,18,2,0,0,26,1,0,2,4,37500,0,1,2,4,4,1,0,1,1
1,0,1,55.0,22,1,1,0,26,1,0,2,4,37500,0,1,2,4,4,0,0,1,1
1,0,2,30.0,18,1,1,0,26,1,0,2,4,37500,0,1,2,4,4,1,0,0,1
1,0,2,30.0,22,4,0,0,26,1,0,2,4,37500,0,1,2,4,4,0,0,0,1
1,0,0,80.0,18,3,0,0,26,1,0,2,4,37500,0,1,2,4,4,0,0,1,1
2,0,1,55.0,7,0,0,0,26,1,0,2,4,37500,0,1,2,4,4,1,1,0,1
2,0,1,55.0,7,4,1,0,26,1,0,2,4,37500,0,1,2,4,4,1,1,0,1
2,0,2,30.0,7,0,0,0,26,1,0,2,4,37500,0,1,2,4,4,1,1,0,1
2,0,2,30.0,7,4,1,0,26,1,0,2,4,37500,0,1,2,4,4,1,1,0,1
2,0,0,80.0,7,0,1,0,26,1,0,2,4,37500,0,1,2,4,4,0,0,1,1
0,2,1,55.0,18,2,0,0,31,0,1,4,9,62500,0,3,3,4,3,1,0,0,0
0,2,1,55.0,22,3,1,0,31,0,1,4,9,62500,0,3,3,4,3,1,0,0,0
0,2,2,30.0,18,3,1,0,31,0,1,4,9,62500,0,3,3,4,3,1,0,0,0
0,0,0,80.0,10,1,1,0,31,0,1,4,9,62500,0,3,3,4,3,1,0,0,0
0,0,0,55.0,18,1,0,0,31,0,1,4,9,62500,0,3,3,4,3,0,0,0,0
0,1,0,80.0,14,4,0,0,31,0,1,4,9,62500,0,3,3,4,3,1,0,0,0
0,1,0,80.0,18,1,1,0,31,0,1,4,9,62500,0,3,3,4,3,0,0,0,0
0,1,0,30.0,22,0,0,0,31,0,1,4,9,62500,0,3,3,4,3,0,0,0,0
0,1,1,55.0,22,3,0,0,31,0,1,4,9,62500,0,3,3,4,3,1,0,0,0
0,1,2,30.0,10,2,1,0,31,0,1,4,9,62500,0,3,3,4,3,1,0,0,0
0,1,2,30.0,22,2,1,0,31,0,1,4,9,62500,0,3,3,4,3,1,0,0,0
0,2,0,80.0,14,4,1,0,31,0,1,4,9,62500,0,3,3,4,3,0,0,0,0
0,2,0,80.0,14,1,1,0,31,0,1,4,9,62500,0,3,3,4,3,1,0,0,0
1,0,0,30.0,18,2,0,0,31,0,1,4,9,62500,0,3,3,4,3,1,0,1,0
1,0,2,30.0,18,1,1,0,31,0,1,4,9,62500,0,3,3,4,3,1,0,0,0
1,0,2,30.0,22,4,0,0,31,0,1,4,9,62500,0,3,3,4,3,0,0,0,0
1,0,0,80.0,18,3,0,0,31,0,1,4,9,62500,0,3,3,4,3,0,0,1,0
1,3,0,30.0,22,2,0,0,31,0,1,4,9,62500,0,3,3,4,3,1,0,0,0
2,0,1,55.0,7,0,0,0,31,0,1,4,9,62500,0,3,3,4,3,1,1,0,0
2,0,2,30.0,7,0,0,0,31,0,1,4,9,62500,0,3,3,4,3,1,1,0,0
2,0,2,30.0,7,4,1,0,31,0,1,4,9,62500,0,3,3,4,3,1,1,0,0
2,0,0,80.0,7,0,1,0,31,0,1,4,9,62500,0,3,3,4,3,0,0,1,0
0,2,1,55.0,18,2,0,1,36,2,1,4,19,75000,1,1,3,2,2,1,0,0,1
0,2,1,55.0,22,3,1,1,36,2,1,4,19,75000,1,1,3,2,2,1,0,0,0
0,2,2,30.0,18,3,1,1,36,2,1,4,19,75000,1,1,3,2,2,1,0,0,0
0,0,0,80.0,10,1,1,1,36,2,1,4,19,75000,1,1,3,2,2,1,0,0,1
0,0,0,55.0,18,1,0,1,36,2,1,4,19,75000,1,1,3,2,2,0,0,0,1
0,1,0,80.0,14,4,0,1,36,2,1,4,19,75000,1,1,3,2,2,1,0,0,0
0,1,0,80.0,18,1,1,1,36,2,1,4,19,75000,1,1,3,2,2,0,0,0,1
0,1,0,30.0,22,0,0,1,36,2,1,4,19,75000,1,1,3,2,2,0,0,0,0
0,1,1,55.0,22,3,0,1,36,2,1,4,19,75000,1,1,3,2,2,1,0,0,0
0,1,2,30.0,10,2,1,1,36,2,1,4,19,75000,1,1,3,2,2,1,0,0,1
0,1,2,30.0,22,2,1,1,36,2,1,4,19,75000,1,1,3,2,2,1,0,0,1
0,2,0,80.0,14,4,1,1,36,2,1,4,19,75000,1,1,3,2,2,0,0,0,0
0,2,0,55.0,14,1,1,1,36,2,1,4,19,75000,1,1,3,2,2,1,0,0,0
1,0,0,30.0,18,2,0,1,36,2,1,4,19,75000,1,1,3,2,2,1,0,1,1
1,0,2,30.0,18,1,1,1,36,2,1,4,19,75000,1,1,3,2,2,1,0,0,1
1,0,2,30.0,22,4,0,1,36,2,1,4,19,75000,1,1,3,2,2,0,0,0,0
1,0,0,80.0,18,3,0,1,36,2,1,4,19,75000,1,1,3,2,2,0,0,1,0
1,3,0,30.0,22,2,0,1,36,2,1,4,19,75000,1,1,3,2,2,1,0,0,1
2,0,1,55.0,7,0,0,1,36,2,1,4,19,75000,1,1,3,2,2,1,1,0,1
2,0,2,30.0,7,0,0,1,36,2,1,4,19,75000,1,1,3,2,2,1,1,0,1
2,0,2,30.0,7,4,1,1,36,2,1,4,19,75000,1,1,3,2,2,1,1,0,0
2,0,0,80.0,7,0,1,1,36,2,1,4,19,75000,1,1,3,2,2,0,0,1,1
0,0,0,80.0,10,1,1,1,26,0,0,4,7,25000,2,0,3,0,2,1,0,0,0
0,0,0,55.0,18,1,0,1,26,0,0,4,7,25000,2,0,3,0,2,0,0,0,0
0,1,0,80.0,14,4,0,1,26,0,0,4,7,25000,2,0,3,0,2,1,0,0,0
0,1,0,80.0,18,1,1,1,26,0,0,4,7,25000,2,0,3,0,2,0,0,0,0
0,1,0,30.0,22,0,0,1,26,0,0,4,7,25000,2,0,3,0,2,0,0,0,1
0,1,1,55.0,22,3,0,1,26,0,0,4,7,25000,2,0,3,0,2,1,0,0,1
0,1,2,30.0,10,2,1,1,26,0,0,4,7,25000,2,0,3,0,2,1,0,0,1
0,1,2,30.0,22,2,1,1,26,0,0,4,7,25000,2,0,3,0,2,1,0,0,1
0,3,0,80.0,22,0,1,1,26,0,0,4,7,25000,2,0,3,0,2,1,0,0,0
0,3,0,30.0,10,3,1,1,26,0,0,4,7,25000,2,0,3,0,2,1,0,0,1
0,3,1,55.0,10,2,0,1,26,0,0,4,7,25000,2,0,3,0,2,0,0,0,0
0,3,1,55.0,14,0,0,1,26,0,0,4,7,25000,2,0,3,0,2,1,0,0,1
0,3,2,30.0,14,1,0,1,26,0,0,4,7,25000,2,0,3,0,2,1,0,0,0
1,0,0,30.0,18,2,0,1,26,0,0,4,7,25000,2,0,3,0,2,1,0,1,1
1,0,2,30.0,18,1,1,1,26,0,0,4,7,25000,2,0,3,0,2,1,0,0,0
1,0,2,30.0,22,4,0,1,26,0,0,4,7,25000,2,0,3,0,2,0,0,0,0
1,3,0,80.0,18,1,1,1,26,0,0,4,7,25000,2,0,3,0,2,0,0,1,0
1,0,0,80.0,18,3,0,1,26,0,0,4,7,25000,2,0,3,0,2,0,0,1,1
2,0,1,80.0,7,0,0,1,26,0,0,4,7,25000,2,0,3,0,2,1,1,0,0
2,0,2,30.0,7,0,0,1,26,0,0,4,7,25000,2,0,3,0,2,1,1,0,0
2,0,2,30.0,7,4,1,1,26,0,0,4,7,25000,2,0,3,0,2,1,1,0,0
2,0,0,80.0,7,0,1,1,26,0,0,4,7,25000,2,0,3,0,2,0,0,1,1
0,0,0,80.0,10,1,1,1,21,1,0,4,0,50000,1,2,2,1,1,1,0,0,0
0,1,0,80.0,10,0,1,1,21,1,0,4,0,50000,1,2,2,1,1,0,0,0,1
0,0,0,55.0,18,1,0,1,21,1,0,4,0,50000,1,2,2,1,1,0,0,0,1
0,1,0,80.0,14,4,0,1,21,1,0,4,0,50000,1,2,2,1,1,1,0,0,0
0,1,0,80.0,18,1,1,1,21,1,0,4,0,50000,1,2,2,1,1,0,0,0,1
0,1,0,55.0,10,1,1,1,21,1,0,4,0,50000,1,2,2,1,1,1,0,0,1
0,1,0,55.0,18,2,1,1,21,1,0,4,0,50000,1,2,2,1,1,1,0,0,1
0,1,0,30.0,22,0,0,1,21,1,0,4,0,50000,1,2,2,1,1,0,0,0,1
0,1,1,55.0,22,3,0,1,21,1,0,4,0,50000,1,2,2,1,1,1,0,0,1
0,1,2,30.0,10,2,1,1,21,1,0,4,0,50000,1,2,2,1,1,1,0,0,0
0,1,2,30.0,22,2,1,1,21,1,0,4,0,50000,1,2,2,1,1,1,0,0,0
0,0,0,80.0,10,1,1,1,21,1,0,4,0,50000,1,2,2,1,1,0,0,0,1
1,0,0,30.0,18,2,0,1,21,1,0,4,0,50000,1,2,2,1,1,1,0,1,1
1,0,1,55.0,22,1,1,1,21,1,0,4,0,50000,1,2,2,1,1,0,0,1,1
1,0,2,30.0,18,1,1,1,21,1,0,4,0,50000,1,2,2,1,1,1,0,0,1
1,0,2,30.0,22,4,0,1,21,1,0,4,0,50000,1,2,2,1,1,0,0,0,1
1,0,0,80.0,18,3,0,1,21,1,0,4,0,50000,1,2,2,1,1,0,0,1,1
2,0,1,55.0,7,0,0,1,21,1,0,4,0,50000,1,2,2,1,1,1,1,0,0
2,0,1,55.0,7,4,1,1,21,1,0,4,0,50000,1,2,2,1,1,1,1,0,1
2,0,2,30.0,7,0,0,1,21,1,0,4,0,50000,1,2,2,1,1,1,1,0,0
2,0,2,30.0,7,4,1,1,21,1,0,4,0,50000,1,2,2,1,1,1,1,0,1
2,0,0,80.0,7,0,1,1,21,1,0,4,0,50000,1,2,2,1,1,0,0,1,1
0,0,0,80.0,10,1,1,1,31,1,0,2,0,12500,2,1,3,1,0,1,0,0,1
0,1,0,80.0,10,0,1,1,31,1,0,2,0,12500,2,1,3,1,0,0,0,0,1
0,0,0,55.0,18,1,0,1,31,1,0,2,0,12500,2,1,3,1,0,0,0,0,1
0,1,0,80.0,14,4,0,1,31,1,0,2,0,12500,2,1,3,1,0,1,0,0,0
0,1,0,80.0,18,1,1,1,31,1,0,2,0,12500,2,1,3,1,0,0,0,0,0
0,1,0,55.0,10,1,1,1,31,1,0,2,0,12500,2,1,3,1,0,1,0,0,1
0,1,0,55.0,18,2,1,1,31,1,0,2,0,12500,2,1,3,1,0,1,0,0,1
0,1,0,30.0,22,0,0,1,31,1,0,2,0,12500,2,1,3,1,0,0,0,0,1
0,1,1,55.0,22,3,0,1,31,1,0,2,0,12500,2,1,3,1,0,1,0,0,1
0,1,2,30.0,10,2,1,1,31,1,0,2,0,12500,2,1,3,1,0,1,0,0,1
0,1,2,30.0,22,2,1,1,31,1,0,2,0,12500,2,1,3,1,0,1,0,0,1
0,0,0,80.0,10,1,1,1,31,1,0,2,0,12500,2,1,3,1,0,0,0,0,1
1,0,0,30.0,18,2,0,1,31,1,0,2,0,12500,2,1,3,1,0,1,0,1,1
1,0,1,55.0,22,1,1,1,31,1,0,2,0,12500,2,1,3,1,0,0,0,1,1
1,0,2,30.0,18,1,1,1,31,1,0,2,0,12500,2,1,3,1,0,1,0,0,0
1,0,2,30.0,22,4,0,1,31,1,0,2,0,12500,2,1,3,1,0,0,0,0,0
1,0,0,80.0,18,3,0,1,31,1,0,2,0,12500,2,1,3,1,0,0,0,1,1
2,0,1,55.0,7,0,0,1,31,1,0,2,0,12500,2,1,3,1,0,1,1,0,0
2,0,1,55.0,7,4,1,1,31,1,0,2,0,12500,2,1,3,1,0,1,1,0,0
2,0,2,30.0,7,0,0,1,31,1,0,2,0,12500,2,1,3,1,0,1,1,0,0
2,0,2,30.0,7,4,1,1,31,1,0,2,0,12500,2,1,3,1,0,1,1,0,0
2,0,0,80.0,7,0,1,1,31,1,0,2,0,12500,2,1,3,1,0,0,0,1,0
0,0,0,80.0,10,1,1,1,21,1,0,4,7,25000,3,0,3,4,2,1,0,0,0
0,1,0,80.0,10,0,1,1,21,1,0,4,7,25000,3,0,3,4,2,0,0,0,1
0,0,0,80.0,18,1,0,1,21,1,0,4,7,25000,3,0,3,4,2,0,0,0,0
0,1,0,80.0,14,4,0,1,21,1,0,4,7,25000,3,0,3,4,2,1,0,0,0
0,1,0,80.0,18,1,1,1,21,1,0,4,7,25000,3,0,3,4,2,0,0,0,0
0,1,0,55.0,10,1,1,1,21,1,0,4,7,25000,3,0,3,4,2,1,0,0,1
0,1,0,55.0,18,2,1,1,21,1,0,4,7,25000,3,0,3,4,2,1,0,0,1
0,1,0,30.0,22,0,0,1,21,1,0,4,7,25000,3,0,3,4,2,0,0,0,0
0,1,1,55.0,22,3,0,1,21,1,0,4,7,25000,3,0,3,4,2,1,0,0,1
0,1,2,30.0,10,2,1,1,21,1,0,4,7,25000,3,0,3,4,2,1,0,0,1
0,1,2,30.0,22,2,1,1,21,1,0,4,7,25000,3,0,3,4,2,1,0,0,1
0,0,0,80.0,10,1,1,1,21,1,0,4,7,25000,3,0,3,4,2,0,0,0,0
1,0,0,30.0,18,2,0,1,21,1,0,4,7,25000,3,0,3,4,2,1,0,1,1
1,0,1,55.0,22,1,1,1,21,1,0,4,7,25000,3,0,3,4,2,0,0,1,1
1,0,2,30.0,18,1,1,1,21,1,0,4,7,25000,3,0,3,4,2,1,0,0,0
1,0,2,30.0,22,4,0,1,21,1,0,4,7,25000,3,0,3,4,2,0,0,0,0
1,0,0,80.0,18,3,0,1,21,1,0,4,7,25000,3,0,3,4,2,0,0,1,1
2,0,1,55.0,7,0,0,1,21,1,0,4,7,25000,3,0,3,4,2,1,1,0,0
2,0,1,55.0,7,4,1,1,21,1,0,4,7,25000,3,0,3,4,2,1,1,0,0
2,0,2,30.0,7,0,0,1,21,1,0,4,7,25000,3,0,3,4,2,1,1,0,0
2,0,2,30.0,7,4,1,1,21,1,0,4,7,25000,3,0,3,4,2,1,1,0,0
2,0,0,80.0,7,0,1,1,21,1,0,4,7,25000,3,0,3,4,2,0,0,1,1
0,2,1,55.0,18,2,0,0,51,2,1,2,3,50000,1,0,3,2,1,1,0,0,1
0,2,1,55.0,22,3,1,0,51,2,1,2,3,50000,1,0,3,2,1,1,0,0,0
0,2,2,30.0,18,3,1,0,51,2,1,2,3,50000,1,0,3,2,1,1,0,0,0
0,0,0,80.0,10,1,1,0,51,2,1,2,3,50000,1,0,3,2,1,1,0,0,1
0,0,0,55.0,18,1,0,0,51,2,1,2,3,50000,1,0,3,2,1,0,0,0,0
0,1,0,80.0,14,4,0,0,51,2,1,2,3,50000,1,0,3,2,1,1,0,0,1
0,1,0,80.0,18,1,1,0,51,2,1,2,3,50000,1,0,3,2,1,0,0,0,1
0,1,0,30.0,22,0,0,0,51,2,1,2,3,50000,1,0,3,2,1,0,0,0,1
0,1,1,55.0,22,3,0,0,51,2,1,2,3,50000,1,0,3,2,1,1,0,0,0
0,1,2,30.0,10,2,1,0,51,2,1,2,3,50000,1,0,3,2,1,1,0,0,1
0,1,2,30.0,22,2,1,0,51,2,1,2,3,50000,1,0,3,2,1,1,0,0,1
0,2,0,80.0,14,4,1,0,51,2,1,2,3,50000,1,0,3,2,1,0,0,0,1
0,2,0,55.0,14,1,1,0,51,2,1,2,3,50000,1,0,3,2,1,1,0,0,0
1,0,0,30.0,18,2,0,0,51,2,1,2,3,50000,1,0,3,2,1,1,0,1,1
1,0,2,30.0,18,1,1,0,51,2,1,2,3,50000,1,0,3,2,1,1,0,0,1
1,0,2,30.0,22,4,0,0,51,2,1,2,3,50000,1,0,3,2,1,0,0,0,1
1,0,0,80.0,18,3,0,0,51,2,1,2,3,50000,1,0,3,2,1,0,0,1,0
1,3,0,30.0,22,2,0,0,51,2,1,2,3,50000,1,0,3,2,1,1,0,0,1
2,0,1,55.0,7,0,0,0,51,2,1,2,3,50000,1,0,3,2,1,1,1,0,0
2,0,2,30.0,7,0,0,0,51,2,1,2,3,50000,1,0,3,2,1,1,1,0,0
2,0,2,30.0,7,4,1,0,51,2,1,2,3,50000,1,0,3,2,1,1,1,0,1
2,0,0,80.0,7,0,1,0,51,2,1,2,3,50000,1,0,3,2,1,0,0,1,1
0,2,1,55.0,18,2,0,0,41,2,1,3,3,62500,0,1,1,1,1,1,0,0,0
0,2,1,55.0,22,3,1,0,41,2,1,3,3,62500,0,1,1,1,1,1,0,0,0
0,2,2,30.0,18,3,1,0,41,2,1,3,3,62500,0,1,1,1,1,1,0,0,1
0,0,0,80.0,10,1,1,0,41,2,1,3,3,62500,0,1,1,1,1,1,0,0,1
0,0,0,55.0,18,1,0,0,41,2,1,3,3,62500,0,1,1,1,1,0,0,0,0
0,1,0,80.0,14,4,0,0,41,2,1,3,3,62500,0,1,1,1,1,1,0,0,1
0,1,0,80.0,18,1,1,0,41,2,1,3,3,62500,0,1,1,1,1,0,0,0,1
0,1,0,30.0,22,0,0,0,41,2,1,3,3,62500,0,1,1,1,1,0,0,0,1
0,1,1,80.0,22,3,0,0,41,2,1,3,3,62500,0,1,1,1,1,1,0,0,0
0,1,2,30.0,10,2,1,0,41,2,1,3,3,62500,0,1,1,1,1,1,0,0,0
0,1,2,30.0,22,2,1,0,41,2,1,3,3,62500,0,1,1,1,1,1,0,0,1
0,2,0,80.0,14,4,1,0,41,2,1,3,3,62500,0,1,1,1,1,0,0,0,0
0,2,0,55.0,14,1,1,0,41,2,1,3,3,62500,0,1,1,1,1,1,0,0,1
1,0,0,30.0,18,2,0,0,41,2,1,3,3,62500,0,1,1,1,1,1,0,1,1
1,0,2,30.0,18,1,1,0,41,2,1,3,3,62500,0,1,1,1,1,1,0,0,0
1,0,2,30.0,22,4,0,0,41,2,1,3,3,62500,0,1,1,1,1,0,0,0,0
1,0,0,80.0,18,3,0,0,41,2,1,3,3,62500,0,1,1,1,1,0,0,1,0
1,3,0,30.0,22,2,0,0,41,2,1,3,3,62500,0,1,1,1,1,1,0,0,1
2,0,1,55.0,7,0,0,0,41,2,1,3,3,62500,0,1,1,1,1,1,1,0,0
2,0,2,30.0,7,0,0,0,41,2,1,3,3,62500,0,1,1,1,1,1,1,0,0
2,0,2,30.0,7,4,1,0,41,2,1,3,3,62500,0,1,1,1,1,1,1,0,1
2,0,0,80.0,7,0,1,0,41,2,1,3,3,62500,0,1,1,1,1,0,0,1,0
0,0,0,80.0,10,1,1,1,31,1,0,2,13,12500,3,0,4,2,0,1,0,0,0
0,1,0,80.0,10,0,1,1,31,1,0,2,13,12500,3,0,4,2,0,0,0,0,1
0,0,0,55.0,18,1,0,1,31,1,0,2,13,12500,3,0,4,2,0,0,0,0,0
0,1,0,80.0,14,4,0,1,31,1,0,2,13,12500,3,0,4,2,0,1,0,0,0
0,1,0,80.0,18,1,1,1,31,1,0,2,13,12500,3,0,4,2,0,0,0,0,0
0,1,0,55.0,10,1,1,1,31,1,0,2,13,12500,3,0,4,2,0,1,0,0,0
0,1,0,55.0,18,2,1,1,31,1,0,2,13,12500,3,0,4,2,0,1,0,0,1
0,1,0,30.0,22,0,0,1,31,1,0,2,13,12500,3,0,4,2,0,0,0,0,0
0,1,1,55.0,22,3,0,1,31,1,0,2,13,12500,3,0,4,2,0,1,0,0,1
0,1,2,30.0,10,2,1,1,31,1,0,2,13,12500,3,0,4,2,0,1,0,0,1
0,1,2,30.0,22,2,1,1,31,1,0,2,13,12500,3,0,4,2,0,1,0,0,0
0,0,0,80.0,10,1,1,1,31,1,0,2,13,12500,3,0,4,2,0,0,0,0,0
1,0,0,30.0,18,2,0,1,31,1,0,2,13,12500,3,0,4,2,0,1,0,1,1
1,0,1,55.0,22,1,1,1,31,1,0,2,13,12500,3,0,4,2,0,0,0,1,0
1,0,2,30.0,18,1,1,1,31,1,0,2,13,12500,3,0,4,2,0,1,0,0,0
1,0,2,30.0,22,4,0,1,31,1,0,2,13,12500,3,0,4,2,0,0,0,0,0
1,0,0,80.0,18,3,0,1,31,1,0,2,13,12500,3,0,4,2,0,0,0,1,1
2,0,1,55.0,7,0,0,1,31,1,0,2,13,12500,3,0,4,2,0,1,1,0,0
2,0,1,55.0,7,4,1,1,31,1,0,2,13,12500,3,0,4,2,0,1,1,0,0
2,0,2,30.0,7,0,0,1,31,1,0,2,13,12500,3,0,4,2,0,1,1,0,0
2,0,2,30.0,7,4,1,1,31,1,0,2,13,12500,3,0,4,2,0,1,1,0,0
2,0,0,80.0,7,0,1,1,31,1,0,2,13,12500,3,0,4,2,0,0,0,1,1
0,0,0,80.0,10,1,1,0,46,0,0,5,0,100000,0,1,1,2,1,1,0,0,1
0,0,0,55.0,18,1,0,0,46,0,0,5,0,100000,0,1,1,2,1,0,0,0,1
0,1,0,80.0,14,4,0,0,46,0,0,5,0,100000,0,1,1,2,1,1,0,0,1
0,1,0,80.0,18,1,1,0,46,0,0,5,0,100000,0,1,1,2,1,0,0,0,0
0,1,0,30.0,22,0,0,0,46,0,0,5,0,100000,0,1,1,2,1,0,0,0,1
0,1,1,55.0,22,3,0,0,46,0,0,5,0,100000,0,1,1,2,1,1,0,0,1
0,1,2,30.0,10,2,1,0,46,0,0,5,0,100000,0,1,1,2,1,1,0,0,1
0,1,2,30.0,22,2,1,0,46,0,0,5,0,100000,0,1,1,2,1,1,0,0,1
0,3,0,80.0,22,0,1,0,46,0,0,5,0,100000,0,1,1,2,1,1,0,0,1
0,3,0,30.0,10,3,1,0,46,0,0,5,0,100000,0,1,1,2,1,1,0,0,0
0,3,1,55.0,10,2,0,0,46,0,0,5,0,100000,0,1,1,2,1,0,0,0,1
0,3,1,55.0,14,0,0,0,46,0,0,5,0,100000,0,1,1,2,1,1,0,0,1
0,3,2,30.0,14,1,0,0,46,0,0,5,0,100000,0,1,1,2,1,1,0,0,1
1,0,0,30.0,18,2,0,0,46,0,0,5,0,100000,0,1,1,2,1,1,0,1,1
1,0,2,80.0,18,1,1,0,46,0,0,5,0,100000,0,1,1,2,1,1,0,0,0
1,0,2,30.0,22,4,0,0,46,0,0,5,0,100000,0,1,1,2,1,0,0,0,0
1,3,0,80.0,18,1,1,0,46,0,0,5,0,100000,0,1,1,2,1,0,0,1,0
1,0,0,80.0,18,3,0,0,46,0,0,5,0,100000,0,1,1,2,1,0,0,1,0
2,0,1,55.0,7,0,0,0,46,0,0,5,0,100000,0,1,1,2,1,1,1,0,0
2,0,2,30.0,7,0,0,0,46,0,0,5,0,100000,0,1,1,2,1,1,1,0,0
2,0,2,30.0,7,4,1,0,46,0,0,5,0,100000,0,1,1,2,1,1,1,0,0
0,0,0,80.0,10,1,1,0,46,2,0,4,14,12500,2,3,3,2,1,1,0,0,1
0,0,0,55.0,18,1,0,0,46,2,0,4,14,12500,2,3,3,2,1,0,0,0,0
0,1,0,80.0,14,4,0,0,46,2,0,4,14,12500,2,3,3,2,1,1,0,0,0
0,1,0,80.0,18,1,1,0,46,2,0,4,14,12500,2,3,3,2,1,0,0,0,1
0,1,0,30.0,22,0,0,0,46,2,0,4,14,12500,2,3,3,2,1,0,0,0,1
0,1,1,55.0,22,3,0,0,46,2,0,4,14,12500,2,3,3,2,1,1,0,0,0
0,1,2,30.0,10,2,1,0,46,2,0,4,14,12500,2,3,3,2,1,1,0,0,1
0,1,2,30.0,22,2,1,0,46,2,0,4,14,12500,2,3,3,2,1,1,0,0,1
0,3,0,80.0,22,0,1,0,46,2,0,4,14,12500,2,3,3,2,1,1,0,0,1
0,3,0,30.0,10,3,1,0,46,2,0,4,14,12500,2,3,3,2,1,1,0,0,1
0,3,1,55.0,10,2,0,0,46,2,0,4,14,12500,2,3,3,2,1,0,0,0,1
0,3,1,55.0,14,0,0,0,46,2,0,4,14,12500,2,3,3,2,1,1,0,0,1
0,3,2,30.0,14,1,0,0,46,2,0,4,14,12500,2,3,3,2,1,1,0,0,0
1,0,0,30.0,18,2,0,0,46,2,0,4,14,12500,2,3,3,2,1,1,0,1,1
1,0,2,30.0,18,1,1,0,46,2,0,4,14,12500,2,3,3,2,1,1,0,0,1
1,0,2,30.0,22,4,0,0,46,2,0,4,14,12500,2,3,3,2,1,0,0,0,0
1,3,0,80.0,18,1,1,0,46,2,0,4,14,12500,2,3,3,2,1,0,0,1,1
1,0,0,80.0,18,3,0,0,46,2,0,4,14,12500,2,3,3,2,1,0,0,1,1
2,0,1,55.0,7,0,0,0,46,2,0,4,14,12500,2,3,3,2,1,1,1,0,0
2,0,2,30.0,7,0,0,0,46,2,0,4,14,12500,2,3,3,2,1,1,1,0,0
2,0,2,30.0,7,4,1,0,46,2,0,4,14,12500,2,3,3,2,1,1,1,0,1
2,0,0,80.0,7,0,1,0,46,2,0,4,14,12500,2,3,3,2,1,0,0,1,1
0,2,1,55.0,18,2,0,1,31,1,1,3,17,37500,2,3,2,2,1,1,0,0,0
0,2,1,55.0,22,3,1,1,31,1,1,3,17,37500,2,3,2,2,1,1,0,0,0
0,2,2,30.0,18,3,1,1,31,1,1,3,17,37500,2,3,2,2,1,1,0,0,0
0,0,0,80.0,10,1,1,1,31,1,1,3,17,37500,2,3,2,2,1,1,0,0,0
0,0,0,55.0,18,1,0,1,31,1,1,3,17,37500,2,3,2,2,1,0,0,0,0
0,1,0,80.0,14,4,0,1,31,1,1,3,17,37500,2,3,2,2,1,1,0,0,1
0,1,0,80.0,18,1,1,1,31,1,1,3,17,37500,2,3,2,2,1,0,0,0,0
0,1,0,30.0,22,0,0,1,31,1,1,3,17,37500,2,3,2,2,1,0,0,0,1
0,1,1,55.0,22,3,0,1,31,1,1,3,17,37500,2,3,2,2,1,1,0,0,1
0,1,2,30.0,10,2,1,1,31,1,1,3,17,37500,2,3,2,2,1,1,0,0,0
0,1,2,30.0,22,2,1,1,31,1,1,3,17,37500,2,3,2,2,1,1,0,0,0
0,2,0,80.0,14,4,1,1,31,1,1,3,17,37500,2,3,2,2,1,0,0,0,1
0,2,0,55.0,14,1,1,1,31,1,1,3,17,37500,2,3,2,2,1,1,0,0,0
1,0,0,30.0,18,2,0,1,31,1,1,3,17,37500,2,3,2,2,1,1,0,1,0
1,0,2,30.0,18,1,1,1,31,1,1,3,17,37500,2,3,2,2,1,1,0,0,0
1,0,2,30.0,22,4,0,1,31,1,1,3,17,37500,2,3,2,2,1,0,0,0,0
1,0,0,80.0,18,3,0,1,31,1,1,3,17,37500,2,3,2,2,1,0,0,1,0
1,3,0,30.0,22,2,0,1,31,1,1,3,17,37500,2,3,2,2,1,1,0,0,0
2,0,1,55.0,7,0,0,1,31,1,1,3,17,37500,2,3,2,2,1,1,1,0,1
2,0,2,30.0,7,0,0,1,31,1,1,3,17,37500,2,3,2,2,1,1,1,0,1
2,0,2,30.0,7,4,1,1,31,1,1,3,17,37500,2,3,2,2,1,1,1,0,0
2,0,0,80.0,7,0,1,1,31,1,1,3,17,37500,2,3,2,2,1,0,0,1,0
0,0,0,80.0,10,1,1,1,51,4,0,2,17,0,0,0,2,1,1,1,0,0,0
0,1,0,80.0,10,0,1,1,51,4,0,2,17,0,0,0,2,1,1,0,0,0,1
0,0,0,55.0,18,1,0,1,51,4,0,2,17,0,0,0,2,1,1,0,0,0,0
0,1,0,80.0,14,4,0,1,51,4,0,2,17,0,0,0,2,1,1,1,0,0,0
0,1,0,80.0,18,1,1,1,51,4,0,2,17,0,0,0,2,1,1,0,0,0,1
0,1,0,55.0,10,1,1,1,51,4,0,2,17,0,0,0,2,1,1,1,0,0,1
0,1,0,55.0,18,2,1,1,51,4,0,2,17,0,0,0,2,1,1,1,0,0,1
0,1,0,30.0,22,0,0,1,51,4,0,2,17,0,0,0,2,1,1,0,0,0,0
0,1,1,55.0,22,3,0,1,51,4,0,2,17,0,0,0,2,1,1,1,0,0,0
0,1,2,30.0,10,2,1,1,51,4,0,2,17,0,0,0,2,1,1,1,0,0,1
0,1,2,30.0,22,2,1,1,51,4,0,2,17,0,0,0,2,1,1,1,0,0,0
0,0,0,80.0,10,1,1,1,51,4,0,2,17,0,0,0,2,1,1,0,0,0,0
1,0,0,30.0,18,2,0,1,51,4,0,2,17,0,0,0,2,1,1,1,0,1,1
1,0,1,55.0,22,1,1,1,51,4,0,2,17,0,0,0,2,1,1,0,0,1,1
1,0,2,30.0,18,1,1,1,51,4,0,2,17,0,0,0,2,1,1,1,0,0,0
1,0,2,30.0,22,4,0,1,51,4,0,2,17,0,0,0,2,1,1,0,0,0,0
1,0,0,80.0,18,3,0,1,51,4,0,2,17,0,0,0,2,1,1,0,0,1,0
2,0,1,55.0,7,0,0,1,51,4,0,2,17,0,0,0,2,1,1,1,1,0,0
2,0,1,55.0,7,4,1,1,51,4,0,2,17,0,0,0,2,1,1,1,1,0,0
2,0,2,30.0,7,0,0,1,51,4,0,2,17,0,0,0,2,1,1,1,1,0,0
2,0,2,30.0,7,4,1,1,51,4,0,2,17,0,0,0,2,1,1,1,1,0,0
2,0,0,80.0,7,0,1,1,51,4,0,2,17,0,0,0,2,1,1,0,0,1,1
0,2,1,55.0,18,2,0,1,51,2,1,5,3,87500,0,3,2,3,1,1,0,0,1
0,2,1,55.0,22,3,1,1,51,2,1,5,3,87500,0,3,2,3,1,1,0,0,0
0,2,2,30.0,18,3,1,1,51,2,1,5,3,87500,0,3,2,3,1,1,0,0,0
0,0,0,80.0,10,1,1,1,51,2,1,5,3,87500,0,3,2,3,1,1,0,0,1
0,0,0,55.0,18,1,0,1,51,2,1,5,3,87500,0,3,2,3,1,0,0,0,1
0,1,0,80.0,14,4,0,1,51,2,1,5,3,87500,0,3,2,3,1,1,0,0,0
0,1,0,80.0,18,1,1,1,51,2,1,5,3,87500,0,3,2,3,1,0,0,0,1
0,1,0,30.0,22,0,0,1,51,2,1,5,3,87500,0,3,2,3,1,0,0,0,1
0,1,1,55.0,22,3,0,1,51,2,1,5,3,87500,0,3,2,3,1,1,0,0,0
0,1,2,30.0,10,2,1,1,51,2,1,5,3,87500,0,3,2,3,1,1,0,0,1
0,1,2,30.0,22,2,1,1,51,2,1,5,3,87500,0,3,2,3,1,1,0,0,1
0,2,0,80.0,14,4,1,1,51,2,1,5,3,87500,0,3,2,3,1,0,0,0,0
0,2,0,55.0,14,1,1,1,51,2,1,5,3,87500,0,3,2,3,1,1,0,0,1
1,0,0,30.0,18,2,0,1,51,2,1,5,3,87500,0,3,2,3,1,1,0,1,1
1,0,2,30.0,18,1,1,1,51,2,1,5,3,87500,0,3,2,3,1,1,0,0,1
1,0,2,30.0,22,4,0,1,51,2,1,5,3,87500,0,3,2,3,1,0,0,0,0
1,0,0,80.0,18,3,0,1,51,2,1,5,3,87500,0,3,2,3,1,0,0,1,0
1,3,0,30.0,22,2,0,1,51,2,1,5,3,87500,0,3,2,3,1,1,0,0,1
2,0,1,55.0,7,0,0,1,51,2,1,5,3,87500,0,3,2,3,1,1,1,0,0
2,0,2,30.0,7,0,0,1,51,2,1,5,3,87500,0,3,2,3,1,1,1,0,0
2,0,2,30.0,7,4,1,1,51,2,1,5,3,87500,0,3,2,3,1,1,1,0,0
2,0,0,80.0,7,0,1,1,51,2,1,5,3,87500,0,3,2,3,1,0,0,1,0
0,2,1,55.0,18,2,0,0,36,2,1,3,5,75000,1,0,3,2,1,1,0,0,1
0,2,1,55.0,22,3,1,0,36,2,1,3,5,75000,1,0,3,2,1,1,0,0,0
0,2,2,30.0,18,3,1,0,36,2,1,3,5,75000,1,0,3,2,1,1,0,0,0
0,0,0,80.0,10,1,1,0,36,2,1,3,5,75000,1,0,3,2,1,1,0,0,0
0,0,0,55.0,18,1,0,0,36,2,1,3,5,75000,1,0,3,2,1,0,0,0,0
0,1,0,80.0,14,4,0,0,36,2,1,3,5,75000,1,0,3,2,1,1,0,0,1
0,1,0,80.0,18,1,1,0,36,2,1,3,5,75000,1,0,3,2,1,0,0,0,0
0,1,0,30.0,22,0,0,0,36,2,1,3,5,75000,1,0,3,2,1,0,0,0,0
0,1,1,55.0,22,3,0,0,36,2,1,3,5,75000,1,0,3,2,1,1,0,0,1
0,1,2,30.0,10,2,1,0,36,2,1,3,5,75000,1,0,3,2,1,1,0,0,1
0,1,2,30.0,22,2,1,0,36,2,1,3,5,75000,1,0,3,2,1,1,0,0,1
0,2,0,80.0,14,4,1,0,36,2,1,3,5,75000,1,0,3,2,1,0,0,0,1
0,2,0,55.0,14,1,1,0,36,2,1,3,5,75000,1,0,3,2,1,1,0,0,0
1,0,0,30.0,18,2,0,0,36,2,1,3,5,75000,1,0,3,2,1,1,0,1,1
1,0,2,30.0,18,1,1,0,36,2,1,3,5,75000,1,0,3,2,1,1,0,0,0
1,0,2,30.0,22,4,0,0,36,2,1,3,5,75000,1,0,3,2,1,0,0,0,0
1,0,0,80.0,18,3,0,0,36,2,1,3,5,75000,1,0,3,2,1,0,0,1,0
1,3,0,30.0,22,2,0,0,36,2,1,3,5,75000,1,0,3,2,1,1,0,0,1
2,0,1,55.0,7,0,0,0,36,2,1,3,5,75000,1,0,3,2,1,1,1,0,1
2,0,2,30.0,7,0,0,0,36,2,1,3,5,75000,1,0,3,2,1,1,1,0,0
2,0,2,30.0,7,4,1,0,36,2,1,3,5,75000,1,0,3,2,1,1,1,0,1
2,0,0,80.0,7,0,1,0,36,2,1,3,5,75000,1,0,3,2,1,0,0,1,1
0,0,0,80.0,10,1,1,1,21,1,0,3,9,37500,0,1,2,1,1,1,0,0,1
0,1,0,80.0,10,0,1,1,21,1,0,3,9,37500,0,1,2,1,1,0,0,0,1
0,0,0,55.0,18,1,0,1,21,1,0,3,9,37500,0,1,2,1,1,0,0,0,1
0,1,0,80.0,14,4,0,1,21,1,0,3,9,37500,0,1,2,1,1,1,0,0,1
0,1,0,80.0,18,1,1,1,21,1,0,3,9,37500,0,1,2,1,1,0,0,0,1
0,1,0,55.0,18,2,1,1,21,1,0,3,9,37500,0,1,2,1,1,1,0,0,1
0,1,0,30.0,22,0,0,1,21,1,0,3,9,37500,0,1,2,1,1,0,0,0,1
0,1,1,55.0,22,3,0,1,21,1,0,3,9,37500,0,1,2,1,1,1,0,0,0
0,1,2,30.0,10,2,1,1,21,1,0,3,9,37500,0,1,2,1,1,1,0,0,1
0,1,2,30.0,22,2,1,1,21,1,0,3,9,37500,0,1,2,1,1,1,0,0,1
0,0,0,80.0,10,1,1,1,21,1,0,3,9,37500,0,1,2,1,1,0,0,0,0
1,0,0,30.0,18,2,0,1,21,1,0,3,9,37500,0,1,2,1,1,1,0,1,1
1,0,1,55.0,22,1,1,1,21,1,0,3,9,37500,0,1,2,1,1,0,0,1,1
1,0,2,30.0,18,1,1,1,21,1,0,3,9,37500,0,1,2,1,1,1,0,0,0
1,0,2,30.0,22,4,0,1,21,1,0,3,9,37500,0,1,2,1,1,0,0,0,1
1,0,0,80.0,18,3,0,1,21,1,0,3,9,37500,0,1,2,1,1,0,0,1,0
2,0,1,55.0,7,0,0,1,21,1,0,3,9,37500,0,1,2,1,1,1,1,0,1
2,0,1,55.0,7,4,1,1,21,1,0,3,9,37500,0,1,2,1,1,1,1,0,1
2,0,2,30.0,7,0,0,1,21,1,0,3,9,37500,0,1,2,1,1,1,1,0,1
2,0,2,30.0,7,4,1,1,21,1,0,3,9,37500,0,1,2,1,1,1,1,0,1
2,0,0,80.0,7,0,1,1,21,1,0,3,9,37500,0,1,2,1,1,0,0,1,1
0,0,0,80.0,10,1,1,1,26,2,0,5,1,100000,2,2,2,3,3,1,0,0,1
0,0,0,55.0,18,1,0,1,26,2,0,5,1,100000,2,2,2,3,3,0,0,0,1
0,1,0,80.0,14,4,0,1,26,2,0,5,1,100000,2,2,2,3,3,1,0,0,1
0,1,0,80.0,18,1,1,1,26,2,0,5,1,100000,2,2,2,3,3,0,0,0,1
0,1,0,30.0,22,0,0,1,26,2,0,5,1,100000,2,2,2,3,3,0,0,0,1
0,1,1,55.0,22,3,0,1,26,2,0,5,1,100000,2,2,2,3,3,1,0,0,1
0,1,2,30.0,10,2,1,1,26,2,0,5,1,100000,2,2,2,3,3,1,0,0,0
0,1,2,30.0,22,2,1,1,26,2,0,5,1,100000,2,2,2,3,3,1,0,0,0
0,3,0,80.0,22,0,1,1,26,2,0,5,1,100000,2,2,2,3,3,1,0,0,1
0,3,0,30.0,10,3,1,1,26,2,0,5,1,100000,2,2,2,3,3,1,0,0,1
0,3,1,55.0,10,2,0,1,26,2,0,5,1,100000,2,2,2,3,3,0,0,0,0
0,3,1,55.0,14,0,0,1,26,2,0,5,1,100000,2,2,2,3,3,1,0,0,1
0,3,2,80.0,14,1,0,1,26,2,0,5,1,100000,2,2,2,3,3,1,0,0,0
1,0,0,30.0,18,2,0,1,26,2,0,5,1,100000,2,2,2,3,3,1,0,1,1
1,0,2,30.0,18,1,1,1,26,2,0,5,1,100000,2,2,2,3,3,1,0,0,0
1,0,2,30.0,22,4,0,1,26,2,0,5,1,100000,2,2,2,3,3,0,0,0,1
1,3,0,80.0,18,1,1,1,26,2,0,5,1,100000,2,2,2,3,3,0,0,1,1
1,0,0,80.0,18,3,0,1,26,2,0,5,1,100000,2,2,2,3,3,0,0,1,1
2,0,1,55.0,7,0,0,1,26,2,0,5,1,100000,2,2,2,3,3,1,1,0,0
2,0,2,30.0,7,0,0,1,26,2,0,5,1,100000,2,2,2,3,3,1,1,0,0
2,0,2,30.0,7,4,1,1,26,2,0,5,1,100000,2,2,2,3,3,1,1,0,1
2,0,0,80.0,7,0,1,1,26,2,0,5,1,100000,2,2,2,3,3,0,0,1,1
0,2,1,55.0,18,2,0,0,41,2,1,5,9,75000,1,3,4,2,1,1,0,0,1
0,2,1,55.0,22,3,1,0,41,2,1,5,9,75000,1,3,4,2,1,1,0,0,0
0,2,2,30.0,18,3,1,0,41,2,1,5,9,75000,1,3,4,2,1,1,0,0,0
0,0,0,80.0,10,1,1,0,41,2,1,5,9,75000,1,3,4,2,1,1,0,0,1
0,0,0,55.0,18,1,0,0,41,2,1,5,9,75000,1,3,4,2,1,0,0,0,1
0,1,0,80.0,14,4,0,0,41,2,1,5,9,75000,1,3,4,2,1,1,0,0,1
0,1,0,80.0,18,1,1,0,41,2,1,5,9,75000,1,3,4,2,1,0,0,0,1
0,1,0,30.0,22,0,0,0,41,2,1,5,9,75000,1,3,4,2,1,0,0,0,1
0,1,1,55.0,22,3,0,0,41,2,1,5,9,75000,1,3,4,2,1,1,0,0,1
0,1,2,30.0,10,2,1,0,41,2,1,5,9,75000,1,3,4,2,1,1,0,0,0
0,1,2,30.0,22,2,1,0,41,2,1,5,9,75000,1,3,4,2,1,1,0,0,0
0,2,0,80.0,14,4,1,0,41,2,1,5,9,75000,1,3,4,2,1,0,0,0,0
0,2,0,55.0,14,1,1,0,41,2,1,5,9,75000,1,3,4,2,1,1,0,0,1
1,0,0,30.0,18,2,0,0,41,2,1,5,9,75000,1,3,4,2,1,1,0,1,1
1,0,2,30.0,18,1,1,0,41,2,1,5,9,75000,1,3,4,2,1,1,0,0,0
1,0,2,30.0,22,4,0,0,41,2,1,5,9,75000,1,3,4,2,1,0,0,0,0
1,0,0,80.0,18,3,0,0,41,2,1,5,9,75000,1,3,4,2,1,0,0,1,1
1,3,0,30.0,22,2,0,0,41,2,1,5,9,75000,1,3,4,2,1,1,0,0,1
2,0,1,55.0,7,0,0,0,41,2,1,5,9,75000,1,3,4,2,1,1,1,0,0
2,0,2,30.0,7,0,0,0,41,2,1,5,9,75000,1,3,4,2,1,1,1,0,0
2,0,2,30.0,7,4,1,0,41,2,1,5,9,75000,1,3,4,2,1,1,1,0,0
2,0,0,80.0,7,0,1,0,41,2,1,5,9,75000,1,3,4,2,1,0,0,1,1
0,0,0,80.0,10,1,1,1,26,0,0,4,6,75000,0,0,2,3,2,1,0,0,0
0,0,0,55.0,18,1,0,1,26,0,0,4,6,75000,0,0,2,3,2,0,0,0,0
0,1,0,80.0,14,4,0,1,26,0,0,4,6,75000,0,0,2,3,2,1,0,0,0
0,1,0,80.0,18,1,1,1,26,0,0,4,6,75000,0,0,2,3,2,0,0,0,0
0,1,0,30.0,22,0,0,1,26,0,0,4,6,75000,0,0,2,3,2,0,0,0,1
0,1,1,55.0,22,3,0,1,26,0,0,4,6,75000,0,0,2,3,2,1,0,0,0
0,1,2,30.0,10,2,1,1,26,0,0,4,6,75000,0,0,2,3,2,1,0,0,1
0,1,2,30.0,22,2,1,1,26,0,0,4,6,75000,0,0,2,3,2,1,0,0,1
0,3,0,80.0,22,0,1,1,26,0,0,4,6,75000,0,0,2,3,2,1,0,0,1
0,3,0,30.0,10,3,1,1,26,0,0,4,6,75000,0,0,2,3,2,1,0,0,0
0,3,1,55.0,10,2,0,1,26,0,0,4,6,75000,0,0,2,3,2,0,0,0,1
0,3,1,55.0,14,0,0,1,26,0,0,4,6,75000,0,0,2,3,2,1,0,0,0
0,3,2,30.0,14,1,0,1,26,0,0,4,6,75000,0,0,2,3,2,1,0,0,0
1,0,0,30.0,18,2,0,1,26,0,0,4,6,75000,0,0,2,3,2,1,0,1,1
1,0,2,30.0,18,1,1,1,26,0,0,4,6,75000,0,0,2,3,2,1,0,0,0
1,0,2,30.0,22,4,0,1,26,0,0,4,6,75000,0,0,2,3,2,0,0,0,0
1,3,0,80.0,18,1,1,1,26,0,0,4,6,75000,0,0,2,3,2,0,0,1,0
1,0,0,80.0,18,3,0,1,26,0,0,4,6,75000,0,0,2,3,2,0,0,1,0
2,0,1,80.0,7,0,0,1,26,0,0,4,6,75000,0,0,2,3,2,1,1,0,1
2,0,2,30.0,7,0,0,1,26,0,0,4,6,75000,0,0,2,3,2,1,1,0,1
2,0,2,30.0,7,4,1,1,26,0,0,4,6,75000,0,0,2,3,2,1,1,0,1
2,0,0,80.0,7,0,1,1,26,0,0,4,6,75000,0,0,2,3,2,0,0,1,1
0,2,1,55.0,18,2,0,0,51,2,1,4,3,12500,1,3,3,4,1,1,0,0,1
0,2,1,55.0,22,3,1,0,51,2,1,4,3,12500,1,3,3,4,1,1,0,0,0
0,2,2,30.0,18,3,1,0,51,2,1,4,3,12500,1,3,3,4,1,1,0,0,0
0,0,0,80.0,10,1,1,0,51,2,1,4,3,12500,1,3,3,4,1,1,0,0,1
0,0,0,55.0,18,1,0,0,51,2,1,4,3,12500,1,3,3,4,1,0,0,0,0
0,1,0,80.0,14,4,0,0,51,2,1,4,3,12500,1,3,3,4,1,1,0,0,0
0,1,0,80.0,18,1,1,0,51,2,1,4,3,12500,1,3,3,4,1,0,0,0,1
0,1,0,30.0,22,0,0,0,51,2,1,4,3,12500,1,3,3,4,1,0,0,0,1
0,1,1,55.0,22,3,0,0,51,2,1,4,3,12500,1,3,3,4,1,1,0,0,0
0,1,2,30.0,10,2,1,0,51,2,1,4,3,12500,1,3,3,4,1,1,0,0,1
0,1,2,30.0,22,2,1,0,51,2,1,4,3,12500,1,3,3,4,1,1,0,0,1
0,2,0,80.0,14,4,1,0,51,2,1,4,3,12500,1,3,3,4,1,0,0,0,0
0,2,0,55.0,14,1,1,0,51,2,1,4,3,12500,1,3,3,4,1,1,0,0,1
1,0,0,30.0,18,2,0,0,51,2,1,4,3,12500,1,3,3,4,1,1,0,1,1
1,0,2,30.0,18,1,1,0,51,2,1,4,3,12500,1,3,3,4,1,1,0,0,1
1,0,2,30.0,22,4,0,0,51,2,1,4,3,12500,1,3,3,4,1,0,0,0,0
1,0,0,80.0,18,3,0,0,51,2,1,4,3,12500,1,3,3,4,1,0,0,1,0
1,3,0,30.0,22,2,0,0,51,2,1,4,3,12500,1,3,3,4,1,1,0,0,1
2,0,1,55.0,7,0,0,0,51,2,1,4,3,12500,1,3,3,4,1,1,1,0,1
2,0,2,30.0,7,0,0,0,51,2,1,4,3,12500,1,3,3,4,1,1,1,0,0
2,0,2,30.0,7,4,1,0,51,2,1,4,3,12500,1,3,3,4,1,1,1,0,0
2,0,0,80.0,7,0,1,0,51,2,1,4,3,12500,1,3,3,4,1,0,0,1,1
0,0,0,80.0,10,1,1,0,51,1,0,4,17,25000,0,3,3,4,1,1,0,0,1
0,1,0,80.0,10,0,1,0,51,1,0,4,17,25000,0,3,3,4,1,0,0,0,1
0,0,0,55.0,18,1,0,0,51,1,0,4,17,25000,0,3,3,4,1,0,0,0,1
0,1,0,80.0,14,4,0,0,51,1,0,4,17,25000,0,3,3,4,1,1,0,0,0
0,1,0,80.0,18,1,1,0,51,1,0,4,17,25000,0,3,3,4,1,0,0,0,1
0,1,0,55.0,10,1,1,0,51,1,0,4,17,25000,0,3,3,4,1,1,0,0,1
0,1,0,55.0,18,2,1,0,51,1,0,4,17,25000,0,3,3,4,1,1,0,0,1
0,1,0,30.0,22,0,0,0,51,1,0,4,17,25000,0,3,3,4,1,0,0,0,1
0,1,1,55.0,22,3,0,0,51,1,0,4,17,25000,0,3,3,4,1,1,0,0,0
0,1,2,30.0,10,2,1,0,51,1,0,4,17,25000,0,3,3,4,1,1,0,0,1
0,1,2,30.0,22,2,1,0,51,1,0,4,17,25000,0,3,3,4,1,1,0,0,1
0,0,0,80.0,10,1,1,0,51,1,0,4,17,25000,0,3,3,4,1,0,0,0,1
1,0,0,30.0,18,2,0,0,51,1,0,4,17,25000,0,3,3,4,1,1,0,1,1
1,0,1,55.0,22,1,1,0,51,1,0,4,17,25000,0,3,3,4,1,0,0,1,1
1,0,2,30.0,18,1,1,0,51,1,0,4,17,25000,0,3,3,4,1,1,0,0,1
1,0,2,30.0,22,4,0,0,51,1,0,4,17,25000,0,3,3,4,1,0,0,0,0
1,0,0,80.0,18,3,0,0,51,1,0,4,17,25000,0,3,3,4,1,0,0,1,0
2,0,1,55.0,7,0,0,0,51,1,0,4,17,25000,0,3,3,4,1,1,1,0,1
2,0,1,55.0,7,4,1,0,51,1,0,4,17,25000,0,3,3,4,1,1,1,0,0
2,0,2,30.0,7,0,0,0,51,1,0,4,17,25000,0,3,3,4,1,1,1,0,1
2,0,2,30.0,7,4,1,0,51,1,0,4,17,25000,0,3,3,4,1,1,1,0,0
2,0,0,80.0,7,0,1,0,51,1,0,4,17,25000,0,3,3,4,1,0,0,1,1
0,0,0,80.0,10,1,1,1,26,1,0,4,21,50000,3,2,3,2,3,1,0,0,0
0,0,0,55.0,18,1,0,1,26,1,0,4,21,50000,3,2,3,2,3,0,0,0,1
0,1,0,80.0,14,4,0,1,26,1,0,4,21,50000,3,2,3,2,3,1,0,0,1
0,1,0,80.0,18,1,1,1,26,1,0,4,21,50000,3,2,3,2,3,0,0,0,1
0,1,0,30.0,22,0,0,1,26,1,0,4,21,50000,3,2,3,2,3,0,0,0,1
0,1,1,55.0,22,3,0,1,26,1,0,4,21,50000,3,2,3,2,3,1,0,0,1
0,1,2,30.0,10,2,1,1,26,1,0,4,21,50000,3,2,3,2,3,1,0,0,1
0,1,2,30.0,22,2,1,1,26,1,0,4,21,50000,3,2,3,2,3,1,0,0,1
0,3,0,80.0,22,0,1,1,26,1,0,4,21,50000,3,2,3,2,3,1,0,0,1
0,3,0,30.0,10,3,1,1,26,1,0,4,21,50000,3,2,3,2,3,1,0,0,1
0,3,1,55.0,10,2,0,1,26,1,0,4,21,50000,3,2,3,2,3,0,0,0,1
0,3,1,55.0,14,0,0,1,26,1,0,4,21,50000,3,2,3,2,3,1,0,0,0
0,3,2,30.0,14,1,0,1,26,1,0,4,21,50000,3,2,3,2,3,1,0,0,0
1,0,0,30.0,18,2,0,1,26,1,0,4,21,50000,3,2,3,2,3,1,0,1,1
1,0,2,30.0,18,1,1,1,26,1,0,4,21,50000,3,2,3,2,3,1,0,0,0
1,0,2,30.0,22,4,0,1,26,1,0,4,21,50000,3,2,3,2,3,0,0,0,1
1,3,0,80.0,18,1,1,1,26,1,0,4,21,50000,3,2,3,2,3,0,0,1,1
1,0,0,80.0,18,3,0,1,26,1,0,4,21,50000,3,2,3,2,3,0,0,1,1
2,0,1,55.0,7,0,0,1,26,1,0,4,21,50000,3,2,3,2,3,1,1,0,1
2,0,2,30.0,7,0,0,1,26,1,0,4,21,50000,3,2,3,2,3,1,1,0,0
2,0,2,30.0,7,4,1,1,26,1,0,4,21,50000,3,2,3,2,3,1,1,0,0
2,0,0,80.0,7,0,1,1,26,1,0,4,21,50000,3,2,3,2,3,0,0,1,1
0,2,1,55.0,18,2,0,1,41,2,1,3,24,25000,0,0,0,2,0,1,0,0,1
0,2,1,55.0,22,3,1,1,41,2,1,3,24,25000,0,0,0,2,0,1,0,0,0
0,2,2,30.0,18,3,1,1,41,2,1,3,24,25000,0,0,0,2,0,1,0,0,0
0,0,0,80.0,10,1,1,1,41,2,1,3,24,25000,0,0,0,2,0,1,0,0,0
0,0,0,55.0,18,1,0,1,41,2,1,3,24,25000,0,0,0,2,0,0,0,0,0
0,1,0,80.0,14,4,0,1,41,2,1,3,24,25000,0,0,0,2,0,1,0,0,0
0,1,0,80.0,18,1,1,1,41,2,1,3,24,25000,0,0,0,2,0,0,0,0,0
0,1,0,30.0,22,0,0,1,41,2,1,3,24,25000,0,0,0,2,0,0,0,0,0
0,1,1,55.0,22,3,0,1,41,2,1,3,24,25000,0,0,0,2,0,1,0,0,0
0,1,2,30.0,10,2,1,1,41,2,1,3,24,25000,0,0,0,2,0,1,0,0,1
0,1,2,30.0,22,2,1,1,41,2,1,3,24,25000,0,0,0,2,0,1,0,0,1
0,2,0,55.0,14,1,1,1,41,2,1,3,24,25000,0,0,0,2,0,1,0,0,0
1,0,0,30.0,18,2,0,1,41,2,1,3,24,25000,0,0,0,2,0,1,0,1,1
1,0,2,30.0,18,1,1,1,41,2,1,3,24,25000,0,0,0,2,0,1,0,0,0
1,0,2,30.0,22,4,0,1,41,2,1,3,24,25000,0,0,0,2,0,0,0,0,0
1,0,0,80.0,18,3,0,1,41,2,1,3,24,25000,0,0,0,2,0,0,0,1,0
1,3,0,30.0,22,2,0,1,41,2,1,3,24,25000,0,0,0,2,0,1,0,0,1
2,0,1,55.0,7,0,0,1,41,2,1,3,24,25000,0,0,0,2,0,1,1,0,0
2,0,2,30.0,7,0,0,1,41,2,1,3,24,25000,0,0,0,2,0,1,1,0,0
2,0,2,30.0,7,4,1,1,41,2,1,3,24,25000,0,0,0,2,0,1,1,0,1
2,0,0,80.0,7,0,1,1,41,2,1,3,24,25000,0,0,0,2,0,0,0,1,1
0,2,1,55.0,18,2,0,0,51,2,1,2,11,87500,0,4,1,2,1,1,0,0,1
0,2,1,55.0,22,3,1,0,51,2,1,2,11,87500,0,4,1,2,1,1,0,0,0
0,2,2,30.0,18,3,1,0,51,2,1,2,11,87500,0,4,1,2,1,1,0,0,0
0,0,0,80.0,10,1,1,0,51,2,1,2,11,87500,0,4,1,2,1,1,0,0,1
0,0,0,55.0,18,1,0,0,51,2,1,2,11,87500,0,4,1,2,1,0,0,0,0
0,1,0,80.0,14,4,0,0,51,2,1,2,11,87500,0,4,1,2,1,1,0,0,0
0,1,0,80.0,18,1,1,0,51,2,1,2,11,87500,0,4,1,2,1,0,0,0,1
0,1,0,30.0,22,0,0,0,51,2,1,2,11,87500,0,4,1,2,1,0,0,0,0
0,1,1,55.0,22,3,0,0,51,2,1,2,11,87500,0,4,1,2,1,1,0,0,0
0,1,2,80.0,10,2,1,0,51,2,1,2,11,87500,0,4,1,2,1,1,0,0,1
0,1,2,30.0,22,2,1,0,51,2,1,2,11,87500,0,4,1,2,1,1,0,0,1
0,2,0,80.0,14,4,1,0,51,2,1,2,11,87500,0,4,1,2,1,0,0,0,1
0,2,0,55.0,14,1,1,0,51,2,1,2,11,87500,0,4,1,2,1,1,0,0,1
1,0,0,30.0,18,2,0,0,51,2,1,2,11,87500,0,4,1,2,1,1,0,1,1
1,0,2,30.0,18,1,1,0,51,2,1,2,11,87500,0,4,1,2,1,1,0,0,1
1,0,2,30.0,22,4,0,0,51,2,1,2,11,87500,0,4,1,2,1,0,0,0,0
1,0,0,80.0,18,3,0,0,51,2,1,2,11,87500,0,4,1,2,1,0,0,1,0
1,3,0,30.0,22,2,0,0,51,2,1,2,11,87500,0,4,1,2,1,1,0,0,1
2,0,1,55.0,7,0,0,0,51,2,1,2,11,87500,0,4,1,2,1,1,1,0,0
2,0,2,30.0,7,0,0,0,51,2,1,2,11,87500,0,4,1,2,1,1,1,0,0
2,0,2,30.0,7,4,1,0,51,2,1,2,11,87500,0,4,1,2,1,1,1,0,1
2,0,0,80.0,7,0,1,0,51,2,1,2,11,87500,0,4,1,2,1,0,0,1,1
0,0,0,80.0,10,1,1,0,51,1,0,5,19,37500,1,4,2,2,2,1,0,0,1
0,1,0,80.0,10,0,1,0,51,1,0,5,19,37500,1,4,2,2,2,0,0,0,1
0,0,0,55.0,18,1,0,0,51,1,0,5,19,37500,1,4,2,2,2,0,0,0,0
0,1,0,80.0,14,4,0,0,51,1,0,5,19,37500,1,4,2,2,2,1,0,0,0
0,1,0,80.0,18,1,1,0,51,1,0,5,19,37500,1,4,2,2,2,0,0,0,1
0,1,0,55.0,10,1,1,0,51,1,0,5,19,37500,1,4,2,2,2,1,0,0,1
0,1,0,55.0,18,2,1,0,51,1,0,5,19,37500,1,4,2,2,2,1,0,0,0
0,1,0,30.0,22,0,0,0,51,1,0,5,19,37500,1,4,2,2,2,0,0,0,0
0,1,1,55.0,22,3,0,0,51,1,0,5,19,37500,1,4,2,2,2,1,0,0,0
0,1,2,30.0,10,2,1,0,51,1,0,5,19,37500,1,4,2,2,2,1,0,0,0
0,1,2,30.0,22,2,1,0,51,1,0,5,19,37500,1,4,2,2,2,1,0,0,0
0,0,0,80.0,10,1,1,0,51,1,0,5,19,37500,1,4,2,2,2,0,0,0,1
1,0,0,30.0,18,2,0,0,51,1,0,5,19,37500,1,4,2,2,2,1,0,1,1
1,0,1,55.0,22,1,1,0,51,1,0,5,19,37500,1,4,2,2,2,0,0,1,0
1,0,2,30.0,18,1,1,0,51,1,0,5,19,37500,1,4,2,2,2,1,0,0,0
1,0,2,30.0,22,4,0,0,51,1,0,5,19,37500,1,4,2,2,2,0,0,0,0
1,0,0,80.0,18,3,0,0,51,1,0,5,19,37500,1,4,2,2,2,0,0,1,0
2,0,1,55.0,7,0,0,0,51,1,0,5,19,37500,1,4,2,2,2,1,1,0,0
2,0,1,55.0,7,4,1,0,51,1,0,5,19,37500,1,4,2,2,2,1,1,0,0
2,0,2,30.0,7,0,0,0,51,1,0,5,19,37500,1,4,2,2,2,1,1,0,0
2,0,2,30.0,7,4,1,0,51,1,0,5,19,37500,1,4,2,2,2,1,1,0,0
2,0,0,80.0,7,0,1,0,51,1,0,5,19,37500,1,4,2,2,2,0,0,1,0
0,2,1,55.0,18,2,0,1,46,2,1,5,7,87500,1,2,2,1,2,1,0,0,1
0,2,1,55.0,22,3,1,1,46,2,1,5,7,87500,1,2,2,1,2,1,0,0,0
0,2,2,30.0,18,3,1,1,46,2,1,5,7,87500,1,2,2,1,2,1,0,0,0
0,0,0,80.0,10,1,1,1,46,2,1,5,7,87500,1,2,2,1,2,1,0,0,1
0,0,0,55.0,18,1,0,1,46,2,1,5,7,87500,1,2,2,1,2,0,0,0,1
0,1,0,80.0,14,4,0,1,46,2,1,5,7,87500,1,2,2,1,2,1,0,0,1
0,1,0,80.0,18,1,1,1,46,2,1,5,7,87500,1,2,2,1,2,0,0,0,1
0,1,0,30.0,22,0,0,1,46,2,1,5,7,87500,1,2,2,1,2,0,0,0,1
0,1,1,55.0,22,3,0,1,46,2,1,5,7,87500,1,2,2,1,2,1,0,0,1
0,1,2,30.0,10,2,1,1,46,2,1,5,7,87500,1,2,2,1,2,1,0,0,1
0,1,2,30.0,22,2,1,1,46,2,1,5,7,87500,1,2,2,1,2,1,0,0,1
0,2,0,80.0,14,4,1,1,46,2,1,5,7,87500,1,2,2,1,2,0,0,0,1
0,2,0,55.0,14,1,1,1,46,2,1,5,7,87500,1,2,2,1,2,1,0,0,1
1,0,0,30.0,18,2,0,1,46,2,1,5,7,87500,1,2,2,1,2,1,0,1,1
1,0,2,30.0,18,1,1,1,46,2,1,5,7,87500,1,2,2,1,2,1,0,0,0
1,0,2,80.0,22,4,0,1,46,2,1,5,7,87500,1,2,2,1,2,0,0,0,1
1,0,0,80.0,18,3,0,1,46,2,1,5,7,87500,1,2,2,1,2,0,0,1,1
1,3,0,30.0,22,2,0,1,46,2,1,5,7,87500,1,2,2,1,2,1,0,0,1
2,0,1,55.0,7,0,0,1,46,2,1,5,7,87500,1,2,2,1,2,1,1,0,0
2,0,2,30.0,7,0,0,1,46,2,1,5,7,87500,1,2,2,1,2,1,1,0,0
2,0,2,30.0,7,4,1,1,46,2,1,5,7,87500,1,2,2,1,2,1,1,0,0
2,0,0,80.0,7,0,1,1,46,2,1,5,7,87500,1,2,2,1,2,0,0,1,1
0,2,1,55.0,18,2,0,0,21,2,1,2,2,12500,2,2,3,3,0,1,0,0,0
0,2,1,55.0,22,3,1,0,21,2,1,2,2,12500,2,2,3,3,0,1,0,0,1
0,2,2,30.0,18,3,1,0,21,2,1,2,2,12500,2,2,3,3,0,1,0,0,1
0,0,0,80.0,10,1,1,0,21,2,1,2,2,12500,2,2,3,3,0,1,0,0,1
0,0,0,55.0,18,1,0,0,21,2,1,2,2,12500,2,2,3,3,0,0,0,0,0
0,1,0,80.0,14,4,0,0,21,2,1,2,2,12500,2,2,3,3,0,1,0,0,0
0,1,0,80.0,18,1,1,0,21,2,1,2,2,12500,2,2,3,3,0,0,0,0,0
0,1,0,30.0,22,0,0,0,21,2,1,2,2,12500,2,2,3,3,0,0,0,0,0
0,1,1,55.0,22,3,0,0,21,2,1,2,2,12500,2,2,3,3,0,1,0,0,0
0,1,2,30.0,10,2,1,0,21,2,1,2,2,12500,2,2,3,3,0,1,0,0,1
0,1,2,30.0,22,2,1,0,21,2,1,2,2,12500,2,2,3,3,0,1,0,0,0
0,2,0,80.0,14,4,1,0,21,2,1,2,2,12500,2,2,3,3,0,0,0,0,1
0,2,0,55.0,14,1,1,0,21,2,1,2,2,12500,2,2,3,3,0,1,0,0,1
1,0,0,30.0,18,2,0,0,21,2,1,2,2,12500,2,2,3,3,0,1,0,1,0
1,0,2,30.0,18,1,1,0,21,2,1,2,2,12500,2,2,3,3,0,1,0,0,1
1,0,2,30.0,22,4,0,0,21,2,1,2,2,12500,2,2,3,3,0,0,0,0,0
1,0,0,80.0,18,3,0,0,21,2,1,2,2,12500,2,2,3,3,0,0,0,1,0
1,3,0,30.0,22,2,0,0,21,2,1,2,2,12500,2,2,3,3,0,1,0,0,0
2,0,1,55.0,7,0,0,0,21,2,1,2,2,12500,2,2,3,3,0,1,1,0,0
2,0,2,30.0,7,0,0,0,21,2,1,2,2,12500,2,2,3,3,0,1,1,0,0
2,0,2,30.0,7,4,1,0,21,2,1,2,2,12500,2,2,3,3,0,1,1,0,1
2,0,0,80.0,7,0,1,0,21,2,1,2,2,12500,2,2,3,3,0,0,0,1,1
0,0,0,80.0,10,1,1,0,36,0,0,3,0,75000,0,0,4,4,2,1,0,0,0
0,0,0,55.0,18,1,0,0,36,0,0,3,0,75000,0,0,4,4,2,0,0,0,0
0,1,0,80.0,14,4,0,0,36,0,0,3,0,75000,0,0,4,4,2,1,0,0,1
0,1,0,80.0,18,1,1,0,36,0,0,3,0,75000,0,0,4,4,2,0,0,0,1
0,1,0,30.0,22,0,0,0,36,0,0,3,0,75000,0,0,4,4,2,0,0,0,0
0,1,1,55.0,22,3,0,0,36,0,0,3,0,75000,0,0,4,4,2,1,0,0,0
0,1,2,30.0,10,2,1,0,36,0,0,3,0,75000,0,0,4,4,2,1,0,0,1
0,1,2,30.0,22,2,1,0,36,0,0,3,0,75000,0,0,4,4,2,1,0,0,1
0,3,0,80.0,22,0,1,0,36,0,0,3,0,75000,0,0,4,4,2,1,0,0,1
0,3,0,30.0,10,3,1,0,36,0,0,3,0,75000,0,0,4,4,2,1,0,0,0
0,3,1,55.0,10,2,0,0,36,0,0,3,0,75000,0,0,4,4,2,0,0,0,1
0,3,1,55.0,14,0,0,0,36,0,0,3,0,75000,0,0,4,4,2,1,0,0,0
0,3,2,30.0,14,1,0,0,36,0,0,3,0,75000,0,0,4,4,2,1,0,0,1
1,0,0,30.0,18,2,0,0,36,0,0,3,0,75000,0,0,4,4,2,1,0,1,1
1,0,2,30.0,18,1,1,0,36,0,0,3,0,75000,0,0,4,4,2,1,0,0,0
1,0,2,30.0,22,4,0,0,36,0,0,3,0,75000,0,0,4,4,2,0,0,0,0
1,3,0,80.0,18,1,1,0,36,0,0,3,0,75000,0,0,4,4,2,0,0,1,0
1,0,0,80.0,18,3,0,0,36,0,0,3,0,75000,0,0,4,4,2,0,0,1,0
2,0,1,55.0,7,0,0,0,36,0,0,3,0,75000,0,0,4,4,2,1,1,0,0
2,0,2,30.0,7,0,0,0,36,0,0,3,0,75000,0,0,4,4,2,1,1,0,0
2,0,2,30.0,7,4,1,0,36,0,0,3,0,75000,0,0,4,4,2,1,1,0,1
2,0,0,80.0,7,0,1,0,36,0,0,3,0,75000,0,0,4,4,2,0,0,1,1
0,2,1,55.0,18,2,0,0,21,2,1,3,0,50000,0,2,2,2,2,1,0,0,1
0,2,1,55.0,22,3,1,0,21,2,1,3,0,50000,0,2,2,2,2,1,0,0,0
0,2,2,30.0,18,3,1,0,21,2,1,3,0,50000,0,2,2,2,2,1,0,0,0
0,0,0,80.0,10,1,1,0,21,2,1,3,0,50000,0,2,2,2,2,1,0,0,1
0,0,0,55.0,18,1,0,0,21,2,1,3,0,50000,0,2,2,2,2,0,0,0,1
0,1,0,80.0,14,4,0,0,21,2,1,3,0,50000,0,2,2,2,2,1,0,0,1
0,1,0,80.0,18,1,1,0,21,2,1,3,0,50000,0,2,2,2,2,0,0,0,1
0,1,0,30.0,22,0,0,0,21,2,1,3,0,50000,0,2,2,2,2,0,0,0,1
0,1,1,55.0,22,3,0,0,21,2,1,3,0,50000,0,2,2,2,2,1,0,0,0
0,1,2,30.0,10,2,1,0,21,2,1,3,0,50000,0,2,2,2,2,1,0,0,1
0,1,2,30.0,22,2,1,0,21,2,1,3,0,50000,0,2,2,2,2,1,0,0,1
0,2,0,80.0,14,4,1,0,21,2,1,3,0,50000,0,2,2,2,2,0,0,0,1
0,2,0,55.0,14,1,1,0,21,2,1,3,0,50000,0,2,2,2,2,1,0,0,1
1,0,0,30.0,18,2,0,0,21,2,1,3,0,50000,0,2,2,2,2,1,0,1,1
1,0,2,30.0,18,1,1,0,21,2,1,3,0,50000,0,2,2,2,2,1,0,0,0
1,0,2,30.0,22,4,0,0,21,2,1,3,0,50000,0,2,2,2,2,0,0,0,0
1,0,0,80.0,18,3,0,0,21,2,1,3,0,50000,0,2,2,2,2,0,0,1,0
1,3,0,30.0,22,2,0,0,21,2,1,3,0,50000,0,2,2,2,2,1,0,0,1
2,0,1,55.0,7,0,0,0,21,2,1,3,0,50000,0,2,2,2,2,1,1,0,1
2,0,2,30.0,7,0,0,0,21,2,1,3,0,50000,0,2,2,2,2,1,1,0,1
2,0,2,30.0,7,4,1,0,21,2,1,3,0,50000,0,2,2,2,2,1,1,0,0
2,0,0,80.0,7,0,1,0,21,2,1,3,0,50000,0,2,2,2,2,0,0,1,1
0,0,0,80.0,10,1,1,0,21,0,0,4,3,25000,2,2,1,2,0,1,0,0,0
0,0,0,55.0,18,1,0,0,21,0,0,4,3,25000,2,2,1,2,0,0,0,0,0
0,1,0,80.0,14,4,0,0,21,0,0,4,3,25000,2,2,1,2,0,1,0,0,0
0,1,0,80.0,18,1,1,0,21,0,0,4,3,25000,2,2,1,2,0,0,0,0,1
0,1,0,30.0,22,0,0,0,21,0,0,4,3,25000,2,2,1,2,0,0,0,0,1
0,1,1,55.0,22,3,0,0,21,0,0,4,3,25000,2,2,1,2,0,1,0,0,1
0,1,2,30.0,10,2,1,0,21,0,0,4,3,25000,2,2,1,2,0,1,0,0,1
0,1,2,30.0,22,2,1,0,21,0,0,4,3,25000,2,2,1,2,0,1,0,0,1
0,3,0,80.0,22,0,1,0,21,0,0,4,3,25000,2,2,1,2,0,1,0,0,1
0,3,0,30.0,10,3,1,0,21,0,0,4,3,25000,2,2,1,2,0,1,0,0,1
0,3,1,55.0,10,2,0,0,21,0,0,4,3,25000,2,2,1,2,0,0,0,0,1
0,3,1,55.0,14,0,0,0,21,0,0,4,3,25000,2,2,1,2,0,1,0,0,1
0,3,2,30.0,14,1,0,0,21,0,0,4,3,25000,2,2,1,2,0,1,0,0,1
1,0,0,30.0,18,2,0,0,21,0,0,4,3,25000,2,2,1,2,0,1,0,1,1
1,0,2,30.0,18,1,1,0,21,0,0,4,3,25000,2,2,1,2,0,1,0,0,0
1,0,2,30.0,22,4,0,0,21,0,0,4,3,25000,2,2,1,2,0,0,0,0,0
1,3,0,80.0,18,1,1,0,21,0,0,4,3,25000,2,2,1,2,0,0,0,1,0
1,0,0,80.0,18,3,0,0,21,0,0,4,3,25000,2,2,1,2,0,0,0,1,0
2,0,1,55.0,7,0,0,0,21,0,0,4,3,25000,2,2,1,2,0,1,1,0,1
2,0,2,30.0,7,0,0,0,21,0,0,4,3,25000,2,2,1,2,0,1,1,0,0
2,0,2,30.0,7,4,1,0,21,0,0,4,3,25000,2,2,1,2,0,1,1,0,0
2,0,0,80.0,7,0,1,0,21,0,0,4,3,25000,2,2,1,2,0,0,0,1,1
0,2,1,55.0,18,2,0,0,51,2,1,3,13,75000,2,3,2,3,3,1,0,0,1
0,2,1,55.0,22,3,1,0,51,2,1,3,13,75000,2,3,2,3,3,1,0,0,0
0,2,2,30.0,18,3,1,0,51,2,1,3,13,75000,2,3,2,3,3,1,0,0,1
0,0,0,80.0,10,1,1,0,51,2,1,3,13,75000,2,3,2,3,3,1,0,0,0
0,0,0,55.0,18,1,0,0,51,2,1,3,13,75000,2,3,2,3,3,0,0,0,0
0,1,0,80.0,14,4,0,0,51,2,1,3,13,75000,2,3,2,3,3,1,0,0,0
0,1,0,80.0,18,1,1,0,51,2,1,3,13,75000,2,3,2,3,3,0,0,0,0
0,1,0,30.0,22,0,0,0,51,2,1,3,13,75000,2,3,2,3,3,0,0,0,0
0,1,1,55.0,22,3,0,0,51,2,1,3,13,75000,2,3,2,3,3,1,0,0,1
0,1,2,30.0,10,2,1,0,51,2,1,3,13,75000,2,3,2,3,3,1,0,0,1
0,1,2,30.0,22,2,1,0,51,2,1,3,13,75000,2,3,2,3,3,1,0,0,1
0,2,0,80.0,14,4,1,0,51,2,1,3,13,75000,2,3,2,3,3,0,0,0,1
0,2,0,55.0,14,1,1,0,51,2,1,3,13,75000,2,3,2,3,3,1,0,0,1
1,0,0,30.0,18,2,0,0,51,2,1,3,13,75000,2,3,2,3,3,1,0,1,1
1,0,2,30.0,18,1,1,0,51,2,1,3,13,75000,2,3,2,3,3,1,0,0,0
1,0,2,30.0,22,4,0,0,51,2,1,3,13,75000,2,3,2,3,3,0,0,0,0
1,0,0,80.0,18,3,0,0,51,2,1,3,13,75000,2,3,2,3,3,0,0,1,1
1,3,0,30.0,22,2,0,0,51,2,1,3,13,75000,2,3,2,3,3,1,0,0,1
2,0,1,55.0,7,0,0,0,51,2,1,3,13,75000,2,3,2,3,3,1,1,0,0
2,0,2,30.0,7,0,0,0,51,2,1,3,13,75000,2,3,2,3,3,1,1,0,0
2,0,2,30.0,7,4,1,0,51,2,1,3,13,75000,2,3,2,3,3,1,1,0,1
2,0,0,80.0,7,0,1,0,51,2,1,3,13,75000,2,3,2,3,3,0,0,1,1
0,0,0,80.0,10,1,1,0,26,2,0,4,0,87500,2,1,2,1,1,1,0,0,1
0,0,0,55.0,18,1,0,0,26,2,0,4,0,87500,2,1,2,1,1,0,0,0,1
0,1,0,80.0,14,4,0,0,26,2,0,4,0,87500,2,1,2,1,1,1,0,0,1
0,1,0,80.0,18,1,1,0,26,2,0,4,0,87500,2,1,2,1,1,0,0,0,1
0,1,0,30.0,22,0,0,0,26,2,0,4,0,87500,2,1,2,1,1,0,0,0,1
0,1,1,55.0,22,3,0,0,26,2,0,4,0,87500,2,1,2,1,1,1,0,0,1
0,1,2,30.0,10,2,1,0,26,2,0,4,0,87500,2,1,2,1,1,1,0,0,0
0,1,2,30.0,22,2,1,0,26,2,0,4,0,87500,2,1,2,1,1,1,0,0,0
0,3,0,80.0,22,0,1,0,26,2,0,4,0,87500,2,1,2,1,1,1,0,0,0
0,3,0,30.0,10,3,1,0,26,2,0,4,0,87500,2,1,2,1,1,1,0,0,0
0,3,1,55.0,10,2,0,0,26,2,0,4,0,87500,2,1,2,1,1,0,0,0,1
0,3,1,55.0,14,0,0,0,26,2,0,4,0,87500,2,1,2,1,1,1,0,0,0
0,3,2,30.0,14,1,0,0,26,2,0,4,0,87500,2,1,2,1,1,1,0,0,1
1,0,0,30.0,18,2,0,0,26,2,0,4,0,87500,2,1,2,1,1,1,0,1,1
1,0,2,30.0,18,1,1,0,26,2,0,4,0,87500,2,1,2,1,1,1,0,0,0
1,0,2,30.0,22,4,0,0,26,2,0,4,0,87500,2,1,2,1,1,0,0,0,0
1,3,0,80.0,18,1,1,0,26,2,0,4,0,87500,2,1,2,1,1,0,0,1,1
1,0,0,80.0,18,3,0,0,26,2,0,4,0,87500,2,1,2,1,1,0,0,1,1
2,0,1,55.0,7,0,0,0,26,2,0,4,0,87500,2,1,2,1,1,1,1,0,0
2,0,2,30.0,7,0,0,0,26,2,0,4,0,87500,2,1,2,1,1,1,1,0,0
2,0,2,30.0,7,4,1,0,26,2,0,4,0,87500,2,1,2,1,1,1,1,0,0
2,0,0,80.0,7,0,1,0,26,2,0,4,0,87500,2,1,2,1,1,0,0,1,0
0,0,0,80.0,10,1,1,1,41,1,0,2,8,12500,0,0,2,2,0,1,0,0,0
0,1,0,80.0,10,0,1,1,41,1,0,2,8,12500,0,0,2,2,0,0,0,0,1
0,0,0,55.0,18,1,0,1,41,1,0,2,8,12500,0,0,2,2,0,0,0,0,0
0,1,0,80.0,14,4,0,1,41,1,0,2,8,12500,0,0,2,2,0,1,0,0,0
0,1,0,80.0,18,1,1,1,41,1,0,2,8,12500,0,0,2,2,0,0,0,0,1
0,1,0,55.0,10,1,1,1,41,1,0,2,8,12500,0,0,2,2,0,1,0,0,1
0,1,0,55.0,18,2,1,1,41,1,0,2,8,12500,0,0,2,2,0,1,0,0,0
0,1,0,30.0,22,0,0,1,41,1,0,2,8,12500,0,0,2,2,0,0,0,0,1
0,1,1,55.0,22,3,0,1,41,1,0,2,8,12500,0,0,2,2,0,1,0,0,1
0,1,2,30.0,10,2,1,1,41,1,0,2,8,12500,0,0,2,2,0,1,0,0,0
0,1,2,30.0,22,2,1,1,41,1,0,2,8,12500,0,0,2,2,0,1,0,0,1
0,0,0,80.0,10,1,1,1,41,1,0,2,8,12500,0,0,2,2,0,0,0,0,0
1,0,0,30.0,18,2,0,1,41,1,0,2,8,12500,0,0,2,2,0,1,0,1,1
1,0,1,55.0,22,1,1,1,41,1,0,2,8,12500,0,0,2,2,0,0,0,1,1
1,0,2,30.0,18,1,1,1,41,1,0,2,8,12500,0,0,2,2,0,1,0,0,1
1,0,2,30.0,22,4,0,1,41,1,0,2,8,12500,0,0,2,2,0,0,0,0,0
1,0,0,80.0,18,3,0,1,41,1,0,2,8,12500,0,0,2,2,0,0,0,1,0
2,0,1,55.0,7,0,0,1,41,1,0,2,8,12500,0,0,2,2,0,1,1,0,0
2,0,1,55.0,7,4,1,1,41,1,0,2,8,12500,0,0,2,2,0,1,1,0,0
2,0,2,30.0,7,0,0,1,41,1,0,2,8,12500,0,0,2,2,0,1,1,0,0
2,0,2,30.0,7,4,1,1,41,1,0,2,8,12500,0,0,2,2,0,1,1,0,1
2,0,0,80.0,7,0,1,1,41,1,0,2,8,12500,0,0,2,2,0,0,0,1,1
0,0,0,80.0,10,1,1,1,26,1,0,4,19,100000,3,2,1,2,1,1,0,0,1
0,1,0,80.0,10,0,1,1,26,1,0,4,19,100000,3,2,1,2,1,0,0,0,1
0,0,0,55.0,18,1,0,1,26,1,0,4,19,100000,3,2,1,2,1,0,0,0,1
0,1,0,80.0,14,4,0,1,26,1,0,4,19,100000,3,2,1,2,1,1,0,0,1
0,1,0,80.0,18,1,1,1,26,1,0,4,19,100000,3,2,1,2,1,0,0,0,1
0,1,0,55.0,10,1,1,1,26,1,0,4,19,100000,3,2,1,2,1,1,0,0,1
0,1,0,55.0,18,2,1,1,26,1,0,4,19,100000,3,2,1,2,1,1,0,0,1
0,1,0,30.0,22,0,0,1,26,1,0,4,19,100000,3,2,1,2,1,0,0,0,1
0,1,1,55.0,22,3,0,1,26,1,0,4,19,100000,3,2,1,2,1,1,0,0,1
0,1,2,30.0,10,2,1,1,26,1,0,4,19,100000,3,2,1,2,1,1,0,0,1
0,1,2,30.0,22,2,1,1,26,1,0,4,19,100000,3,2,1,2,1,1,0,0,1
0,0,0,80.0,10,1,1,1,26,1,0,4,19,100000,3,2,1,2,1,0,0,0,1
1,0,0,30.0,18,2,0,1,26,1,0,4,19,100000,3,2,1,2,1,1,0,1,0
1,0,1,55.0,22,1,1,1,26,1,0,4,19,100000,3,2,1,2,1,0,0,1,0
1,0,2,30.0,18,1,1,1,26,1,0,4,19,100000,3,2,1,2,1,1,0,0,0
1,0,2,30.0,22,4,0,1,26,1,0,4,19,100000,3,2,1,2,1,0,0,0,0
1,0,0,80.0,18,3,0,1,26,1,0,4,19,100000,3,2,1,2,1,0,0,1,0
2,0,1,55.0,7,0,0,1,26,1,0,4,19,100000,3,2,1,2,1,1,1,0,0
2,0,1,55.0,7,4,1,1,26,1,0,4,19,100000,3,2,1,2,1,1,1,0,0
2,0,2,30.0,7,0,0,1,26,1,0,4,19,100000,3,2,1,2,1,1,1,0,0
2,0,2,30.0,7,4,1,1,26,1,0,4,19,100000,3,2,1,2,1,1,1,0,0
2,0,0,80.0,7,0,1,1,26,1,0,4,19,100000,3,2,1,2,1,0,0,1,1
0,0,0,80.0,10,1,1,1,31,2,0,5,19,75000,2,3,1,3,1,1,0,0,1
0,0,0,55.0,18,1,0,1,31,2,0,5,19,75000,2,3,1,3,1,0,0,0,1
0,1,0,80.0,14,4,0,1,31,2,0,5,19,75000,2,3,1,3,1,1,0,0,0
0,1,0,80.0,18,1,1,1,31,2,0,5,19,75000,2,3,1,3,1,0,0,0,1
0,1,0,30.0,22,0,0,1,31,2,0,5,19,75000,2,3,1,3,1,0,0,0,0
0,1,1,55.0,22,3,0,1,31,2,0,5,19,75000,2,3,1,3,1,1,0,0,1
0,1,2,30.0,10,2,1,1,31,2,0,5,19,75000,2,3,1,3,1,1,0,0,0
0,1,2,30.0,22,2,1,1,31,2,0,5,19,75000,2,3,1,3,1,1,0,0,1
0,3,0,80.0,22,0,1,1,31,2,0,5,19,75000,2,3,1,3,1,1,0,0,0
0,3,0,30.0,10,3,1,1,31,2,0,5,19,75000,2,3,1,3,1,1,0,0,0
0,3,1,55.0,10,2,0,1,31,2,0,5,19,75000,2,3,1,3,1,0,0,0,0
0,3,1,55.0,14,0,0,1,31,2,0,5,19,75000,2,3,1,3,1,1,0,0,0
0,3,2,30.0,14,1,0,1,31,2,0,5,19,75000,2,3,1,3,1,1,0,0,1
1,0,0,30.0,18,2,0,1,31,2,0,5,19,75000,2,3,1,3,1,1,0,1,1
1,0,2,30.0,18,1,1,1,31,2,0,5,19,75000,2,3,1,3,1,1,0,0,1
1,0,2,30.0,22,4,0,1,31,2,0,5,19,75000,2,3,1,3,1,0,0,0,0
1,3,0,80.0,18,1,1,1,31,2,0,5,19,75000,2,3,1,3,1,0,0,1,1
1,0,0,80.0,18,3,0,1,31,2,0,5,19,75000,2,3,1,3,1,0,0,1,0
2,0,1,55.0,7,0,0,1,31,2,0,5,19,75000,2,3,1,3,1,1,1,0,0
2,0,2,30.0,7,0,0,1,31,2,0,5,19,75000,2,3,1,3,1,1,1,0,0
2,0,2,30.0,7,4,1,1,31,2,0,5,19,75000,2,3,1,3,1,1,1,0,0
2,0,0,80.0,7,0,1,1,31,2,0,5,19,75000,2,3,1,3,1,0,0,1,0
0,0,0,80.0,10,1,1,0,31,2,0,2,8,100000,1,1,4,3,1,1,0,0,0
0,0,0,55.0,18,1,0,0,31,2,0,2,8,100000,1,1,4,3,1,0,0,0,0
0,1,0,80.0,14,4,0,0,31,2,0,2,8,100000,1,1,4,3,1,1,0,0,0
0,1,0,80.0,18,1,1,0,31,2,0,2,8,100000,1,1,4,3,1,0,0,0,0
0,1,0,30.0,22,0,0,0,31,2,0,2,8,100000,1,1,4,3,1,0,0,0,1
0,1,1,55.0,22,3,0,0,31,2,0,2,8,100000,1,1,4,3,1,1,0,0,1
0,1,2,30.0,10,2,1,0,31,2,0,2,8,100000,1,1,4,3,1,1,0,0,1
0,1,2,30.0,22,2,1,0,31,2,0,2,8,100000,1,1,4,3,1,1,0,0,1
0,3,0,80.0,22,0,1,0,31,2,0,2,8,100000,1,1,4,3,1,1,0,0,1
0,3,0,30.0,10,3,1,0,31,2,0,2,8,100000,1,1,4,3,1,1,0,0,1
0,3,1,55.0,10,2,0,0,31,2,0,2,8,100000,1,1,4,3,1,0,0,0,1
0,3,1,55.0,14,0,0,0,31,2,0,2,8,100000,1,1,4,3,1,1,0,0,1
0,3,2,30.0,14,1,0,0,31,2,0,2,8,100000,1,1,4,3,1,1,0,0,0
1,0,0,30.0,18,2,0,0,31,2,0,2,8,100000,1,1,4,3,1,1,0,1,1
1,0,2,30.0,18,1,1,0,31,2,0,2,8,100000,1,1,4,3,1,1,0,0,0
1,0,2,30.0,22,4,0,0,31,2,0,2,8,100000,1,1,4,3,1,0,0,0,0
1,3,0,80.0,18,1,1,0,31,2,0,2,8,100000,1,1,4,3,1,0,0,1,0
1,0,0,80.0,18,3,0,0,31,2,0,2,8,100000,1,1,4,3,1,0,0,1,0
2,0,1,55.0,7,0,0,0,31,2,0,2,8,100000,1,1,4,3,1,1,1,0,0
2,0,2,30.0,7,0,0,0,31,2,0,2,8,100000,1,1,4,3,1,1,1,0,0
2,0,2,30.0,7,4,1,0,31,2,0,2,8,100000,1,1,4,3,1,1,1,0,0
2,0,0,80.0,7,0,1,0,31,2,0,2,8,100000,1,1,4,3,1,0,0,1,1
0,2,1,55.0,18,2,0,0,41,2,1,5,19,87500,1,2,3,2,1,1,0,0,1
0,2,1,55.0,22,3,1,0,41,2,1,5,19,87500,1,2,3,2,1,1,0,0,0
0,2,2,30.0,18,3,1,0,41,2,1,5,19,87500,1,2,3,2,1,1,0,0,0
0,0,0,80.0,10,1,1,0,41,2,1,5,19,87500,1,2,3,2,1,1,0,0,1
0,0,0,55.0,18,1,0,0,41,2,1,5,19,87500,1,2,3,2,1,0,0,0,0
0,1,0,80.0,14,4,0,0,41,2,1,5,19,87500,1,2,3,2,1,1,0,0,0
0,1,0,80.0,18,1,1,0,41,2,1,5,19,87500,1,2,3,2,1,0,0,0,0
0,1,0,30.0,22,0,0,0,41,2,1,5,19,87500,1,2,3,2,1,0,0,0,0
0,1,1,55.0,22,3,0,0,41,2,1,5,19,87500,1,2,3,2,1,1,0,0,1
0,1,2,30.0,10,2,1,0,41,2,1,5,19,87500,1,2,3,2,1,1,0,0,0
0,1,2,30.0,22,2,1,0,41,2,1,5,19,87500,1,2,3,2,1,1,0,0,1
0,2,0,80.0,14,4,1,0,41,2,1,5,19,87500,1,2,3,2,1,0,0,0,0
0,2,0,55.0,14,1,1,0,41,2,1,5,19,87500,1,2,3,2,1,1,0,0,0
1,0,0,30.0,18,2,0,0,41,2,1,5,19,87500,1,2,3,2,1,1,0,1,0
1,0,2,30.0,18,1,1,0,41,2,1,5,19,87500,1,2,3,2,1,1,0,0,1
1,0,2,30.0,22,4,0,0,41,2,1,5,19,87500,1,2,3,2,1,0,0,0,0
1,0,0,80.0,18,3,0,0,41,2,1,5,19,87500,1,2,3,2,1,0,0,1,0
1,3,0,30.0,22,2,0,0,41,2,1,5,19,87500,1,2,3,2,1,1,0,0,1
2,0,1,55.0,7,0,0,0,41,2,1,5,19,87500,1,2,3,2,1,1,1,0,0
2,0,2,30.0,7,0,0,0,41,2,1,5,19,87500,1,2,3,2,1,1,1,0,0
2,0,2,30.0,7,4,1,0,41,2,1,5,19,87500,1,2,3,2,1,1,1,0,1
2,0,0,80.0,7,0,1,0,41,2,1,5,19,87500,1,2,3,2,1,0,0,1,0
0,0,0,80.0,10,1,1,0,51,1,0,5,3,87500,2,2,1,2,1,1,0,0,0
0,0,0,80.0,18,1,0,0,51,1,0,5,3,87500,2,2,1,2,1,0,0,0,0
0,1,0,80.0,14,4,0,0,51,1,0,5,3,87500,2,2,1,2,1,1,0,0,0
0,1,0,80.0,18,1,1,0,51,1,0,5,3,87500,2,2,1,2,1,0,0,0,0
0,1,0,30.0,22,0,0,0,51,1,0,5,3,87500,2,2,1,2,1,0,0,0,0
0,1,1,55.0,22,3,0,0,51,1,0,5,3,87500,2,2,1,2,1,1,0,0,0
0,1,2,30.0,10,2,1,0,51,1,0,5,3,87500,2,2,1,2,1,1,0,0,0
0,1,2,30.0,22,2,1,0,51,1,0,5,3,87500,2,2,1,2,1,1,0,0,0
0,3,0,80.0,22,0,1,0,51,1,0,5,3,87500,2,2,1,2,1,1,0,0,0
0,3,0,30.0,10,3,1,0,51,1,0,5,3,87500,2,2,1,2,1,1,0,0,0
0,3,1,55.0,10,2,0,0,51,1,0,5,3,87500,2,2,1,2,1,0,0,0,0
0,3,1,55.0,14,0,0,0,51,1,0,5,3,87500,2,2,1,2,1,1,0,0,0
0,3,2,30.0,14,1,0,0,51,1,0,5,3,87500,2,2,1,2,1,1,0,0,0
1,0,0,30.0,18,2,0,0,51,1,0,5,3,87500,2,2,1,2,1,1,0,1,0
1,0,2,30.0,18,1,1,0,51,1,0,5,3,87500,2,2,1,2,1,1,0,0,0
1,0,2,30.0,22,4,0,0,51,1,0,5,3,87500,2,2,1,2,1,0,0,0,0
1,3,0,80.0,18,1,1,0,51,1,0,5,3,87500,2,2,1,2,1,0,0,1,0
1,0,0,80.0,18,3,0,0,51,1,0,5,3,87500,2,2,1,2,1,0,0,1,0
2,0,1,55.0,7,0,0,0,51,1,0,5,3,87500,2,2,1,2,1,1,1,0,0
2,0,2,30.0,7,4,1,0,51,1,0,5,3,87500,2,2,1,2,1,1,1,0,0
2,0,0,80.0,7,0,1,0,51,1,0,5,3,87500,2,2,1,2,1,0,0,1,0
0,0,0,80.0,10,1,1,1,26,2,0,4,9,100000,3,1,2,2,1,1,0,0,1
0,0,0,55.0,18,1,0,1,26,2,0,4,9,100000,3,1,2,2,1,0,0,0,1
0,1,0,80.0,14,4,0,1,26,2,0,4,9,100000,3,1,2,2,1,1,0,0,0
0,1,0,80.0,18,1,1,1,26,2,0,4,9,100000,3,1,2,2,1,0,0,0,1
0,1,0,30.0,22,0,0,1,26,2,0,4,9,100000,3,1,2,2,1,0,0,0,1
0,1,1,55.0,22,3,0,1,26,2,0,4,9,100000,3,1,2,2,1,1,0,0,1
0,1,2,30.0,10,2,1,1,26,2,0,4,9,100000,3,1,2,2,1,1,0,0,1
0,1,2,30.0,22,2,1,1,26,2,0,4,9,100000,3,1,2,2,1,1,0,0,1
0,3,0,80.0,22,0,1,1,26,2,0,4,9,100000,3,1,2,2,1,1,0,0,1
0,3,0,30.0,10,3,1,1,26,2,0,4,9,100000,3,1,2,2,1,1,0,0,1
0,3,1,55.0,10,2,0,1,26,2,0,4,9,100000,3,1,2,2,1,0,0,0,1
0,3,1,55.0,14,0,0,1,26,2,0,4,9,100000,3,1,2,2,1,1,0,0,0
0,3,2,30.0,14,1,0,1,26,2,0,4,9,100000,3,1,2,2,1,1,0,0,1
1,0,0,30.0,18,2,0,1,26,2,0,4,9,100000,3,1,2,2,1,1,0,1,1
1,0,2,30.0,18,1,1,1,26,2,0,4,9,100000,3,1,2,2,1,1,0,0,0
1,0,2,30.0,22,4,0,1,26,2,0,4,9,100000,3,1,2,2,1,0,0,0,0
1,3,0,80.0,18,1,1,1,26,2,0,4,9,100000,3,1,2,2,1,0,0,1,0
1,0,0,80.0,18,3,0,1,26,2,0,4,9,100000,3,1,2,2,1,0,0,1,1
2,0,1,55.0,7,0,0,1,26,2,0,4,9,100000,3,1,2,2,1,1,1,0,0
2,0,2,30.0,7,0,0,1,26,2,0,4,9,100000,3,1,2,2,1,1,1,0,0
2,0,2,30.0,7,4,1,1,26,2,0,4,9,100000,3,1,2,2,1,1,1,0,0
2,0,0,80.0,7,0,1,1,26,2,0,4,9,100000,3,1,2,2,1,0,0,1,1
0,2,1,55.0,18,2,0,1,36,2,1,5,9,100000,0,0,1,2,2,1,0,0,1
0,2,1,55.0,22,3,1,1,36,2,1,5,9,100000,0,0,1,2,2,1,0,0,0
0,2,2,30.0,18,3,1,1,36,2,1,5,9,100000,0,0,1,2,2,1,0,0,0
0,0,0,80.0,10,1,1,1,36,2,1,5,9,100000,0,0,1,2,2,1,0,0,1
0,0,0,55.0,18,1,0,1,36,2,1,5,9,100000,0,0,1,2,2,0,0,0,0
0,1,0,80.0,14,4,0,1,36,2,1,5,9,100000,0,0,1,2,2,1,0,0,1
0,1,0,80.0,18,1,1,1,36,2,1,5,9,100000,0,0,1,2,2,0,0,0,1
0,1,0,30.0,22,0,0,1,36,2,1,5,9,100000,0,0,1,2,2,0,0,0,0
0,1,1,80.0,22,3,0,1,36,2,1,5,9,100000,0,0,1,2,2,1,0,0,1
0,1,2,30.0,10,2,1,1,36,2,1,5,9,100000,0,0,1,2,2,1,0,0,1
0,1,2,30.0,22,2,1,1,36,2,1,5,9,100000,0,0,1,2,2,1,0,0,1
0,2,0,80.0,14,4,1,1,36,2,1,5,9,100000,0,0,1,2,2,0,0,0,0
0,2,0,55.0,14,1,1,1,36,2,1,5,9,100000,0,0,1,2,2,1,0,0,1
1,0,0,30.0,18,2,0,1,36,2,1,5,9,100000,0,0,1,2,2,1,0,1,1
1,0,2,30.0,18,1,1,1,36,2,1,5,9,100000,0,0,1,2,2,1,0,0,0
1,0,2,30.0,22,4,0,1,36,2,1,5,9,100000,0,0,1,2,2,0,0,0,0
1,0,0,80.0,18,3,0,1,36,2,1,5,9,100000,0,0,1,2,2,0,0,1,0
1,3,0,30.0,22,2,0,1,36,2,1,5,9,100000,0,0,1,2,2,1,0,0,1
2,0,1,55.0,7,0,0,1,36,2,1,5,9,100000,0,0,1,2,2,1,1,0,1
2,0,2,30.0,7,0,0,1,36,2,1,5,9,100000,0,0,1,2,2,1,1,0,0
2,0,2,30.0,7,4,1,1,36,2,1,5,9,100000,0,0,1,2,2,1,1,0,1
2,0,0,80.0,7,0,1,1,36,2,1,5,9,100000,0,0,1,2,2,0,0,1,1
0,0,0,80.0,10,1,0,0,31,2,0,2,8,100000,1,1,4,3,1,1,0,0,0
0,1,0,80.0,22,1,1,0,31,2,0,2,8,100000,1,1,4,3,1,1,0,0,1
0,1,0,30.0,22,2,1,0,31,2,0,2,8,100000,1,1,4,3,1,1,0,0,1
0,0,1,55.0,10,1,1,0,31,2,0,2,8,100000,1,1,4,3,1,1,0,0,1
0,0,2,30.0,14,3,1,0,31,2,0,2,8,100000,1,1,4,3,1,0,0,0,0
0,3,0,80.0,14,4,1,0,31,2,0,2,8,100000,1,1,4,3,1,0,0,0,1
0,3,0,55.0,14,3,1,0,31,2,0,2,8,100000,1,1,4,3,1,0,0,0,0
0,0,0,80.0,22,0,1,0,31,2,0,2,8,100000,1,1,4,3,1,0,0,0,1
1,0,0,80.0,18,2,1,0,31,2,0,2,8,100000,1,1,4,3,1,0,0,0,1
1,0,0,80.0,18,0,1,0,31,2,0,2,8,100000,1,1,4,3,1,0,0,1,1
1,0,1,55.0,18,3,1,0,31,2,0,2,8,100000,1,1,4,3,1,1,1,0,0
1,0,2,30.0,22,0,0,0,31,2,0,2,8,100000,1,1,4,3,1,1,1,0,0
1,3,0,55.0,22,3,1,0,31,2,0,2,8,100000,1,1,4,3,1,1,1,0,1
1,3,0,30.0,22,0,1,0,31,2,0,2,8,100000,1,1,4,3,1,0,0,1,1
1,0,0,80.0,22,4,1,0,31,2,0,2,8,100000,1,1,4,3,1,1,0,0,1
1,3,1,55.0,18,1,1,0,31,2,0,2,8,100000,1,1,4,3,1,0,0,1,1
2,0,0,30.0,7,3,1,0,31,2,0,2,8,100000,1,1,4,3,1,1,0,1,1
2,0,0,30.0,7,2,1,0,31,2,0,2,8,100000,1,1,4,3,1,1,0,0,1
2,0,1,55.0,7,2,0,0,31,2,0,2,8,100000,1,1,4,3,1,1,0,1,0
2,0,0,80.0,7,1,1,0,31,2,0,2,8,100000,1,1,4,3,1,0,0,1,1
2,0,1,55.0,7,3,1,0,31,2,0,2,8,100000,1,1,4,3,1,1,1,0,0
2,0,2,30.0,7,2,1,0,31,2,0,2,8,100000,1,1,4,3,1,1,0,1,1
0,0,0,80.0,10,1,0,1,26,2,1,4,9,50000,0,2,2,2,2,1,0,0,0
0,1,0,80.0,22,1,1,1,26,2,1,4,9,50000,0,2,2,2,2,1,0,0,1
0,1,0,30.0,22,2,1,1,26,2,1,4,9,50000,0,2,2,2,2,1,0,0,1
0,0,1,55.0,10,1,1,1,26,2,1,4,9,50000,0,2,2,2,2,1,0,0,1
0,0,2,30.0,14,3,1,1,26,2,1,4,9,50000,0,2,2,2,2,0,0,0,0
0,0,0,80.0,22,0,1,1,26,2,1,4,9,50000,0,2,2,2,2,0,0,0,1
0,2,0,80.0,10,1,1,1,26,2,1,4,9,50000,0,2,2,2,2,0,0,0,1
0,2,0,80.0,14,1,1,1,26,2,1,4,9,50000,0,2,2,2,2,0,0,0,1
0,2,0,80.0,22,4,1,1,26,2,1,4,9,50000,0,2,2,2,2,1,0,0,1
1,2,0,80.0,18,4,0,1,26,2,1,4,9,50000,0,2,2,2,2,1,0,1,1
1,2,0,80.0,22,2,0,1,26,2,1,4,9,50000,0,2,2,2,2,1,0,0,0
1,2,0,30.0,18,3,0,1,26,2,1,4,9,50000,0,2,2,2,2,1,0,0,1
1,0,0,80.0,18,2,1,1,26,2,1,4,9,50000,0,2,2,2,2,0,0,0,1
1,0,0,80.0,18,0,1,1,26,2,1,4,9,50000,0,2,2,2,2,0,0,1,1
1,0,1,80.0,18,3,1,1,26,2,1,4,9,50000,0,2,2,2,2,1,1,0,0
1,0,2,30.0,22,0,0,1,26,2,1,4,9,50000,0,2,2,2,2,1,1,0,0
1,0,0,80.0,22,4,1,1,26,2,1,4,9,50000,0,2,2,2,2,1,0,0,1
2,0,0,30.0,7,3,1,1,26,2,1,4,9,50000,0,2,2,2,2,1,0,1,0
2,0,1,55.0,7,2,0,1,26,2,1,4,9,50000,0,2,2,2,2,1,0,1,0
2,0,0,80.0,7,1,1,1,26,2,1,4,9,50000,0,2,2,2,2,0,0,1,1
2,0,1,55.0,7,3,1,1,26,2,1,4,9,50000,0,2,2,2,2,1,1,0,0
2,0,2,30.0,7,2,1,1,26,2,1,4,9,50000,0,2,2,2,2,1,0,1,1
0,0,0,80.0,10,1,0,1,26,1,0,5,4,37500,3,2,3,2,1,1,0,0,1
0,1,0,80.0,14,4,1,1,26,1,0,5,4,37500,3,2,3,2,1,1,0,0,1
0,1,0,80.0,22,1,1,1,26,1,0,5,4,37500,3,2,3,2,1,1,0,0,0
0,1,0,55.0,10,0,0,1,26,1,0,5,4,37500,3,2,3,2,1,1,0,0,1
0,1,0,30.0,22,2,1,1,26,1,0,5,4,37500,3,2,3,2,1,1,0,0,0
0,1,1,55.0,22,4,0,1,26,1,0,5,4,37500,3,2,3,2,1,1,0,0,1
0,0,0,30.0,10,2,1,1,26,1,0,5,4,37500,3,2,3,2,1,1,0,0,1
0,0,1,55.0,10,1,1,1,26,1,0,5,4,37500,3,2,3,2,1,1,0,0,1
0,0,2,30.0,14,3,1,1,26,1,0,5,4,37500,3,2,3,2,1,0,0,0,1
0,0,0,80.0,22,0,1,1,26,1,0,5,4,37500,3,2,3,2,1,0,0,0,1
1,0,0,30.0,18,4,1,1,26,1,0,5,4,37500,3,2,3,2,1,0,0,1,1
1,0,0,80.0,18,2,1,1,26,1,0,5,4,37500,3,2,3,2,1,0,0,0,1
1,0,0,80.0,18,0,1,1,26,1,0,5,4,37500,3,2,3,2,1,0,0,1,1
1,0,1,55.0,18,3,1,1,26,1,0,5,4,37500,3,2,3,2,1,1,1,0,1
1,0,2,30.0,22,0,0,1,26,1,0,5,4,37500,3,2,3,2,1,1,1,0,0
1,0,0,80.0,22,4,1,1,26,1,0,5,4,37500,3,2,3,2,1,1,0,0,0
2,0,0,30.0,7,3,1,1,26,1,0,5,4,37500,3,2,3,2,1,1,0,1,1
2,0,1,55.0,7,2,0,1,26,1,0,5,4,37500,3,2,3,2,1,1,0,1,0
2,0,0,80.0,7,1,1,1,26,1,0,5,4,37500,3,2,3,2,1,0,0,1,1
2,0,0,80.0,7,0,1,1,26,1,0,5,4,37500,3,2,3,2,1,0,0,0,0
2,0,1,55.0,7,3,1,1,26,1,0,5,4,37500,3,2,3,2,1,1,1,0,1
2,0,2,30.0,7,2,1,1,26,1,0,5,4,37500,3,2,3,2,1,1,0,1,0
0,0,0,80.0,10,1,0,1,26,0,0,3,7,12500,1,1,3,2,1,1,0,0,1
0,1,0,80.0,22,1,1,1,26,0,0,3,7,12500,1,1,3,2,1,1,0,0,1
0,1,0,30.0,22,2,1,1,26,0,0,3,7,12500,1,1,3,2,1,1,0,0,1
0,0,1,55.0,10,1,1,1,26,0,0,3,7,12500,1,1,3,2,1,1,0,0,1
0,0,2,30.0,14,3,1,1,26,0,0,3,7,12500,1,1,3,2,1,0,0,0,0
0,3,0,80.0,14,4,1,1,26,0,0,3,7,12500,1,1,3,2,1,0,0,0,1
0,3,0,55.0,14,3,1,1,26,0,0,3,7,12500,1,1,3,2,1,0,0,0,0
0,0,0,80.0,22,0,1,1,26,0,0,3,7,12500,1,1,3,2,1,0,0,0,0
1,0,0,80.0,18,2,1,1,26,0,0,3,7,12500,1,1,3,2,1,0,0,0,1
1,0,0,80.0,18,0,1,1,26,0,0,3,7,12500,1,1,3,2,1,0,0,1,1
1,0,1,55.0,18,3,1,1,26,0,0,3,7,12500,1,1,3,2,1,1,1,0,1
1,0,2,30.0,22,0,0,1,26,0,0,3,7,12500,1,1,3,2,1,1,1,0,1
1,3,0,55.0,22,3,1,1,26,0,0,3,7,12500,1,1,3,2,1,1,1,0,1
1,3,0,30.0,22,0,1,1,26,0,0,3,7,12500,1,1,3,2,1,0,0,1,1
1,0,0,80.0,22,4,1,1,26,0,0,3,7,12500,1,1,3,2,1,1,0,0,0
1,3,1,55.0,18,1,1,1,26,0,0,3,7,12500,1,1,3,2,1,0,0,1,1
2,0,0,30.0,7,3,1,1,26,0,0,3,7,12500,1,1,3,2,1,1,0,1,0
2,0,0,30.0,7,2,1,1,26,0,0,3,7,12500,1,1,3,2,1,1,0,0,1
2,0,1,55.0,7,2,0,1,26,0,0,3,7,12500,1,1,3,2,1,1,0,1,1
2,0,0,80.0,7,1,1,1,26,0,0,3,7,12500,1,1,3,2,1,0,0,1,0
2,0,1,80.0,7,3,1,1,26,0,0,3,7,12500,1,1,3,2,1,1,1,0,0
2,0,2,30.0,7,2,1,1,26,0,0,3,7,12500,1,1,3,2,1,1,0,1,1
0,0,0,80.0,10,1,0,1,36,1,0,5,0,0,0,1,1,3,1,1,0,0,0
0,1,0,80.0,14,4,1,1,36,1,0,5,0,0,0,1,1,3,1,1,0,0,0
0,1,0,80.0,22,1,1,1,36,1,0,5,0,0,0,1,1,3,1,1,0,0,1
0,1,0,55.0,10,0,0,1,36,1,0,5,0,0,0,1,1,3,1,1,0,0,0
0,1,0,30.0,22,2,1,1,36,1,0,5,0,0,0,1,1,3,1,1,0,0,1
0,1,1,55.0,22,4,0,1,36,1,0,5,0,0,0,1,1,3,1,1,0,0,0
0,0,0,30.0,10,2,1,1,36,1,0,5,0,0,0,1,1,3,1,1,0,0,0
0,0,1,55.0,10,1,1,1,36,1,0,5,0,0,0,1,1,3,1,1,0,0,1
0,0,2,30.0,14,3,1,1,36,1,0,5,0,0,0,1,1,3,1,0,0,0,0
0,0,0,80.0,22,0,1,1,36,1,0,5,0,0,0,1,1,3,1,0,0,0,1
1,0,0,30.0,18,4,1,1,36,1,0,5,0,0,0,1,1,3,1,0,0,1,0
1,0,0,80.0,18,2,1,1,36,1,0,5,0,0,0,1,1,3,1,0,0,0,1
1,0,0,80.0,18,0,1,1,36,1,0,5,0,0,0,1,1,3,1,0,0,1,1
1,0,1,55.0,18,3,1,1,36,1,0,5,0,0,0,1,1,3,1,1,1,0,0
1,0,2,30.0,22,0,0,1,36,1,0,5,0,0,0,1,1,3,1,1,1,0,0
1,0,0,80.0,22,4,1,1,36,1,0,5,0,0,0,1,1,3,1,1,0,0,0
2,0,0,30.0,7,3,1,1,36,1,0,5,0,0,0,1,1,3,1,1,0,1,0
2,0,1,55.0,7,2,0,1,36,1,0,5,0,0,0,1,1,3,1,1,0,1,0
2,0,0,80.0,7,1,1,1,36,1,0,5,0,0,0,1,1,3,1,0,0,1,1
2,0,0,80.0,7,0,1,1,36,1,0,5,0,0,0,1,1,3,1,0,0,0,1
2,0,1,55.0,7,3,1,1,36,1,0,5,0,0,0,1,1,3,1,1,1,0,0
2,0,2,30.0,7,2,1,1,36,1,0,5,0,0,0,1,1,3,1,1,0,1,1
0,0,0,80.0,10,1,0,0,31,2,1,3,2,87500,0,3,3,1,1,1,0,0,1
0,1,0,80.0,22,1,1,0,31,2,1,3,2,87500,0,3,3,1,1,1,0,0,1
0,1,0,30.0,22,2,1,0,31,2,1,3,2,87500,0,3,3,1,1,1,0,0,1
0,0,1,55.0,10,1,1,0,31,2,1,3,2,87500,0,3,3,1,1,1,0,0,1
0,0,2,30.0,14,3,1,0,31,2,1,3,2,87500,0,3,3,1,1,0,0,0,0
0,0,0,80.0,22,0,1,0,31,2,1,3,2,87500,0,3,3,1,1,0,0,0,1
0,2,0,80.0,10,1,1,0,31,2,1,3,2,87500,0,3,3,1,1,0,0,0,1
0,2,0,80.0,14,1,1,0,31,2,1,3,2,87500,0,3,3,1,1,0,0,0,1
0,2,0,80.0,22,4,1,0,31,2,1,3,2,87500,0,3,3,1,1,1,0,0,0
1,2,0,80.0,18,4,0,0,31,2,1,3,2,87500,0,3,3,1,1,1,0,1,1
1,2,0,80.0,22,2,0,0,31,2,1,3,2,87500,0,3,3,1,1,1,0,0,1
1,2,0,30.0,18,3,0,0,31,2,1,3,2,87500,0,3,3,1,1,1,0,0,1
1,0,0,80.0,18,2,1,0,31,2,1,3,2,87500,0,3,3,1,1,0,0,0,1
1,0,0,80.0,18,0,1,0,31,2,1,3,2,87500,0,3,3,1,1,0,0,1,1
1,0,1,55.0,18,3,1,0,31,2,1,3,2,87500,0,3,3,1,1,1,1,0,0
1,0,2,30.0,22,0,0,0,31,2,1,3,2,87500,0,3,3,1,1,1,1,0,1
1,0,0,80.0,22,4,1,0,31,2,1,3,2,87500,0,3,3,1,1,1,0,0,1
2,0,0,30.0,7,3,1,0,31,2,1,3,2,87500,0,3,3,1,1,1,0,1,0
2,0,1,55.0,7,2,0,0,31,2,1,3,2,87500,0,3,3,1,1,1,0,1,1
2,0,0,80.0,7,1,1,0,31,2,1,3,2,87500,0,3,3,1,1,0,0,1,1
2,0,1,55.0,7,3,1,0,31,2,1,3,2,87500,0,3,3,1,1,1,1,0,0
2,0,2,30.0,7,2,1,0,31,2,1,3,2,87500,0,3,3,1,1,1,0,1,1
0,0,0,80.0,10,1,0,0,21,0,1,2,21,0,0,2,3,2,3,1,0,0,1
0,1,0,80.0,22,1,1,0,21,0,1,2,21,0,0,2,3,2,3,1,0,0,1
0,1,0,30.0,22,2,1,0,21,0,1,2,21,0,0,2,3,2,3,1,0,0,1
0,0,1,55.0,10,1,1,0,21,0,1,2,21,0,0,2,3,2,3,1,0,0,1
0,0,2,80.0,14,3,1,0,21,0,1,2,21,0,0,2,3,2,3,0,0,0,1
0,0,0,80.0,22,0,1,0,21,0,1,2,21,0,0,2,3,2,3,0,0,0,1
0,2,0,80.0,10,1,1,0,21,0,1,2,21,0,0,2,3,2,3,0,0,0,1
0,2,0,80.0,14,1,1,0,21,0,1,2,21,0,0,2,3,2,3,0,0,0,1
0,2,0,80.0,22,4,1,0,21,0,1,2,21,0,0,2,3,2,3,1,0,0,1
1,2,0,80.0,18,4,0,0,21,0,1,2,21,0,0,2,3,2,3,1,0,1,1
1,2,0,80.0,22,2,0,0,21,0,1,2,21,0,0,2,3,2,3,1,0,0,0
1,2,0,30.0,18,3,0,0,21,0,1,2,21,0,0,2,3,2,3,1,0,0,1
1,0,0,80.0,18,2,1,0,21,0,1,2,21,0,0,2,3,2,3,0,0,0,1
1,0,0,80.0,18,0,1,0,21,0,1,2,21,0,0,2,3,2,3,0,0,1,1
1,0,1,55.0,18,3,1,0,21,0,1,2,21,0,0,2,3,2,3,1,1,0,0
1,0,2,30.0,22,0,0,0,21,0,1,2,21,0,0,2,3,2,3,1,1,0,1
1,0,0,80.0,22,4,1,0,21,0,1,2,21,0,0,2,3,2,3,1,0,0,0
2,0,0,30.0,7,3,1,0,21,0,1,2,21,0,0,2,3,2,3,1,0,1,0
2,0,1,55.0,7,2,0,0,21,0,1,2,21,0,0,2,3,2,3,1,0,1,1
2,0,0,80.0,7,1,1,0,21,0,1,2,21,0,0,2,3,2,3,0,0,1,1
2,0,1,55.0,7,3,1,0,21,0,1,2,21,0,0,2,3,2,3,1,1,0,1
2,0,2,30.0,7,2,1,0,21,0,1,2,21,0,0,2,3,2,3,1,0,1,1
0,0,0,80.0,10,1,0,0,46,2,1,1,18,37500,1,1,2,2,0,1,0,0,1
0,1,0,80.0,22,1,1,0,46,2,1,1,18,37500,1,1,2,2,0,1,0,0,1
0,1,0,30.0,22,2,1,0,46,2,1,1,18,37500,1,1,2,2,0,1,0,0,1
0,0,1,55.0,10,1,1,0,46,2,1,1,18,37500,1,1,2,2,0,1,0,0,1
0,0,2,30.0,14,3,1,0,46,2,1,1,18,37500,1,1,2,2,0,0,0,0,0
0,0,0,80.0,22,0,1,0,46,2,1,1,18,37500,1,1,2,2,0,0,0,0,0
0,2,0,80.0,10,1,1,0,46,2,1,1,18,37500,1,1,2,2,0,0,0,0,1
0,2,0,80.0,14,1,1,0,46,2,1,1,18,37500,1,1,2,2,0,0,0,0,1
0,2,0,80.0,22,4,1,0,46,2,1,1,18,37500,1,1,2,2,0,1,0,0,0
1,2,0,80.0,18,4,0,0,46,2,1,1,18,37500,1,1,2,2,0,1,0,1,0
1,2,0,80.0,22,2,0,0,46,2,1,1,18,37500,1,1,2,2,0,1,0,0,1
1,2,0,30.0,18,3,0,0,46,2,1,1,18,37500,1,1,2,2,0,1,0,0,1
1,0,0,80.0,18,2,1,0,46,2,1,1,18,37500,1,1,2,2,0,0,0,0,1
1,0,0,80.0,18,0,1,0,46,2,1,1,18,37500,1,1,2,2,0,0,0,1,1
1,0,1,55.0,18,3,1,0,46,2,1,1,18,37500,1,1,2,2,0,1,1,0,0
1,0,2,30.0,22,0,0,0,46,2,1,1,18,37500,1,1,2,2,0,1,1,0,0
1,0,0,80.0,22,4,1,0,46,2,1,1,18,37500,1,1,2,2,0,1,0,0,0
2,0,0,30.0,7,3,1,0,46,2,1,1,18,37500,1,1,2,2,0,1,0,1,0
2,0,1,55.0,7,2,0,0,46,2,1,1,18,37500,1,1,2,2,0,1,0,1,0
2,0,0,80.0,7,1,1,0,46,2,1,1,18,37500,1,1,2,2,0,0,0,1,0
2,0,1,55.0,7,3,1,0,46,2,1,1,18,37500,1,1,2,2,0,1,1,0,0
2,0,2,30.0,7,2,1,0,46,2,1,1,18,37500,1,1,2,2,0,1,0,1,0
0,0,0,80.0,10,1,0,1,16,1,0,2,21,87500,1,4,2,2,1,1,0,0,1
0,1,0,80.0,14,4,1,1,16,1,0,2,21,87500,1,4,2,2,1,1,0,0,0
0,1,0,80.0,22,1,1,1,16,1,0,2,21,87500,1,4,2,2,1,1,0,0,1
0,1,0,55.0,10,0,0,1,16,1,0,2,21,87500,1,4,2,2,1,1,0,0,1
0,1,0,30.0,22,2,1,1,16,1,0,2,21,87500,1,4,2,2,1,1,0,0,1
0,1,1,55.0,22,4,0,1,16,1,0,2,21,87500,1,4,2,2,1,1,0,0,0
0,0,0,30.0,10,2,1,1,16,1,0,2,21,87500,1,4,2,2,1,1,0,0,1
0,0,1,55.0,10,1,1,1,16,1,0,2,21,87500,1,4,2,2,1,1,0,0,1
0,0,2,30.0,14,3,1,1,16,1,0,2,21,87500,1,4,2,2,1,0,0,0,0
0,0,0,80.0,22,0,1,1,16,1,0,2,21,87500,1,4,2,2,1,0,0,0,1
1,0,0,80.0,18,4,1,1,16,1,0,2,21,87500,1,4,2,2,1,0,0,1,0
1,0,0,80.0,18,2,1,1,16,1,0,2,21,87500,1,4,2,2,1,0,0,0,1
1,0,0,80.0,18,0,1,1,16,1,0,2,21,87500,1,4,2,2,1,0,0,1,1
1,0,1,55.0,18,3,1,1,16,1,0,2,21,87500,1,4,2,2,1,1,1,0,0
1,0,2,30.0,22,0,0,1,16,1,0,2,21,87500,1,4,2,2,1,1,1,0,0
1,0,0,80.0,22,4,1,1,16,1,0,2,21,87500,1,4,2,2,1,1,0,0,0
2,0,0,30.0,7,3,1,1,16,1,0,2,21,87500,1,4,2,2,1,1,0,1,0
2,0,1,55.0,7,2,0,1,16,1,0,2,21,87500,1,4,2,2,1,1,0,1,0
2,0,0,80.0,7,1,1,1,16,1,0,2,21,87500,1,4,2,2,1,0,0,1,1
2,0,0,80.0,7,0,1,1,16,1,0,2,21,87500,1,4,2,2,1,0,0,0,1
2,0,1,55.0,7,3,1,1,16,1,0,2,21,87500,1,4,2,2,1,1,1,0,0
2,0,2,30.0,7,2,1,1,16,1,0,2,21,87500,1,4,2,2,1,1,0,1,0
0,0,0,80.0,10,1,0,1,21,1,0,2,2,12500,2,1,3,1,0,1,0,0,1
0,1,0,80.0,14,4,1,1,21,1,0,2,2,12500,2,1,3,1,0,1,0,0,0
0,1,0,80.0,22,1,1,1,21,1,0,2,2,12500,2,1,3,1,0,1,0,0,1
0,1,0,55.0,10,0,0,1,21,1,0,2,2,12500,2,1,3,1,0,1,0,0,1
0,1,0,30.0,22,2,1,1,21,1,0,2,2,12500,2,1,3,1,0,1,0,0,1
0,1,1,55.0,22,4,0,1,21,1,0,2,2,12500,2,1,3,1,0,1,0,0,0
0,0,0,30.0,10,2,1,1,21,1,0,2,2,12500,2,1,3,1,0,1,0,0,1
0,0,1,55.0,10,1,1,1,21,1,0,2,2,12500,2,1,3,1,0,1,0,0,1
0,0,2,30.0,14,3,1,1,21,1,0,2,2,12500,2,1,3,1,0,0,0,0,0
0,0,0,80.0,22,0,1,1,21,1,0,2,2,12500,2,1,3,1,0,0,0,0,1
1,0,0,30.0,18,4,1,1,21,1,0,2,2,12500,2,1,3,1,0,0,0,1,0
1,0,0,80.0,18,2,1,1,21,1,0,2,2,12500,2,1,3,1,0,0,0,0,1
1,0,0,80.0,18,0,1,1,21,1,0,2,2,12500,2,1,3,1,0,0,0,1,1
1,0,1,55.0,18,3,1,1,21,1,0,2,2,12500,2,1,3,1,0,1,1,0,0
1,0,2,30.0,22,0,0,1,21,1,0,2,2,12500,2,1,3,1,0,1,1,0,0
1,0,0,80.0,22,4,1,1,21,1,0,2,2,12500,2,1,3,1,0,1,0,0,0
2,0,0,30.0,7,3,1,1,21,1,0,2,2,12500,2,1,3,1,0,1,0,1,1
2,0,1,55.0,7,2,0,1,21,1,0,2,2,12500,2,1,3,1,0,1,0,1,0
2,0,0,80.0,7,1,1,1,21,1,0,2,2,12500,2,1,3,1,0,0,0,1,1
2,0,0,80.0,7,0,1,1,21,1,0,2,2,12500,2,1,3,1,0,0,0,0,1
2,0,1,55.0,7,3,1,1,21,1,0,2,2,12500,2,1,3,1,0,1,1,0,1
2,0,2,30.0,7,2,1,1,21,1,0,2,2,12500,2,1,3,1,0,1,0,1,1
0,0,0,80.0,10,1,0,1,31,2,1,4,9,62500,0,1,4,3,1,1,0,0,1
0,1,0,80.0,22,1,1,1,31,2,1,4,9,62500,0,1,4,3,1,1,0,0,0
0,1,0,30.0,22,2,1,1,31,2,1,4,9,62500,0,1,4,3,1,1,0,0,1
0,0,1,55.0,10,1,1,1,31,2,1,4,9,62500,0,1,4,3,1,1,0,0,1
0,0,2,30.0,14,3,1,1,31,2,1,4,9,62500,0,1,4,3,1,0,0,0,1
0,0,0,80.0,22,0,1,1,31,2,1,4,9,62500,0,1,4,3,1,0,0,0,1
0,2,0,80.0,10,1,1,1,31,2,1,4,9,62500,0,1,4,3,1,0,0,0,1
0,2,0,80.0,14,1,1,1,31,2,1,4,9,62500,0,1,4,3,1,0,0,0,0
0,2,0,80.0,22,4,1,1,31,2,1,4,9,62500,0,1,4,3,1,1,0,0,0
1,2,0,80.0,18,4,0,1,31,2,1,4,9,62500,0,1,4,3,1,1,0,1,1
1,2,0,80.0,22,2,0,1,31,2,1,4,9,62500,0,1,4,3,1,1,0,0,0
1,2,0,30.0,18,3,0,1,31,2,1,4,9,62500,0,1,4,3,1,1,0,0,1
1,0,0,80.0,18,2,1,1,31,2,1,4,9,62500,0,1,4,3,1,0,0,0,1
1,0,0,80.0,18,0,1,1,31,2,1,4,9,62500,0,1,4,3,1,0,0,1,1
1,0,1,55.0,18,3,1,1,31,2,1,4,9,62500,0,1,4,3,1,1,1,0,0
1,0,2,30.0,22,0,0,1,31,2,1,4,9,62500,0,1,4,3,1,1,1,0,0
1,0,0,80.0,22,4,1,1,31,2,1,4,9,62500,0,1,4,3,1,1,0,0,0
2,0,0,30.0,7,3,1,1,31,2,1,4,9,62500,0,1,4,3,1,1,0,1,0
2,0,1,55.0,7,2,0,1,31,2,1,4,9,62500,0,1,4,3,1,1,0,1,1
2,0,0,80.0,7,1,1,1,31,2,1,4,9,62500,0,1,4,3,1,0,0,1,1
2,0,1,55.0,7,3,1,1,31,2,1,4,9,62500,0,1,4,3,1,1,1,0,0
2,0,2,30.0,7,2,1,1,31,2,1,4,9,62500,0,1,4,3,1,1,0,1,1
0,0,0,80.0,10,1,0,0,26,2,1,4,9,100000,2,2,3,3,1,1,0,0,1
0,1,0,80.0,22,1,1,0,26,2,1,4,9,100000,2,2,3,3,1,1,0,0,1
0,1,0,30.0,22,2,1,0,26,2,1,4,9,100000,2,2,3,3,1,1,0,0,1
0,0,1,55.0,10,1,1,0,26,2,1,4,9,100000,2,2,3,3,1,1,0,0,1
0,0,2,30.0,14,3,1,0,26,2,1,4,9,100000,2,2,3,3,1,0,0,0,0
0,0,0,80.0,22,0,1,0,26,2,1,4,9,100000,2,2,3,3,1,0,0,0,1
0,2,0,80.0,10,1,1,0,26,2,1,4,9,100000,2,2,3,3,1,0,0,0,1
0,2,0,80.0,14,1,1,0,26,2,1,4,9,100000,2,2,3,3,1,0,0,0,1
0,2,0,80.0,22,4,1,0,26,2,1,4,9,100000,2,2,3,3,1,1,0,0,1
1,2,0,80.0,18,4,0,0,26,2,1,4,9,100000,2,2,3,3,1,1,0,1,1
1,2,0,80.0,22,2,0,0,26,2,1,4,9,100000,2,2,3,3,1,1,0,0,1
1,2,0,30.0,18,3,0,0,26,2,1,4,9,100000,2,2,3,3,1,1,0,0,0
1,0,0,80.0,18,2,1,0,26,2,1,4,9,100000,2,2,3,3,1,0,0,0,1
1,0,0,80.0,18,0,1,0,26,2,1,4,9,100000,2,2,3,3,1,0,0,1,1
1,0,1,55.0,18,3,1,0,26,2,1,4,9,100000,2,2,3,3,1,1,1,0,1
1,0,2,30.0,22,0,0,0,26,2,1,4,9,100000,2,2,3,3,1,1,1,0,1
1,0,0,80.0,22,4,1,0,26,2,1,4,9,100000,2,2,3,3,1,1,0,0,1
2,0,0,30.0,7,3,1,0,26,2,1,4,9,100000,2,2,3,3,1,1,0,1,1
2,0,1,55.0,7,2,0,0,26,2,1,4,9,100000,2,2,3,3,1,1,0,1,0
2,0,0,80.0,7,1,1,0,26,2,1,4,9,100000,2,2,3,3,1,0,0,1,1
2,0,1,55.0,7,3,1,0,26,2,1,4,9,100000,2,2,3,3,1,1,1,0,1
2,0,2,30.0,7,2,1,0,26,2,1,4,9,100000,2,2,3,3,1,1,0,1,1
0,0,0,80.0,10,1,0,1,26,2,1,4,6,25000,1,0,2,1,1,1,0,0,0
0,1,0,80.0,22,1,1,1,26,2,1,4,6,25000,1,0,2,1,1,1,0,0,0
0,1,0,30.0,22,2,1,1,26,2,1,4,6,25000,1,0,2,1,1,1,0,0,1
0,0,1,55.0,10,1,1,1,26,2,1,4,6,25000,1,0,2,1,1,1,0,0,0
0,0,2,30.0,14,3,1,1,26,2,1,4,6,25000,1,0,2,1,1,0,0,0,1
0,0,0,80.0,22,0,1,1,26,2,1,4,6,25000,1,0,2,1,1,0,0,0,1
0,2,0,80.0,10,1,1,1,26,2,1,4,6,25000,1,0,2,1,1,0,0,0,0
0,2,0,80.0,14,1,1,1,26,2,1,4,6,25000,1,0,2,1,1,0,0,0,0
0,2,0,80.0,22,4,1,1,26,2,1,4,6,25000,1,0,2,1,1,1,0,0,0
1,2,0,80.0,18,4,0,1,26,2,1,4,6,25000,1,0,2,1,1,1,0,1,0
1,2,0,80.0,22,2,0,1,26,2,1,4,6,25000,1,0,2,1,1,1,0,0,1
1,2,0,30.0,18,3,0,1,26,2,1,4,6,25000,1,0,2,1,1,1,0,0,1
1,0,0,80.0,18,2,1,1,26,2,1,4,6,25000,1,0,2,1,1,0,0,0,1
1,0,0,80.0,18,0,1,1,26,2,1,4,6,25000,1,0,2,1,1,0,0,1,1
1,0,1,55.0,18,3,1,1,26,2,1,4,6,25000,1,0,2,1,1,1,1,0,1
1,0,2,30.0,22,0,0,1,26,2,1,4,6,25000,1,0,2,1,1,1,1,0,1
1,0,0,80.0,22,4,1,1,26,2,1,4,6,25000,1,0,2,1,1,1,0,0,1
2,0,0,30.0,7,3,1,1,26,2,1,4,6,25000,1,0,2,1,1,1,0,1,1
2,0,1,55.0,7,2,0,1,26,2,1,4,6,25000,1,0,2,1,1,1,0,1,1
2,0,0,80.0,7,1,1,1,26,2,1,4,6,25000,1,0,2,1,1,0,0,1,0
2,0,1,55.0,7,3,1,1,26,2,1,4,6,25000,1,0,2,1,1,1,1,0,1
2,0,2,30.0,7,2,1,1,26,2,1,4,6,25000,1,0,2,1,1,1,0,1,1
0,0,0,80.0,10,1,0,0,21,2,0,2,2,0,1,4,3,2,2,1,0,0,0
0,1,0,80.0,22,1,1,0,21,2,0,2,2,0,1,4,3,2,2,1,0,0,1
0,1,0,30.0,22,2,1,0,21,2,0,2,2,0,1,4,3,2,2,1,0,0,0
0,0,1,55.0,10,1,1,0,21,2,0,2,2,0,1,4,3,2,2,1,0,0,1
0,0,2,30.0,14,3,1,0,21,2,0,2,2,0,1,4,3,2,2,0,0,0,1
0,3,0,80.0,14,4,1,0,21,2,0,2,2,0,1,4,3,2,2,0,0,0,1
0,3,0,55.0,14,3,1,0,21,2,0,2,2,0,1,4,3,2,2,0,0,0,1
0,0,0,80.0,22,0,1,0,21,2,0,2,2,0,1,4,3,2,2,0,0,0,0
0,2,0,80.0,10,1,1,0,21,2,0,2,2,0,1,4,3,2,2,0,0,0,1
0,2,0,80.0,14,1,1,0,21,2,0,2,2,0,1,4,3,2,2,0,0,0,1
0,2,0,80.0,22,4,1,0,21,2,0,2,2,0,1,4,3,2,2,1,0,0,0
1,2,0,80.0,18,4,0,0,21,2,0,2,2,0,1,4,3,2,2,1,0,1,0
1,2,0,80.0,22,2,0,0,21,2,0,2,2,0,1,4,3,2,2,1,0,0,0
1,2,0,30.0,18,3,0,0,21,2,0,2,2,0,1,4,3,2,2,1,0,0,0
1,0,0,80.0,18,2,1,0,21,2,0,2,2,0,1,4,3,2,2,0,0,0,0
1,0,0,80.0,18,0,1,0,21,2,0,2,2,0,1,4,3,2,2,0,0,1,0
1,0,1,55.0,18,3,1,0,21,2,0,2,2,0,1,4,3,2,2,1,1,0,1
1,0,2,30.0,22,0,0,0,21,2,0,2,2,0,1,4,3,2,2,1,1,0,0
1,3,0,55.0,22,3,1,0,21,2,0,2,2,0,1,4,3,2,2,1,1,0,1
1,3,0,30.0,22,0,1,0,21,2,0,2,2,0,1,4,3,2,2,0,0,1,0
1,0,0,80.0,22,4,1,0,21,2,0,2,2,0,1,4,3,2,2,1,0,0,0
1,3,1,55.0,18,1,1,0,21,2,0,2,2,0,1,4,3,2,2,0,0,1,1
2,0,0,30.0,7,3,1,0,21,2,0,2,2,0,1,4,3,2,2,1,0,1,0
2,0,0,30.0,7,2,1,0,21,2,0,2,2,0,1,4,3,2,2,1,0,0,0
2,0,1,55.0,7,2,0,0,21,2,0,2,2,0,1,4,3,2,2,1,0,1,0
2,0,0,80.0,7,1,1,0,21,2,0,2,2,0,1,4,3,2,2,0,0,1,1
2,0,1,55.0,7,3,1,0,21,2,0,2,2,0,1,4,3,2,2,1,1,0,1
2,0,2,30.0,7,2,1,0,21,2,0,2,2,0,1,4,3,2,2,1,0,1,0
0,0,0,80.0,10,1,0,1,16,1,0,2,2,25000,0,0,1,0,1,1,0,0,0
0,1,0,80.0,14,4,1,1,16,1,0,2,2,25000,0,0,1,0,1,1,0,0,0
0,1,0,80.0,22,1,1,1,16,1,0,2,2,25000,0,0,1,0,1,1,0,0,1
0,1,0,55.0,10,0,0,1,16,1,0,2,2,25000,0,0,1,0,1,1,0,0,0
0,1,0,30.0,22,2,1,1,16,1,0,2,2,25000,0,0,1,0,1,1,0,0,1
0,1,1,55.0,22,4,0,1,16,1,0,2,2,25000,0,0,1,0,1,1,0,0,0
0,0,0,30.0,10,2,1,1,16,1,0,2,2,25000,0,0,1,0,1,1,0,0,1
0,0,1,55.0,10,1,1,1,16,1,0,2,2,25000,0,0,1,0,1,1,0,0,1
0,0,2,30.0,14,3,1,1,16,1,0,2,2,25000,0,0,1,0,1,0,0,0,0
0,0,0,80.0,22,0,1,1,16,1,0,2,2,25000,0,0,1,0,1,0,0,0,1
1,0,0,30.0,18,4,1,1,16,1,0,2,2,25000,0,0,1,0,1,0,0,1,0
1,0,0,80.0,18,2,1,1,16,1,0,2,2,25000,0,0,1,0,1,0,0,0,1
1,0,0,80.0,18,0,1,1,16,1,0,2,2,25000,0,0,1,0,1,0,0,1,1
1,0,1,55.0,18,3,1,1,16,1,0,2,2,25000,0,0,1,0,1,1,1,0,0
1,0,2,30.0,22,0,0,1,16,1,0,2,2,25000,0,0,1,0,1,1,1,0,0
1,0,0,80.0,22,4,1,1,16,1,0,2,2,25000,0,0,1,0,1,1,0,0,0
2,0,0,30.0,7,3,1,1,16,1,0,2,2,25000,0,0,1,0,1,1,0,1,0
2,0,1,55.0,7,2,0,1,16,1,0,2,2,25000,0,0,1,0,1,1,0,1,0
2,0,0,80.0,7,1,1,1,16,1,0,2,2,25000,0,0,1,0,1,0,0,1,1
2,0,0,80.0,7,0,1,1,16,1,0,2,2,25000,0,0,1,0,1,0,0,0,1
2,0,1,55.0,7,3,1,1,16,1,0,2,2,25000,0,0,1,0,1,1,1,0,0
2,0,2,30.0,7,2,1,1,16,1,0,2,2,25000,0,0,1,0,1,1,0,1,0
0,0,0,80.0,10,1,0,1,31,1,0,4,13,25000,0,1,1,1,1,1,0,0,1
0,1,0,80.0,14,4,1,1,31,1,0,4,13,25000,0,1,1,1,1,1,0,0,1
0,1,0,80.0,22,1,1,1,31,1,0,4,13,25000,0,1,1,1,1,1,0,0,1
0,1,0,55.0,10,0,0,1,31,1,0,4,13,25000,0,1,1,1,1,1,0,0,1
0,1,0,30.0,22,2,1,1,31,1,0,4,13,25000,0,1,1,1,1,1,0,0,1
0,1,1,55.0,22,4,0,1,31,1,0,4,13,25000,0,1,1,1,1,1,0,0,0
0,0,0,30.0,10,2,1,1,31,1,0,4,13,25000,0,1,1,1,1,1,0,0,1
0,0,1,55.0,10,1,1,1,31,1,0,4,13,25000,0,1,1,1,1,1,0,0,1
0,0,2,30.0,14,3,1,1,31,1,0,4,13,25000,0,1,1,1,1,0,0,0,0
0,0,0,80.0,22,0,1,1,31,1,0,4,13,25000,0,1,1,1,1,0,0,0,0
1,0,0,30.0,18,4,1,1,31,1,0,4,13,25000,0,1,1,1,1,0,0,1,0
1,0,0,80.0,18,2,1,1,31,1,0,4,13,25000,0,1,1,1,1,0,0,0,1
1,0,0,80.0,18,0,1,1,31,1,0,4,13,25000,0,1,1,1,1,0,0,1,0
1,0,1,55.0,18,3,1,1,31,1,0,4,13,25000,0,1,1,1,1,1,1,0,0
1,0,2,30.0,22,0,0,1,31,1,0,4,13,25000,0,1,1,1,1,1,1,0,0
1,0,0,80.0,22,4,1,1,31,1,0,4,13,25000,0,1,1,1,1,1,0,0,0
2,0,0,30.0,7,3,1,1,31,1,0,4,13,25000,0,1,1,1,1,1,0,1,0
2,0,1,55.0,7,2,0,1,31,1,0,4,13,25000,0,1,1,1,1,1,0,1,1
2,0,0,80.0,7,1,1,1,31,1,0,4,13,25000,0,1,1,1,1,0,0,1,0
2,0,0,80.0,7,0,1,1,31,1,0,4,13,25000,0,1,1,1,1,0,0,0,0
2,0,1,55.0,7,3,1,1,31,1,0,4,13,25000,0,1,1,1,1,1,1,0,0
2,0,2,30.0,7,2,1,1,31,1,0,4,13,25000,0,1,1,1,1,1,0,1,1
0,0,0,80.0,10,1,0,1,21,1,0,4,15,87500,2,0,1,1,1,1,0,0,0
0,1,0,80.0,14,4,1,1,21,1,0,4,15,87500,2,0,1,1,1,1,0,0,1
0,1,0,80.0,22,1,1,1,21,1,0,4,15,87500,2,0,1,1,1,1,0,0,0
0,1,0,55.0,10,0,0,1,21,1,0,4,15,87500,2,0,1,1,1,1,0,0,0
0,1,0,30.0,22,2,1,1,21,1,0,4,15,87500,2,0,1,1,1,1,0,0,1
0,1,1,55.0,22,4,0,1,21,1,0,4,15,87500,2,0,1,1,1,1,0,0,0
0,0,0,30.0,10,2,1,1,21,1,0,4,15,87500,2,0,1,1,1,1,0,0,1
0,0,1,55.0,10,1,1,1,21,1,0,4,15,87500,2,0,1,1,1,1,0,0,0
0,0,2,30.0,14,3,1,1,21,1,0,4,15,87500,2,0,1,1,1,0,0,0,1
0,0,0,80.0,22,0,1,1,21,1,0,4,15,87500,2,0,1,1,1,0,0,0,1
1,0,0,30.0,18,4,1,1,21,1,0,4,15,87500,2,0,1,1,1,0,0,1,1
1,0,0,80.0,18,2,1,1,21,1,0,4,15,87500,2,0,1,1,1,0,0,0,1
1,0,0,80.0,18,0,1,1,21,1,0,4,15,87500,2,0,1,1,1,0,0,1,1
1,0,1,55.0,18,3,1,1,21,1,0,4,15,87500,2,0,1,1,1,1,1,0,1
1,0,2,30.0,22,0,0,1,21,1,0,4,15,87500,2,0,1,1,1,1,1,0,1
1,0,0,80.0,22,4,1,1,21,1,0,4,15,87500,2,0,1,1,1,1,0,0,0
2,0,0,30.0,7,3,1,1,21,1,0,4,15,87500,2,0,1,1,1,1,0,1,0
2,0,1,55.0,7,2,0,1,21,1,0,4,15,87500,2,0,1,1,1,1,0,1,0
2,0,0,80.0,7,1,1,1,21,1,0,4,15,87500,2,0,1,1,1,0,0,1,0
2,0,0,80.0,7,0,1,1,21,1,0,4,15,87500,2,0,1,1,1,0,0,0,1
2,0,1,55.0,7,3,1,1,21,1,0,4,15,87500,2,0,1,1,1,1,1,0,1
2,0,2,30.0,7,2,1,1,21,1,0,4,15,87500,2,0,1,1,1,1,0,1,1
0,0,0,80.0,10,1,0,1,26,1,0,4,6,75000,0,0,3,3,1,1,0,0,0
0,1,0,80.0,22,1,1,1,26,1,0,4,6,75000,0,0,3,3,1,1,0,0,0
0,1,0,30.0,22,2,1,1,26,1,0,4,6,75000,0,0,3,3,1,1,0,0,1
0,0,1,55.0,10,1,1,1,26,1,0,4,6,75000,0,0,3,3,1,1,0,0,0
0,0,2,30.0,14,3,1,1,26,1,0,4,6,75000,0,0,3,3,1,0,0,0,0
0,3,0,80.0,14,4,1,1,26,1,0,4,6,75000,0,0,3,3,1,0,0,0,1
0,3,0,80.0,14,3,1,1,26,1,0,4,6,75000,0,0,3,3,1,0,0,0,0
0,0,0,80.0,22,0,1,1,26,1,0,4,6,75000,0,0,3,3,1,0,0,0,1
1,0,0,80.0,18,2,1,1,26,1,0,4,6,75000,0,0,3,3,1,0,0,0,0
1,0,0,80.0,18,0,1,1,26,1,0,4,6,75000,0,0,3,3,1,0,0,1,1
1,0,1,55.0,18,3,1,1,26,1,0,4,6,75000,0,0,3,3,1,1,1,0,0
1,0,2,30.0,22,0,0,1,26,1,0,4,6,75000,0,0,3,3,1,1,1,0,0
1,3,0,55.0,22,3,1,1,26,1,0,4,6,75000,0,0,3,3,1,1,1,0,0
1,3,0,30.0,22,0,1,1,26,1,0,4,6,75000,0,0,3,3,1,0,0,1,0
1,0,0,80.0,22,4,1,1,26,1,0,4,6,75000,0,0,3,3,1,1,0,0,1
1,3,1,55.0,18,1,1,1,26,1,0,4,6,75000,0,0,3,3,1,0,0,1,0
2,0,0,30.0,7,3,1,1,26,1,0,4,6,75000,0,0,3,3,1,1,0,1,0
2,0,0,30.0,7,2,1,1,26,1,0,4,6,75000,0,0,3,3,1,1,0,0,0
2,0,1,55.0,7,2,0,1,26,1,0,4,6,75000,0,0,3,3,1,1,0,1,0
2,0,0,80.0,7,1,1,1,26,1,0,4,6,75000,0,0,3,3,1,0,0,1,0
2,0,1,55.0,7,3,1,1,26,1,0,4,6,75000,0,0,3,3,1,1,1,0,0
2,0,2,30.0,7,2,1,1,26,1,0,4,6,75000,0,0,3,3,1,1,0,1,0
0,0,0,80.0,10,1,0,1,51,2,1,2,13,62500,2,0,2,2,1,1,0,0,0
0,1,0,80.0,22,1,1,1,51,2,1,2,13,62500,2,0,2,2,1,1,0,0,0
0,1,0,30.0,22,2,1,1,51,2,1,2,13,62500,2,0,2,2,1,1,0,0,1
0,0,1,55.0,10,1,1,1,51,2,1,2,13,62500,2,0,2,2,1,1,0,0,0
0,0,2,30.0,14,3,1,1,51,2,1,2,13,62500,2,0,2,2,1,0,0,0,0
0,3,0,80.0,14,4,1,1,51,2,1,2,13,62500,2,0,2,2,1,0,0,0,1
0,3,0,55.0,14,3,1,1,51,2,1,2,13,62500,2,0,2,2,1,0,0,0,1
0,0,0,80.0,22,0,1,1,51,2,1,2,13,62500,2,0,2,2,1,0,0,0,1
1,0,0,80.0,18,2,1,1,51,2,1,2,13,62500,2,0,2,2,1,0,0,0,1
1,0,0,80.0,18,0,1,1,51,2,1,2,13,62500,2,0,2,2,1,0,0,1,1
1,0,1,55.0,18,3,1,1,51,2,1,2,13,62500,2,0,2,2,1,1,1,0,1
1,0,2,30.0,22,0,0,1,51,2,1,2,13,62500,2,0,2,2,1,1,1,0,0
1,3,0,55.0,22,3,1,1,51,2,1,2,13,62500,2,0,2,2,1,1,1,0,0
1,3,0,30.0,22,0,1,1,51,2,1,2,13,62500,2,0,2,2,1,0,0,1,0
1,0,0,80.0,22,4,1,1,51,2,1,2,13,62500,2,0,2,2,1,1,0,0,0
1,3,1,55.0,18,1,1,1,51,2,1,2,13,62500,2,0,2,2,1,0,0,1,0
2,0,0,30.0,7,3,1,1,51,2,1,2,13,62500,2,0,2,2,1,1,0,1,1
2,0,0,30.0,7,2,1,1,51,2,1,2,13,62500,2,0,2,2,1,1,0,0,1
2,0,1,55.0,7,2,0,1,51,2,1,2,13,62500,2,0,2,2,1,1,0,1,0
2,0,0,80.0,7,1,1,1,51,2,1,2,13,62500,2,0,2,2,1,0,0,1,0
2,0,1,55.0,7,3,1,1,51,2,1,2,13,62500,2,0,2,2,1,1,1,0,1
2,0,2,30.0,7,2,1,1,51,2,1,2,13,62500,2,0,2,2,1,1,0,1,0
0,0,0,80.0,10,1,0,1,26,1,0,5,9,62500,2,4,3,3,2,1,0,0,0
0,1,0,80.0,14,4,1,1,26,1,0,5,9,62500,2,4,3,3,2,1,0,0,0
0,1,0,80.0,22,1,1,1,26,1,0,5,9,62500,2,4,3,3,2,1,0,0,0
0,1,0,55.0,10,0,0,1,26,1,0,5,9,62500,2,4,3,3,2,1,0,0,0
0,1,0,30.0,22,2,1,1,26,1,0,5,9,62500,2,4,3,3,2,1,0,0,1
0,1,1,55.0,22,4,0,1,26,1,0,5,9,62500,2,4,3,3,2,1,0,0,0
0,0,0,30.0,10,2,1,1,26,1,0,5,9,62500,2,4,3,3,2,1,0,0,1
0,0,1,55.0,10,1,1,1,26,1,0,5,9,62500,2,4,3,3,2,1,0,0,0
0,0,2,30.0,14,3,1,1,26,1,0,5,9,62500,2,4,3,3,2,0,0,0,0
0,0,0,80.0,22,0,1,1,26,1,0,5,9,62500,2,4,3,3,2,0,0,0,0
1,0,0,30.0,18,4,1,1,26,1,0,5,9,62500,2,4,3,3,2,0,0,1,1
1,0,0,80.0,18,2,1,1,26,1,0,5,9,62500,2,4,3,3,2,0,0,0,1
1,0,0,80.0,18,0,1,1,26,1,0,5,9,62500,2,4,3,3,2,0,0,1,0
1,0,1,55.0,18,3,1,1,26,1,0,5,9,62500,2,4,3,3,2,1,1,0,0
1,0,2,30.0,22,0,0,1,26,1,0,5,9,62500,2,4,3,3,2,1,1,0,0
1,0,0,80.0,22,4,1,1,26,1,0,5,9,62500,2,4,3,3,2,1,0,0,1
2,0,0,30.0,7,3,1,1,26,1,0,5,9,62500,2,4,3,3,2,1,0,1,0
2,0,1,55.0,7,2,0,1,26,1,0,5,9,62500,2,4,3,3,2,1,0,1,0
2,0,0,80.0,7,1,1,1,26,1,0,5,9,62500,2,4,3,3,2,0,0,1,0
2,0,0,80.0,7,0,1,1,26,1,0,5,9,62500,2,4,3,3,2,0,0,0,0
2,0,1,55.0,7,3,1,1,26,1,0,5,9,62500,2,4,3,3,2,1,1,0,0
2,0,2,30.0,7,2,1,1,26,1,0,5,9,62500,2,4,3,3,2,1,0,1,1
0,0,0,80.0,10,1,0,0,26,0,0,1,4,25000,1,1,2,2,2,1,0,0,0
0,1,0,80.0,22,1,1,0,26,0,0,1,4,25000,1,1,2,2,2,1,0,0,1
0,1,0,30.0,22,2,1,0,26,0,0,1,4,25000,1,1,2,2,2,1,0,0,1
0,0,1,55.0,10,1,1,0,26,0,0,1,4,25000,1,1,2,2,2,1,0,0,0
0,0,2,30.0,14,3,1,0,26,0,0,1,4,25000,1,1,2,2,2,0,0,0,1
0,3,0,80.0,14,4,1,0,26,0,0,1,4,25000,1,1,2,2,2,0,0,0,1
0,3,0,55.0,14,3,1,0,26,0,0,1,4,25000,1,1,2,2,2,0,0,0,1
0,0,0,80.0,22,0,1,0,26,0,0,1,4,25000,1,1,2,2,2,0,0,0,1
1,0,0,80.0,18,2,1,0,26,0,0,1,4,25000,1,1,2,2,2,0,0,0,1
1,0,0,80.0,18,0,1,0,26,0,0,1,4,25000,1,1,2,2,2,0,0,1,1
1,0,1,55.0,18,3,1,0,26,0,0,1,4,25000,1,1,2,2,2,1,1,0,1
1,0,2,30.0,22,0,0,0,26,0,0,1,4,25000,1,1,2,2,2,1,1,0,0
1,3,0,55.0,22,3,1,0,26,0,0,1,4,25000,1,1,2,2,2,1,1,0,1
1,3,0,30.0,22,0,1,0,26,0,0,1,4,25000,1,1,2,2,2,0,0,1,0
1,0,0,80.0,22,4,1,0,26,0,0,1,4,25000,1,1,2,2,2,1,0,0,1
1,3,1,55.0,18,1,1,0,26,0,0,1,4,25000,1,1,2,2,2,0,0,1,0
2,0,0,30.0,7,3,1,0,26,0,0,1,4,25000,1,1,2,2,2,1,0,1,0
2,0,0,30.0,7,2,1,0,26,0,0,1,4,25000,1,1,2,2,2,1,0,0,1
2,0,1,55.0,7,2,0,0,26,0,0,1,4,25000,1,1,2,2,2,1,0,1,1
2,0,0,80.0,7,1,1,0,26,0,0,1,4,25000,1,1,2,2,2,0,0,1,1
2,0,1,55.0,7,3,1,0,26,0,0,1,4,25000,1,1,2,2,2,1,1,0,0
2,0,2,30.0,7,2,1,0,26,0,0,1,4,25000,1,1,2,2,2,1,0,1,1
0,0,0,80.0,10,1,0,1,16,1,0,1,2,87500,0,1,2,3,3,1,0,0,1
0,1,0,80.0,14,4,1,1,16,1,0,1,2,87500,0,1,2,3,3,1,0,0,0
0,1,0,80.0,22,1,1,1,16,1,0,1,2,87500,0,1,2,3,3,1,0,0,1
0,1,0,55.0,10,0,0,1,16,1,0,1,2,87500,0,1,2,3,3,1,0,0,1
0,1,0,30.0,22,2,1,1,16,1,0,1,2,87500,0,1,2,3,3,1,0,0,0
0,1,1,55.0,22,4,0,1,16,1,0,1,2,87500,0,1,2,3,3,1,0,0,1
0,0,0,30.0,10,2,1,1,16,1,0,1,2,87500,0,1,2,3,3,1,0,0,1
0,0,1,55.0,10,1,1,1,16,1,0,1,2,87500,0,1,2,3,3,1,0,0,1
0,0,2,30.0,14,3,1,1,16,1,0,1,2,87500,0,1,2,3,3,0,0,0,1
0,0,0,80.0,22,0,1,1,16,1,0,1,2,87500,0,1,2,3,3,0,0,0,0
1,0,0,30.0,18,4,1,1,16,1,0,1,2,87500,0,1,2,3,3,0,0,1,0
1,0,0,80.0,18,2,1,1,16,1,0,1,2,87500,0,1,2,3,3,0,0,0,1
1,0,0,80.0,18,0,1,1,16,1,0,1,2,87500,0,1,2,3,3,0,0,1,1
1,0,1,55.0,18,3,1,1,16,1,0,1,2,87500,0,1,2,3,3,1,1,0,1
1,0,2,30.0,22,0,0,1,16,1,0,1,2,87500,0,1,2,3,3,1,1,0,0
1,0,0,80.0,22,4,1,1,16,1,0,1,2,87500,0,1,2,3,3,1,0,0,1
2,0,0,30.0,7,3,1,1,16,1,0,1,2,87500,0,1,2,3,3,1,0,1,0
2,0,1,55.0,7,2,0,1,16,1,0,1,2,87500,0,1,2,3,3,1,0,1,1
2,0,0,80.0,7,1,1,1,16,1,0,1,2,87500,0,1,2,3,3,0,0,1,1
2,0,0,80.0,7,0,1,1,16,1,0,1,2,87500,0,1,2,3,3,0,0,0,0
2,0,1,55.0,7,3,1,1,16,1,0,1,2,87500,0,1,2,3,3,1,1,0,0
2,0,2,30.0,7,2,1,1,16,1,0,1,2,87500,0,1,2,3,3,1,0,1,1
0,0,0,80.0,10,1,0,0,46,3,1,4,13,25000,0,2,2,2,2,1,0,0,0
0,1,0,80.0,14,4,1,0,46,3,1,4,13,25000,0,2,2,2,2,1,0,0,1
0,1,0,80.0,22,1,1,0,46,3,1,4,13,25000,0,2,2,2,2,1,0,0,1
0,1,0,55.0,10,0,0,0,46,3,1,4,13,25000,0,2,2,2,2,1,0,0,1
0,1,0,30.0,22,2,1,0,46,3,1,4,13,25000,0,2,2,2,2,1,0,0,1
0,1,1,55.0,22,4,0,0,46,3,1,4,13,25000,0,2,2,2,2,1,0,0,1
0,0,0,30.0,10,2,1,0,46,3,1,4,13,25000,0,2,2,2,2,1,0,0,0
0,0,1,55.0,10,1,1,0,46,3,1,4,13,25000,0,2,2,2,2,1,0,0,0
0,0,2,30.0,14,3,1,0,46,3,1,4,13,25000,0,2,2,2,2,0,0,0,0
0,0,0,80.0,22,0,1,0,46,3,1,4,13,25000,0,2,2,2,2,0,0,0,1
1,0,0,30.0,18,4,1,0,46,3,1,4,13,25000,0,2,2,2,2,0,0,1,1
1,0,0,80.0,18,2,1,0,46,3,1,4,13,25000,0,2,2,2,2,0,0,0,1
1,0,0,80.0,18,0,1,0,46,3,1,4,13,25000,0,2,2,2,2,0,0,1,1
1,0,1,55.0,18,3,1,0,46,3,1,4,13,25000,0,2,2,2,2,1,1,0,0
1,0,2,30.0,22,0,0,0,46,3,1,4,13,25000,0,2,2,2,2,1,1,0,0
1,0,0,80.0,22,4,1,0,46,3,1,4,13,25000,0,2,2,2,2,1,0,0,1
2,0,0,30.0,7,3,1,0,46,3,1,4,13,25000,0,2,2,2,2,1,0,1,0
2,0,1,55.0,7,2,0,0,46,3,1,4,13,25000,0,2,2,2,2,1,0,1,1
2,0,0,80.0,7,1,1,0,46,3,1,4,13,25000,0,2,2,2,2,0,0,1,1
2,0,0,80.0,7,0,1,0,46,3,1,4,13,25000,0,2,2,2,2,0,0,0,1
2,0,1,55.0,7,3,1,0,46,3,1,4,13,25000,0,2,2,2,2,1,1,0,0
2,0,2,30.0,7,2,1,0,46,3,1,4,13,25000,0,2,2,2,2,1,0,1,0
0,0,0,80.0,10,1,0,0,51,1,1,3,16,0,0,0,1,0,0,1,0,0,0
0,1,0,80.0,14,4,1,0,51,1,1,3,16,0,0,0,1,0,0,1,0,0,0
0,1,0,80.0,22,1,1,0,51,1,1,3,16,0,0,0,1,0,0,1,0,0,0
0,1,0,55.0,10,0,0,0,51,1,1,3,16,0,0,0,1,0,0,1,0,0,0
0,1,0,30.0,22,2,1,0,51,1,1,3,16,0,0,0,1,0,0,1,0,0,1
0,1,1,55.0,22,4,0,0,51,1,1,3,16,0,0,0,1,0,0,1,0,0,0
0,0,0,30.0,10,2,1,0,51,1,1,3,16,0,0,0,1,0,0,1,0,0,1
0,0,1,55.0,10,1,1,0,51,1,1,3,16,0,0,0,1,0,0,1,0,0,0
0,0,2,30.0,14,3,1,0,51,1,1,3,16,0,0,0,1,0,0,0,0,0,0
0,0,0,80.0,22,0,1,0,51,1,1,3,16,0,0,0,1,0,0,0,0,0,1
1,0,0,30.0,18,4,1,0,51,1,1,3,16,0,0,0,1,0,0,0,0,1,0
1,0,0,80.0,18,2,1,0,51,1,1,3,16,0,0,0,1,0,0,0,0,0,0
1,0,0,80.0,18,0,1,0,51,1,1,3,16,0,0,0,1,0,0,0,0,1,0
1,0,1,55.0,18,3,1,0,51,1,1,3,16,0,0,0,1,0,0,1,1,0,0
1,0,2,30.0,22,0,0,0,51,1,1,3,16,0,0,0,1,0,0,1,1,0,0
1,0,0,80.0,22,4,1,0,51,1,1,3,16,0,0,0,1,0,0,1,0,0,0
2,0,0,30.0,7,3,1,0,51,1,1,3,16,0,0,0,1,0,0,1,0,1,0
2,0,1,55.0,7,2,0,0,51,1,1,3,16,0,0,0,1,0,0,1,0,1,0
2,0,0,80.0,7,1,1,0,51,1,1,3,16,0,0,0,1,0,0,0,0,1,0
2,0,0,80.0,7,0,1,0,51,1,1,3,16,0,0,0,1,0,0,0,0,0,1
2,0,1,55.0,7,3,1,0,51,1,1,3,16,0,0,0,1,0,0,1,1,0,0
2,0,2,30.0,7,2,1,0,51,1,1,3,16,0,0,0,1,0,0,1,0,1,0
0,0,0,80.0,10,1,0,1,16,1,0,2,2,37500,0,0,0,1,1,1,0,0,1
0,1,0,80.0,14,4,1,1,16,1,0,2,2,37500,0,0,0,1,1,1,0,0,0
0,1,0,80.0,22,1,1,1,16,1,0,2,2,37500,0,0,0,1,1,1,0,0,1
0,1,0,55.0,10,0,0,1,16,1,0,2,2,37500,0,0,0,1,1,1,0,0,1
0,1,0,30.0,22,2,1,1,16,1,0,2,2,37500,0,0,0,1,1,1,0,0,1
0,1,1,55.0,22,4,0,1,16,1,0,2,2,37500,0,0,0,1,1,1,0,0,0
0,0,0,30.0,10,2,1,1,16,1,0,2,2,37500,0,0,0,1,1,1,0,0,1
0,0,1,55.0,10,1,1,1,16,1,0,2,2,37500,0,0,0,1,1,1,0,0,1
0,0,2,30.0,14,3,1,1,16,1,0,2,2,37500,0,0,0,1,1,0,0,0,1
0,0,0,80.0,22,0,1,1,16,1,0,2,2,37500,0,0,0,1,1,0,0,0,1
1,0,0,30.0,18,4,1,1,16,1,0,2,2,37500,0,0,0,1,1,0,0,1,1
1,0,0,80.0,18,2,1,1,16,1,0,2,2,37500,0,0,0,1,1,0,0,0,1
1,0,0,80.0,18,0,1,1,16,1,0,2,2,37500,0,0,0,1,1,0,0,1,1
1,0,1,55.0,18,3,1,1,16,1,0,2,2,37500,0,0,0,1,1,1,1,0,1
1,0,2,30.0,22,0,0,1,16,1,0,2,2,37500,0,0,0,1,1,1,1,0,1
1,0,0,80.0,22,4,1,1,16,1,0,2,2,37500,0,0,0,1,1,1,0,0,1
2,0,0,30.0,7,3,1,1,16,1,0,2,2,37500,0,0,0,1,1,1,0,1,1
2,0,1,55.0,7,2,0,1,16,1,0,2,2,37500,0,0,0,1,1,1,0,1,0
2,0,0,80.0,7,1,1,1,16,1,0,2,2,37500,0,0,0,1,1,0,0,1,1
2,0,0,80.0,7,0,1,1,16,1,0,2,2,37500,0,0,0,1,1,0,0,0,1
2,0,1,55.0,7,3,1,1,16,1,0,2,2,37500,0,0,0,1,1,1,1,0,1
2,0,2,30.0,7,2,1,1,16,1,0,2,2,37500,0,0,0,1,1,1,0,1,1
0,0,0,80.0,10,1,0,1,21,1,0,4,0,100000,3,1,2,3,2,1,0,0,1
0,1,0,80.0,14,4,1,1,21,1,0,4,0,100000,3,1,2,3,2,1,0,0,1
0,1,0,80.0,22,1,1,1,21,1,0,4,0,100000,3,1,2,3,2,1,0,0,1
0,1,0,55.0,10,0,0,1,21,1,0,4,0,100000,3,1,2,3,2,1,0,0,1
0,1,0,30.0,22,2,1,1,21,1,0,4,0,100000,3,1,2,3,2,1,0,0,1
0,1,1,55.0,22,4,0,1,21,1,0,4,0,100000,3,1,2,3,2,1,0,0,0
0,0,0,30.0,10,2,1,1,21,1,0,4,0,100000,3,1,2,3,2,1,0,0,1
0,0,1,55.0,10,1,1,1,21,1,0,4,0,100000,3,1,2,3,2,1,0,0,1
0,0,2,30.0,14,3,1,1,21,1,0,4,0,100000,3,1,2,3,2,0,0,0,1
0,0,0,80.0,22,0,1,1,21,1,0,4,0,100000,3,1,2,3,2,0,0,0,1
1,0,0,30.0,18,4,1,1,21,1,0,4,0,100000,3,1,2,3,2,0,0,1,1
1,0,0,80.0,18,2,1,1,21,1,0,4,0,100000,3,1,2,3,2,0,0,0,0
1,0,0,80.0,18,0,1,1,21,1,0,4,0,100000,3,1,2,3,2,0,0,1,1
1,0,1,55.0,18,3,1,1,21,1,0,4,0,100000,3,1,2,3,2,1,1,0,1
1,0,2,30.0,22,0,0,1,21,1,0,4,0,100000,3,1,2,3,2,1,1,0,1
1,0,0,80.0,22,4,1,1,21,1,0,4,0,100000,3,1,2,3,2,1,0,0,0
2,0,0,30.0,7,3,1,1,21,1,0,4,0,100000,3,1,2,3,2,1,0,1,1
2,0,1,55.0,7,2,0,1,21,1,0,4,0,100000,3,1,2,3,2,1,0,1,1
2,0,0,80.0,7,1,1,1,21,1,0,4,0,100000,3,1,2,3,2,0,0,1,1
2,0,0,80.0,7,0,1,1,21,1,0,4,0,100000,3,1,2,3,2,0,0,0,1
2,0,1,55.0,7,3,1,1,21,1,0,4,0,100000,3,1,2,3,2,1,1,0,1
2,0,2,30.0,7,2,1,1,21,1,0,4,0,100000,3,1,2,3,2,1,0,1,1
0,0,0,80.0,10,1,0,0,51,3,1,2,0,37500,0,0,3,2,1,1,0,0,0
0,1,0,80.0,14,4,1,0,51,3,1,2,0,37500,0,0,3,2,1,1,0,0,0
0,1,0,80.0,22,1,1,0,51,3,1,2,0,37500,0,0,3,2,1,1,0,0,0
0,1,0,55.0,10,0,0,0,51,3,1,2,0,37500,0,0,3,2,1,1,0,0,0
0,1,0,30.0,22,2,1,0,51,3,1,2,0,37500,0,0,3,2,1,1,0,0,1
0,1,1,55.0,22,4,0,0,51,3,1,2,0,37500,0,0,3,2,1,1,0,0,0
0,0,0,30.0,10,2,1,0,51,3,1,2,0,37500,0,0,3,2,1,1,0,0,1
0,0,1,55.0,10,1,1,0,51,3,1,2,0,37500,0,0,3,2,1,1,0,0,0
0,0,2,80.0,14,3,1,0,51,3,1,2,0,37500,0,0,3,2,1,0,0,0,0
0,0,0,80.0,22,0,1,0,51,3,1,2,0,37500,0,0,3,2,1,0,0,0,1
1,0,0,30.0,18,4,1,0,51,3,1,2,0,37500,0,0,3,2,1,0,0,1,0
1,0,0,80.0,18,2,1,0,51,3,1,2,0,37500,0,0,3,2,1,0,0,0,1
1,0,0,80.0,18,0,1,0,51,3,1,2,0,37500,0,0,3,2,1,0,0,1,0
1,0,1,55.0,18,3,1,0,51,3,1,2,0,37500,0,0,3,2,1,1,1,0,0
1,0,2,30.0,22,0,0,0,51,3,1,2,0,37500,0,0,3,2,1,1,1,0,0
1,0,0,80.0,22,4,1,0,51,3,1,2,0,37500,0,0,3,2,1,1,0,0,0
2,0,0,30.0,7,3,1,0,51,3,1,2,0,37500,0,0,3,2,1,1,0,1,0
2,0,1,55.0,7,2,0,0,51,3,1,2,0,37500,0,0,3,2,1,1,0,1,0
2,0,0,80.0,7,1,1,0,51,3,1,2,0,37500,0,0,3,2,1,0,0,1,0
2,0,0,80.0,7,0,1,0,51,3,1,2,0,37500,0,0,3,2,1,0,0,0,1
2,0,1,55.0,7,3,1,0,51,3,1,2,0,37500,0,0,3,2,1,1,1,0,0
2,0,2,30.0,7,2,1,0,51,3,1,2,0,37500,0,0,3,2,1,1,0,1,1
0,0,0,80.0,10,1,0,1,36,1,0,2,19,37500,0,1,4,4,0,1,0,0,1
0,1,0,80.0,14,4,1,1,36,1,0,2,19,37500,0,1,4,4,0,1,0,0,0
0,1,0,80.0,22,1,1,1,36,1,0,2,19,37500,0,1,4,4,0,1,0,0,1
0,1,0,55.0,10,0,0,1,36,1,0,2,19,37500,0,1,4,4,0,1,0,0,0
0,1,0,30.0,22,2,1,1,36,1,0,2,19,37500,0,1,4,4,0,1,0,0,1
0,1,1,55.0,22,4,0,1,36,1,0,2,19,37500,0,1,4,4,0,1,0,0,0
0,0,0,30.0,10,2,1,1,36,1,0,2,19,37500,0,1,4,4,0,1,0,0,1
0,0,1,55.0,10,1,1,1,36,1,0,2,19,37500,0,1,4,4,0,1,0,0,1
0,0,2,30.0,14,3,1,1,36,1,0,2,19,37500,0,1,4,4,0,0,0,0,1
0,0,0,80.0,22,0,1,1,36,1,0,2,19,37500,0,1,4,4,0,0,0,0,1
1,0,0,30.0,18,4,1,1,36,1,0,2,19,37500,0,1,4,4,0,0,0,1,0
1,0,0,80.0,18,2,1,1,36,1,0,2,19,37500,0,1,4,4,0,0,0,0,1
1,0,0,80.0,18,0,1,1,36,1,0,2,19,37500,0,1,4,4,0,0,0,1,1
1,0,1,55.0,18,3,1,1,36,1,0,2,19,37500,0,1,4,4,0,1,1,0,1
1,0,2,30.0,22,0,0,1,36,1,0,2,19,37500,0,1,4,4,0,1,1,0,0
1,0,0,80.0,22,4,1,1,36,1,0,2,19,37500,0,1,4,4,0,1,0,0,0
2,0,0,30.0,7,3,1,1,36,1,0,2,19,37500,0,1,4,4,0,1,0,1,1
2,0,1,55.0,7,2,0,1,36,1,0,2,19,37500,0,1,4,4,0,1,0,1,0
2,0,0,80.0,7,1,1,1,36,1,0,2,19,37500,0,1,4,4,0,0,0,1,1
2,0,0,80.0,7,0,1,1,36,1,0,2,19,37500,0,1,4,4,0,0,0,0,0
2,0,1,55.0,7,3,1,1,36,1,0,2,19,37500,0,1,4,4,0,1,1,0,1
2,0,2,30.0,7,2,1,1,36,1,0,2,19,37500,0,1,4,4,0,1,0,1,1
0,0,0,80.0,10,1,0,1,51,0,0,1,16,50000,1,1,3,2,1,1,0,0,1
0,1,0,80.0,22,1,1,1,51,0,0,1,16,50000,1,1,3,2,1,1,0,0,0
0,1,0,30.0,22,2,1,1,51,0,0,1,16,50000,1,1,3,2,1,1,0,0,1
0,0,1,55.0,10,1,1,1,51,0,0,1,16,50000,1,1,3,2,1,1,0,0,1
0,0,2,30.0,14,3,1,1,51,0,0,1,16,50000,1,1,3,2,1,0,0,0,0
0,3,0,80.0,14,4,1,1,51,0,0,1,16,50000,1,1,3,2,1,0,0,0,0
0,0,0,80.0,22,0,1,1,51,0,0,1,16,50000,1,1,3,2,1,0,0,0,0
1,0,0,80.0,18,2,1,1,51,0,0,1,16,50000,1,1,3,2,1,0,0,0,1
1,0,0,80.0,18,0,1,1,51,0,0,1,16,50000,1,1,3,2,1,0,0,1,0
1,0,1,55.0,18,3,1,1,51,0,0,1,16,50000,1,1,3,2,1,1,1,0,1
1,0,2,30.0,22,0,0,1,51,0,0,1,16,50000,1,1,3,2,1,1,1,0,0
1,3,0,55.0,22,3,1,1,51,0,0,1,16,50000,1,1,3,2,1,1,1,0,0
1,0,0,80.0,22,4,1,1,51,0,0,1,16,50000,1,1,3,2,1,1,0,0,0
1,3,1,55.0,18,1,1,1,51,0,0,1,16,50000,1,1,3,2,1,0,0,1,0
2,0,0,80.0,7,3,1,1,51,0,0,1,16,50000,1,1,3,2,1,1,0,1,0
2,0,0,30.0,7,2,1,1,51,0,0,1,16,50000,1,1,3,2,1,1,0,0,0
2,0,1,55.0,7,2,0,1,51,0,0,1,16,50000,1,1,3,2,1,1,0,1,0
2,0,0,80.0,7,1,1,1,51,0,0,1,16,50000,1,1,3,2,1,0,0,1,1
2,0,1,55.0,7,3,1,1,51,0,0,1,16,50000,1,1,3,2,1,1,1,0,0
2,0,2,30.0,7,2,1,1,51,0,0,1,16,50000,1,1,3,2,1,1,0,1,0
0,0,0,80.0,10,1,0,1,31,2,1,1,9,87500,0,2,1,3,1,1,0,0,0
0,1,0,80.0,22,1,1,1,31,2,1,1,9,87500,0,2,1,3,1,1,0,0,1
0,1,0,30.0,22,2,1,1,31,2,1,1,9,87500,0,2,1,3,1,1,0,0,1
0,0,1,55.0,10,1,1,1,31,2,1,1,9,87500,0,2,1,3,1,1,0,0,1
0,0,2,30.0,14,3,1,1,31,2,1,1,9,87500,0,2,1,3,1,0,0,0,0
0,0,0,80.0,22,0,1,1,31,2,1,1,9,87500,0,2,1,3,1,0,0,0,1
0,2,0,80.0,10,1,1,1,31,2,1,1,9,87500,0,2,1,3,1,0,0,0,1
0,2,0,80.0,14,1,1,1,31,2,1,1,9,87500,0,2,1,3,1,0,0,0,1
0,2,0,80.0,22,4,1,1,31,2,1,1,9,87500,0,2,1,3,1,1,0,0,1
1,2,0,80.0,18,4,0,1,31,2,1,1,9,87500,0,2,1,3,1,1,0,1,1
1,2,0,80.0,22,2,0,1,31,2,1,1,9,87500,0,2,1,3,1,1,0,0,0
1,2,0,30.0,18,3,0,1,31,2,1,1,9,87500,0,2,1,3,1,1,0,0,0
1,0,0,80.0,18,2,1,1,31,2,1,1,9,87500,0,2,1,3,1,0,0,0,0
1,0,0,80.0,18,0,1,1,31,2,1,1,9,87500,0,2,1,3,1,0,0,1,1
1,0,1,55.0,18,3,1,1,31,2,1,1,9,87500,0,2,1,3,1,1,1,0,0
1,0,2,30.0,22,0,0,1,31,2,1,1,9,87500,0,2,1,3,1,1,1,0,1
1,0,0,80.0,22,4,1,1,31,2,1,1,9,87500,0,2,1,3,1,1,0,0,0
2,0,0,30.0,7,3,1,1,31,2,1,1,9,87500,0,2,1,3,1,1,0,1,0
2,0,1,55.0,7,2,0,1,31,2,1,1,9,87500,0,2,1,3,1,1,0,1,0
2,0,0,80.0,7,1,1,1,31,2,1,1,9,87500,0,2,1,3,1,0,0,1,1
2,0,1,55.0,7,3,1,1,31,2,1,1,9,87500,0,2,1,3,1,1,1,0,0
2,0,2,30.0,7,2,1,1,31,2,1,1,9,87500,0,2,1,3,1,1,0,1,0
0,0,0,80.0,10,1,0,1,36,2,1,4,9,100000,1,0,2,1,1,1,0,0,0
0,1,0,80.0,14,4,1,1,36,2,1,4,9,100000,1,0,2,1,1,1,0,0,0
0,1,0,80.0,22,1,1,1,36,2,1,4,9,100000,1,0,2,1,1,1,0,0,0
0,1,0,55.0,10,0,0,1,36,2,1,4,9,100000,1,0,2,1,1,1,0,0,0
0,1,0,30.0,22,2,1,1,36,2,1,4,9,100000,1,0,2,1,1,1,0,0,0
0,1,1,55.0,22,4,0,1,36,2,1,4,9,100000,1,0,2,1,1,1,0,0,0
0,0,0,30.0,10,2,1,1,36,2,1,4,9,100000,1,0,2,1,1,1,0,0,0
0,0,1,55.0,10,1,1,1,36,2,1,4,9,100000,1,0,2,1,1,1,0,0,0
0,0,2,30.0,14,3,1,1,36,2,1,4,9,100000,1,0,2,1,1,0,0,0,0
0,0,0,80.0,22,0,1,1,36,2,1,4,9,100000,1,0,2,1,1,0,0,0,0
1,0,0,30.0,18,4,1,1,36,2,1,4,9,100000,1,0,2,1,1,0,0,1,0
1,0,0,80.0,18,2,1,1,36,2,1,4,9,100000,1,0,2,1,1,0,0,0,0
1,0,0,80.0,18,0,1,1,36,2,1,4,9,100000,1,0,2,1,1,0,0,1,0
1,0,1,55.0,18,3,1,1,36,2,1,4,9,100000,1,0,2,1,1,1,1,0,0
1,0,2,30.0,22,0,0,1,36,2,1,4,9,100000,1,0,2,1,1,1,1,0,0
1,0,0,80.0,22,4,1,1,36,2,1,4,9,100000,1,0,2,1,1,1,0,0,0
2,0,0,30.0,7,3,1,1,36,2,1,4,9,100000,1,0,2,1,1,1,0,1,0
2,0,1,55.0,7,2,0,1,36,2,1,4,9,100000,1,0,2,1,1,1,0,1,0
2,0,0,80.0,7,1,1,1,36,2,1,4,9,100000,1,0,2,1,1,0,0,1,0
2,0,0,80.0,7,0,1,1,36,2,1,4,9,100000,1,0,2,1,1,0,0,0,0
2,0,1,55.0,7,3,1,1,36,2,1,4,9,100000,1,0,2,1,1,1,1,0,0
2,0,2,30.0,7,2,1,1,36,2,1,4,9,100000,1,0,2,1,1,1,0,1,0
0,0,0,80.0,10,1,0,1,31,0,0,4,6,12500,0,1,2,2,0,1,0,0,1
0,1,0,80.0,22,1,1,1,31,0,0,4,6,12500,0,1,2,2,0,1,0,0,1
0,1,0,30.0,22,2,1,1,31,0,0,4,6,12500,0,1,2,2,0,1,0,0,1
0,0,1,55.0,10,1,1,1,31,0,0,4,6,12500,0,1,2,2,0,1,0,0,1
0,0,2,30.0,14,3,1,1,31,0,0,4,6,12500,0,1,2,2,0,0,0,0,1
0,3,0,80.0,14,4,1,1,31,0,0,4,6,12500,0,1,2,2,0,0,0,0,1
0,3,0,55.0,14,3,1,1,31,0,0,4,6,12500,0,1,2,2,0,0,0,0,0
0,0,0,80.0,22,0,1,1,31,0,0,4,6,12500,0,1,2,2,0,0,0,0,1
1,0,0,80.0,18,2,1,1,31,0,0,4,6,12500,0,1,2,2,0,0,0,0,1
1,0,0,80.0,18,0,1,1,31,0,0,4,6,12500,0,1,2,2,0,0,0,1,1
1,0,1,55.0,18,3,1,1,31,0,0,4,6,12500,0,1,2,2,0,1,1,0,1
1,0,2,30.0,22,0,0,1,31,0,0,4,6,12500,0,1,2,2,0,1,1,0,0
1,3,0,55.0,22,3,1,1,31,0,0,4,6,12500,0,1,2,2,0,1,1,0,0
1,3,0,30.0,22,0,1,1,31,0,0,4,6,12500,0,1,2,2,0,0,0,1,1
1,0,0,80.0,22,4,1,1,31,0,0,4,6,12500,0,1,2,2,0,1,0,0,1
1,3,1,55.0,18,1,1,1,31,0,0,4,6,12500,0,1,2,2,0,0,0,1,1
2,0,0,30.0,7,3,1,1,31,0,0,4,6,12500,0,1,2,2,0,1,0,1,1
2,0,0,30.0,7,2,1,1,31,0,0,4,6,12500,0,1,2,2,0,1,0,0,1
2,0,1,55.0,7,2,0,1,31,0,0,4,6,12500,0,1,2,2,0,1,0,1,1
2,0,0,80.0,7,1,1,1,31,0,0,4,6,12500,0,1,2,2,0,0,0,1,1
2,0,1,55.0,7,3,1,1,31,0,0,4,6,12500,0,1,2,2,0,1,1,0,1
2,0,2,30.0,7,2,1,1,31,0,0,4,6,12500,0,1,2,2,0,1,0,1,1
0,0,0,80.0,10,1,0,0,16,0,0,2,2,100000,1,2,1,2,1,1,0,0,1
0,1,0,80.0,22,1,1,0,16,0,0,2,2,100000,1,2,1,2,1,1,0,0,1
0,1,0,30.0,22,2,1,0,16,0,0,2,2,100000,1,2,1,2,1,1,0,0,0
0,0,1,55.0,10,1,1,0,16,0,0,2,2,100000,1,2,1,2,1,1,0,0,1
0,0,2,30.0,14,3,1,0,16,0,0,2,2,100000,1,2,1,2,1,0,0,0,1
0,3,0,80.0,14,4,1,0,16,0,0,2,2,100000,1,2,1,2,1,0,0,0,1
0,3,0,55.0,14,3,1,0,16,0,0,2,2,100000,1,2,1,2,1,0,0,0,1
0,0,0,80.0,22,0,1,0,16,0,0,2,2,100000,1,2,1,2,1,0,0,0,1
1,0,0,80.0,18,2,1,0,16,0,0,2,2,100000,1,2,1,2,1,0,0,0,1
1,0,0,80.0,18,0,1,0,16,0,0,2,2,100000,1,2,1,2,1,0,0,1,0
1,0,1,55.0,18,3,1,0,16,0,0,2,2,100000,1,2,1,2,1,1,1,0,1
1,0,2,30.0,22,0,0,0,16,0,0,2,2,100000,1,2,1,2,1,1,1,0,1
1,3,0,55.0,22,3,1,0,16,0,0,2,2,100000,1,2,1,2,1,1,1,0,1
1,3,0,30.0,22,0,1,0,16,0,0,2,2,100000,1,2,1,2,1,0,0,1,1
1,0,0,80.0,22,4,1,0,16,0,0,2,2,100000,1,2,1,2,1,1,0,0,0
1,3,1,55.0,18,1,1,0,16,0,0,2,2,100000,1,2,1,2,1,0,0,1,1
2,0,0,30.0,7,3,1,0,16,0,0,2,2,100000,1,2,1,2,1,1,0,1,1
2,0,0,30.0,7,2,1,0,16,0,0,2,2,100000,1,2,1,2,1,1,0,0,1
2,0,1,55.0,7,2,0,0,16,0,0,2,2,100000,1,2,1,2,1,1,0,1,0
2,0,0,80.0,7,1,1,0,16,0,0,2,2,100000,1,2,1,2,1,0,0,1,1
2,0,1,55.0,7,3,1,0,16,0,0,2,2,100000,1,2,1,2,1,1,1,0,1
2,0,2,30.0,7,2,1,0,16,0,0,2,2,100000,1,2,1,2,1,1,0,1,1
0,0,0,80.0,10,1,0,1,31,2,1,2,24,37500,1,1,1,2,1,1,0,0,1
0,1,0,80.0,22,1,1,1,31,2,1,2,24,37500,1,1,1,2,1,1,0,0,1
0,1,0,30.0,22,2,1,1,31,2,1,2,24,37500,1,1,1,2,1,1,0,0,0
0,0,1,55.0,10,1,1,1,31,2,1,2,24,37500,1,1,1,2,1,1,0,0,1
0,0,2,30.0,14,3,1,1,31,2,1,2,24,37500,1,1,1,2,1,0,0,0,1
0,0,0,80.0,22,0,1,1,31,2,1,2,24,37500,1,1,1,2,1,0,0,0,1
0,2,0,80.0,10,1,1,1,31,2,1,2,24,37500,1,1,1,2,1,0,0,0,1
0,2,0,80.0,14,1,1,1,31,2,1,2,24,37500,1,1,1,2,1,0,0,0,1
0,2,0,80.0,22,4,1,1,31,2,1,2,24,37500,1,1,1,2,1,1,0,0,0
1,2,0,80.0,18,4,0,1,31,2,1,2,24,37500,1,1,1,2,1,1,0,1,0
1,2,0,80.0,22,2,0,1,31,2,1,2,24,37500,1,1,1,2,1,1,0,0,1
1,2,0,30.0,18,3,0,1,31,2,1,2,24,37500,1,1,1,2,1,1,0,0,1
1,0,0,80.0,18,2,1,1,31,2,1,2,24,37500,1,1,1,2,1,0,0,0,1
1,0,0,80.0,18,0,1,1,31,2,1,2,24,37500,1,1,1,2,1,0,0,1,1
1,0,1,55.0,18,3,1,1,31,2,1,2,24,37500,1,1,1,2,1,1,1,0,1
1,0,2,30.0,22,0,0,1,31,2,1,2,24,37500,1,1,1,2,1,1,1,0,1
1,0,0,80.0,22,4,1,1,31,2,1,2,24,37500,1,1,1,2,1,1,0,0,0
2,0,0,30.0,7,3,1,1,31,2,1,2,24,37500,1,1,1,2,1,1,0,1,0
2,0,1,55.0,7,2,0,1,31,2,1,2,24,37500,1,1,1,2,1,1,0,1,1
2,0,0,80.0,7,1,1,1,31,2,1,2,24,37500,1,1,1,2,1,0,0,1,1
2,0,1,55.0,7,3,1,1,31,2,1,2,24,37500,1,1,1,2,1,1,1,0,1
2,0,2,30.0,7,2,1,1,31,2,1,2,24,37500,1,1,1,2,1,1,0,1,0
0,0,0,80.0,10,1,0,0,31,0,1,4,9,62500,0,2,3,2,2,1,0,0,0
0,1,0,80.0,22,1,1,0,31,0,1,4,9,62500,0,2,3,2,2,1,0,0,0
0,1,0,30.0,22,2,1,0,31,0,1,4,9,62500,0,2,3,2,2,1,0,0,0
0,0,1,55.0,10,1,1,0,31,0,1,4,9,62500,0,2,3,2,2,1,0,0,0
0,0,2,30.0,14,3,1,0,31,0,1,4,9,62500,0,2,3,2,2,0,0,0,0
0,0,0,80.0,22,0,1,0,31,0,1,4,9,62500,0,2,3,2,2,0,0,0,1
0,2,0,80.0,10,1,1,0,31,0,1,4,9,62500,0,2,3,2,2,0,0,0,0
0,2,0,80.0,14,1,1,0,31,0,1,4,9,62500,0,2,3,2,2,0,0,0,0
0,2,0,80.0,22,4,1,0,31,0,1,4,9,62500,0,2,3,2,2,1,0,0,0
1,2,0,80.0,18,4,0,0,31,0,1,4,9,62500,0,2,3,2,2,1,0,1,0
1,2,0,80.0,22,2,0,0,31,0,1,4,9,62500,0,2,3,2,2,1,0,0,0
1,2,0,30.0,18,3,0,0,31,0,1,4,9,62500,0,2,3,2,2,1,0,0,0
1,0,0,80.0,18,2,1,0,31,0,1,4,9,62500,0,2,3,2,2,0,0,0,0
1,0,0,80.0,18,0,1,0,31,0,1,4,9,62500,0,2,3,2,2,0,0,1,0
1,0,1,55.0,18,3,1,0,31,0,1,4,9,62500,0,2,3,2,2,1,1,0,0
1,0,2,30.0,22,0,0,0,31,0,1,4,9,62500,0,2,3,2,2,1,1,0,0
1,0,0,80.0,22,4,1,0,31,0,1,4,9,62500,0,2,3,2,2,1,0,0,0
2,0,0,30.0,7,3,1,0,31,0,1,4,9,62500,0,2,3,2,2,1,0,1,0
2,0,1,55.0,7,2,0,0,31,0,1,4,9,62500,0,2,3,2,2,1,0,1,0
2,0,0,80.0,7,1,1,0,31,0,1,4,9,62500,0,2,3,2,2,0,0,1,1
2,0,1,55.0,7,3,1,0,31,0,1,4,9,62500,0,2,3,2,2,1,1,0,0
2,0,2,30.0,7,2,1,0,31,0,1,4,9,62500,0,2,3,2,2,1,0,1,1
0,0,0,80.0,10,1,0,0,21,0,0,4,12,62500,1,0,2,1,0,1,0,0,0
0,1,0,80.0,22,1,1,0,21,0,0,4,12,62500,1,0,2,1,0,1,0,0,0
0,1,0,30.0,22,2,1,0,21,0,0,4,12,62500,1,0,2,1,0,1,0,0,1
0,0,1,55.0,10,1,1,0,21,0,0,4,12,62500,1,0,2,1,0,1,0,0,0
0,0,2,30.0,14,3,1,0,21,0,0,4,12,62500,1,0,2,1,0,0,0,0,0
0,3,0,80.0,14,4,1,0,21,0,0,4,12,62500,1,0,2,1,0,0,0,0,0
0,3,0,55.0,14,3,1,0,21,0,0,4,12,62500,1,0,2,1,0,0,0,0,1
0,0,0,80.0,22,0,1,0,21,0,0,4,12,62500,1,0,2,1,0,0,0,0,0
1,0,0,80.0,18,2,1,0,21,0,0,4,12,62500,1,0,2,1,0,0,0,0,1
1,0,0,80.0,18,0,1,0,21,0,0,4,12,62500,1,0,2,1,0,0,0,1,1
1,0,1,55.0,18,3,1,0,21,0,0,4,12,62500,1,0,2,1,0,1,1,0,0
1,0,2,30.0,22,0,0,0,21,0,0,4,12,62500,1,0,2,1,0,1,1,0,0
1,3,0,80.0,22,3,1,0,21,0,0,4,12,62500,1,0,2,1,0,1,1,0,1
1,3,0,30.0,22,0,1,0,21,0,0,4,12,62500,1,0,2,1,0,0,0,1,1
1,0,0,80.0,22,4,1,0,21,0,0,4,12,62500,1,0,2,1,0,1,0,0,0
1,3,1,55.0,18,1,1,0,21,0,0,4,12,62500,1,0,2,1,0,0,0,1,0
2,0,0,30.0,7,3,1,0,21,0,0,4,12,62500,1,0,2,1,0,1,0,1,0
2,0,0,30.0,7,2,1,0,21,0,0,4,12,62500,1,0,2,1,0,1,0,0,0
2,0,1,55.0,7,2,0,0,21,0,0,4,12,62500,1,0,2,1,0,1,0,1,0
2,0,0,80.0,7,1,1,0,21,0,0,4,12,62500,1,0,2,1,0,0,0,1,0
2,0,1,55.0,7,3,1,0,21,0,0,4,12,62500,1,0,2,1,0,1,1,0,0
2,0,2,30.0,7,2,1,0,21,0,0,4,12,62500,1,0,2,1,0,1,0,1,1
0,0,0,80.0,10,1,0,1,46,1,0,2,22,0,3,3,2,1,2,1,0,0,1
0,1,0,80.0,14,4,1,1,46,1,0,2,22,0,3,3,2,1,2,1,0,0,0
0,1,0,80.0,22,1,1,1,46,1,0,2,22,0,3,3,2,1,2,1,0,0,1
0,1,0,55.0,10,0,0,1,46,1,0,2,22,0,3,3,2,1,2,1,0,0,1
0,1,0,30.0,22,2,1,1,46,1,0,2,22,0,3,3,2,1,2,1,0,0,1
0,1,1,55.0,22,4,0,1,46,1,0,2,22,0,3,3,2,1,2,1,0,0,1
0,0,0,30.0,10,2,1,1,46,1,0,2,22,0,3,3,2,1,2,1,0,0,1
0,0,1,55.0,10,1,1,1,46,1,0,2,22,0,3,3,2,1,2,1,0,0,0
0,0,2,30.0,14,3,1,1,46,1,0,2,22,0,3,3,2,1,2,0,0,0,1
0,0,0,80.0,22,0,1,1,46,1,0,2,22,0,3,3,2,1,2,0,0,0,1
1,0,0,30.0,18,4,1,1,46,1,0,2,22,0,3,3,2,1,2,0,0,1,1
1,0,0,80.0,18,2,1,1,46,1,0,2,22,0,3,3,2,1,2,0,0,0,1
1,0,0,80.0,18,0,1,1,46,1,0,2,22,0,3,3,2,1,2,0,0,1,0
1,0,1,55.0,18,3,1,1,46,1,0,2,22,0,3,3,2,1,2,1,1,0,1
1,0,2,30.0,22,0,0,1,46,1,0,2,22,0,3,3,2,1,2,1,1,0,0
1,0,0,80.0,22,4,1,1,46,1,0,2,22,0,3,3,2,1,2,1,0,0,0
2,0,0,30.0,7,3,1,1,46,1,0,2,22,0,3,3,2,1,2,1,0,1,1
2,0,1,55.0,7,2,0,1,46,1,0,2,22,0,3,3,2,1,2,1,0,1,0
2,0,0,80.0,7,1,1,1,46,1,0,2,22,0,3,3,2,1,2,0,0,1,1
2,0,0,80.0,7,0,1,1,46,1,0,2,22,0,3,3,2,1,2,0,0,0,1
2,0,1,55.0,7,3,1,1,46,1,0,2,22,0,3,3,2,1,2,1,1,0,1
2,0,2,30.0,7,2,1,1,46,1,0,2,22,0,3,3,2,1,2,1,0,1,0
0,0,0,80.0,10,1,0,1,21,1,0,4,2,25000,2,3,3,2,1,1,0,0,1
0,1,0,80.0,14,4,1,1,21,1,0,4,2,25000,2,3,3,2,1,1,0,0,0
0,1,0,80.0,22,1,1,1,21,1,0,4,2,25000,2,3,3,2,1,1,0,0,0
0,1,0,55.0,10,0,0,1,21,1,0,4,2,25000,2,3,3,2,1,1,0,0,1
0,1,0,30.0,22,2,1,1,21,1,0,4,2,25000,2,3,3,2,1,1,0,0,1
0,1,1,55.0,22,4,0,1,21,1,0,4,2,25000,2,3,3,2,1,1,0,0,1
0,0,0,30.0,10,2,1,1,21,1,0,4,2,25000,2,3,3,2,1,1,0,0,1
0,0,1,55.0,10,1,1,1,21,1,0,4,2,25000,2,3,3,2,1,1,0,0,1
0,0,2,30.0,14,3,1,1,21,1,0,4,2,25000,2,3,3,2,1,0,0,0,0
0,0,0,80.0,22,0,1,1,21,1,0,4,2,25000,2,3,3,2,1,0,0,0,0
1,0,0,30.0,18,4,1,1,21,1,0,4,2,25000,2,3,3,2,1,0,0,1,0
1,0,0,80.0,18,2,1,1,21,1,0,4,2,25000,2,3,3,2,1,0,0,0,1
1,0,0,80.0,18,0,1,1,21,1,0,4,2,25000,2,3,3,2,1,0,0,1,1
1,0,1,55.0,18,3,1,1,21,1,0,4,2,25000,2,3,3,2,1,1,1,0,1
1,0,2,30.0,22,0,0,1,21,1,0,4,2,25000,2,3,3,2,1,1,1,0,0
1,0,0,80.0,22,4,1,1,21,1,0,4,2,25000,2,3,3,2,1,1,0,0,0
2,0,0,30.0,7,3,1,1,21,1,0,4,2,25000,2,3,3,2,1,1,0,1,0
2,0,1,55.0,7,2,0,1,21,1,0,4,2,25000,2,3,3,2,1,1,0,1,0
2,0,0,80.0,7,1,1,1,21,1,0,4,2,25000,2,3,3,2,1,0,0,1,1
2,0,0,80.0,7,0,1,1,21,1,0,4,2,25000,2,3,3,2,1,0,0,0,1
2,0,1,55.0,7,3,1,1,21,1,0,4,2,25000,2,3,3,2,1,1,1,0,0
2,0,2,30.0,7,2,1,1,21,1,0,4,2,25000,2,3,3,2,1,1,0,1,0
0,0,0,80.0,10,1,0,1,21,1,1,2,2,62500,0,0,3,2,2,1,0,0,1
0,1,0,80.0,14,4,1,1,21,1,1,2,2,62500,0,0,3,2,2,1,0,0,0
0,1,0,80.0,22,1,1,1,21,1,1,2,2,62500,0,0,3,2,2,1,0,0,1
0,1,0,55.0,10,0,0,1,21,1,1,2,2,62500,0,0,3,2,2,1,0,0,1
0,1,0,30.0,22,2,1,1,21,1,1,2,2,62500,0,0,3,2,2,1,0,0,1
0,1,1,55.0,22,4,0,1,21,1,1,2,2,62500,0,0,3,2,2,1,0,0,1
0,0,0,30.0,10,2,1,1,21,1,1,2,2,62500,0,0,3,2,2,1,0,0,1
0,0,1,55.0,10,1,1,1,21,1,1,2,2,62500,0,0,3,2,2,1,0,0,1
0,0,2,30.0,14,3,1,1,21,1,1,2,2,62500,0,0,3,2,2,0,0,0,0
0,0,0,80.0,22,0,1,1,21,1,1,2,2,62500,0,0,3,2,2,0,0,0,1
1,0,0,30.0,18,4,1,1,21,1,1,2,2,62500,0,0,3,2,2,0,0,1,0
1,0,0,80.0,18,2,1,1,21,1,1,2,2,62500,0,0,3,2,2,0,0,0,1
1,0,0,80.0,18,0,1,1,21,1,1,2,2,62500,0,0,3,2,2,0,0,1,1
1,0,1,55.0,18,3,1,1,21,1,1,2,2,62500,0,0,3,2,2,1,1,0,0
1,0,0,80.0,22,4,1,1,21,1,1,2,2,62500,0,0,3,2,2,1,0,0,0
2,0,0,30.0,7,3,1,1,21,1,1,2,2,62500,0,0,3,2,2,1,0,1,0
2,0,1,55.0,7,2,0,1,21,1,1,2,2,62500,0,0,3,2,2,1,0,1,1
2,0,0,80.0,7,1,1,1,21,1,1,2,2,62500,0,0,3,2,2,0,0,1,1
2,0,0,80.0,7,0,1,1,21,1,1,2,2,62500,0,0,3,2,2,0,0,0,1
2,0,1,55.0,7,3,1,1,21,1,1,2,2,62500,0,0,3,2,2,1,1,0,0
2,0,2,30.0,7,2,1,1,21,1,1,2,2,62500,0,0,3,2,2,1,0,1,0
0,0,0,80.0,10,1,0,1,41,2,0,2,22,25000,1,0,4,2,2,1,0,0,0
0,1,0,80.0,22,1,1,1,41,2,0,2,22,25000,1,0,4,2,2,1,0,0,1
0,1,0,30.0,22,2,1,1,41,2,0,2,22,25000,1,0,4,2,2,1,0,0,1
0,0,1,55.0,10,1,1,1,41,2,0,2,22,25000,1,0,4,2,2,1,0,0,0
0,0,2,30.0,14,3,1,1,41,2,0,2,22,25000,1,0,4,2,2,0,0,0,1
0,3,0,80.0,14,4,1,1,41,2,0,2,22,25000,1,0,4,2,2,0,0,0,1
0,3,0,55.0,14,3,1,1,41,2,0,2,22,25000,1,0,4,2,2,0,0,0,0
0,0,0,80.0,22,0,1,1,41,2,0,2,22,25000,1,0,4,2,2,0,0,0,1
1,0,0,80.0,18,2,1,1,41,2,0,2,22,25000,1,0,4,2,2,0,0,0,1
1,0,0,80.0,18,0,1,1,41,2,0,2,22,25000,1,0,4,2,2,0,0,1,1
1,0,1,55.0,18,3,1,1,41,2,0,2,22,25000,1,0,4,2,2,1,1,0,1
1,0,2,30.0,22,0,0,1,41,2,0,2,22,25000,1,0,4,2,2,1,1,0,0
1,3,0,55.0,22,3,1,1,41,2,0,2,22,25000,1,0,4,2,2,1,1,0,0
1,3,0,30.0,22,0,1,1,41,2,0,2,22,25000,1,0,4,2,2,0,0,1,1
1,0,0,80.0,22,4,1,1,41,2,0,2,22,25000,1,0,4,2,2,1,0,0,1
1,3,1,55.0,18,1,1,1,41,2,0,2,22,25000,1,0,4,2,2,0,0,1,1
2,0,0,30.0,7,3,1,1,41,2,0,2,22,25000,1,0,4,2,2,1,0,1,1
2,0,0,30.0,7,2,1,1,41,2,0,2,22,25000,1,0,4,2,2,1,0,0,0
2,0,1,55.0,7,2,0,1,41,2,0,2,22,25000,1,0,4,2,2,1,0,1,1
2,0,0,80.0,7,1,1,1,41,2,0,2,22,25000,1,0,4,2,2,0,0,1,1
2,0,1,55.0,7,3,1,1,41,2,0,2,22,25000,1,0,4,2,2,1,1,0,0
2,0,2,30.0,7,2,1,1,41,2,0,2,22,25000,1,0,4,2,2,1,0,1,1
0,0,0,80.0,10,1,0,0,46,1,0,2,13,37500,0,2,4,3,2,1,0,0,1
0,1,0,80.0,14,4,1,0,46,1,0,2,13,37500,0,2,4,3,2,1,0,0,1
0,1,0,80.0,22,1,1,0,46,1,0,2,13,37500,0,2,4,3,2,1,0,0,1
0,1,0,80.0,10,0,0,0,46,1,0,2,13,37500,0,2,4,3,2,1,0,0,1
0,1,0,30.0,22,2,1,0,46,1,0,2,13,37500,0,2,4,3,2,1,0,0,1
0,1,1,55.0,22,4,0,0,46,1,0,2,13,37500,0,2,4,3,2,1,0,0,1
0,0,0,30.0,10,2,1,0,46,1,0,2,13,37500,0,2,4,3,2,1,0,0,1
0,0,1,55.0,10,1,1,0,46,1,0,2,13,37500,0,2,4,3,2,1,0,0,1
0,0,2,30.0,14,3,1,0,46,1,0,2,13,37500,0,2,4,3,2,0,0,0,1
0,0,0,80.0,22,0,1,0,46,1,0,2,13,37500,0,2,4,3,2,0,0,0,1
1,0,0,30.0,18,4,1,0,46,1,0,2,13,37500,0,2,4,3,2,0,0,1,1
1,0,0,80.0,18,2,1,0,46,1,0,2,13,37500,0,2,4,3,2,0,0,0,1
1,0,0,80.0,18,0,1,0,46,1,0,2,13,37500,0,2,4,3,2,0,0,1,1
1,0,1,55.0,18,3,1,0,46,1,0,2,13,37500,0,2,4,3,2,1,1,0,0
1,0,2,30.0,22,0,0,0,46,1,0,2,13,37500,0,2,4,3,2,1,1,0,0
1,0,0,80.0,22,4,1,0,46,1,0,2,13,37500,0,2,4,3,2,1,0,0,1
2,0,0,30.0,7,3,1,0,46,1,0,2,13,37500,0,2,4,3,2,1,0,1,0
2,0,0,30.0,7,2,1,0,46,1,0,2,13,37500,0,2,4,3,2,1,0,0,1
2,0,1,55.0,7,2,0,0,46,1,0,2,13,37500,0,2,4,3,2,1,0,1,1
2,0,0,80.0,7,1,1,0,46,1,0,2,13,37500,0,2,4,3,2,0,0,1,1
2,0,0,80.0,7,0,1,0,46,1,0,2,13,37500,0,2,4,3,2,0,0,0,1
2,0,1,55.0,7,3,1,0,46,1,0,2,13,37500,0,2,4,3,2,1,1,0,0
2,0,2,30.0,7,2,1,0,46,1,0,2,13,37500,0,2,4,3,2,1,0,1,1
0,0,0,80.0,10,1,0,1,26,1,0,2,0,87500,0,2,3,1,0,1,0,0,0
0,1,0,80.0,14,4,1,1,26,1,0,2,0,87500,0,2,3,1,0,1,0,0,1
0,1,0,80.0,22,1,1,1,26,1,0,2,0,87500,0,2,3,1,0,1,0,0,1
0,1,0,55.0,10,0,0,1,26,1,0,2,0,87500,0,2,3,1,0,1,0,0,1
0,1,0,30.0,22,2,1,1,26,1,0,2,0,87500,0,2,3,1,0,1,0,0,1
0,1,1,55.0,22,4,0,1,26,1,0,2,0,87500,0,2,3,1,0,1,0,0,1
0,0,0,30.0,10,2,1,1,26,1,0,2,0,87500,0,2,3,1,0,1,0,0,1
0,0,2,30.0,14,3,1,1,26,1,0,2,0,87500,0,2,3,1,0,0,0,0,0
0,0,0,80.0,22,0,1,1,26,1,0,2,0,87500,0,2,3,1,0,0,0,0,1
1,0,0,30.0,18,4,1,1,26,1,0,2,0,87500,0,2,3,1,0,0,0,1,1
1,0,0,80.0,18,2,1,1,26,1,0,2,0,87500,0,2,3,1,0,0,0,0,1
1,0,0,80.0,18,0,1,1,26,1,0,2,0,87500,0,2,3,1,0,0,0,1,1
1,0,1,55.0,18,3,1,1,26,1,0,2,0,87500,0,2,3,1,0,1,1,0,0
1,0,2,30.0,22,0,0,1,26,1,0,2,0,87500,0,2,3,1,0,1,1,0,1
1,0,0,80.0,22,4,1,1,26,1,0,2,0,87500,0,2,3,1,0,1,0,0,1
2,0,0,30.0,7,3,1,1,26,1,0,2,0,87500,0,2,3,1,0,1,0,1,0
2,0,1,55.0,7,2,0,1,26,1,0,2,0,87500,0,2,3,1,0,1,0,1,1
2,0,0,80.0,7,1,1,1,26,1,0,2,0,87500,0,2,3,1,0,0,0,1,1
2,0,0,80.0,7,0,1,1,26,1,0,2,0,87500,0,2,3,1,0,0,0,0,1
2,0,1,55.0,7,3,1,1,26,1,0,2,0,87500,0,2,3,1,0,1,1,0,0
2,0,2,30.0,7,2,1,1,26,1,0,2,0,87500,0,2,3,1,0,1,0,1,1
0,0,0,80.0,10,1,0,0,51,2,1,4,3,100000,0,1,3,2,2,1,0,0,1
0,1,0,80.0,22,1,1,0,51,2,1,4,3,100000,0,1,3,2,2,1,0,0,1
0,1,0,30.0,22,2,1,0,51,2,1,4,3,100000,0,1,3,2,2,1,0,0,1
0,0,1,55.0,10,1,1,0,51,2,1,4,3,100000,0,1,3,2,2,1,0,0,0
0,0,2,30.0,14,3,1,0,51,2,1,4,3,100000,0,1,3,2,2,0,0,0,0
0,0,0,80.0,22,0,1,0,51,2,1,4,3,100000,0,1,3,2,2,0,0,0,0
0,2,0,80.0,10,1,1,0,51,2,1,4,3,100000,0,1,3,2,2,0,0,0,1
0,2,0,80.0,14,1,1,0,51,2,1,4,3,100000,0,1,3,2,2,0,0,0,0
0,2,0,80.0,22,4,1,0,51,2,1,4,3,100000,0,1,3,2,2,1,0,0,0
1,2,0,80.0,18,4,0,0,51,2,1,4,3,100000,0,1,3,2,2,1,0,1,0
1,2,0,80.0,22,2,0,0,51,2,1,4,3,100000,0,1,3,2,2,1,0,0,0
1,2,0,30.0,18,3,0,0,51,2,1,4,3,100000,0,1,3,2,2,1,0,0,1
1,0,0,80.0,18,2,1,0,51,2,1,4,3,100000,0,1,3,2,2,0,0,0,1
1,0,0,80.0,18,0,1,0,51,2,1,4,3,100000,0,1,3,2,2,0,0,1,1
1,0,1,55.0,18,3,1,0,51,2,1,4,3,100000,0,1,3,2,2,1,1,0,0
1,0,2,30.0,22,0,0,0,51,2,1,4,3,100000,0,1,3,2,2,1,1,0,0
1,0,0,80.0,22,4,1,0,51,2,1,4,3,100000,0,1,3,2,2,1,0,0,1
2,0,0,30.0,7,3,1,0,51,2,1,4,3,100000,0,1,3,2,2,1,0,1,0
2,0,1,55.0,7,2,0,0,51,2,1,4,3,100000,0,1,3,2,2,1,0,1,0
2,0,0,80.0,7,1,1,0,51,2,1,4,3,100000,0,1,3,2,2,0,0,1,1
2,0,1,55.0,7,3,1,0,51,2,1,4,3,100000,0,1,3,2,2,1,1,0,0
2,0,2,30.0,7,2,1,0,51,2,1,4,3,100000,0,1,3,2,2,1,0,1,1
0,0,0,80.0,10,1,0,1,31,1,0,2,13,12500,3,0,4,3,0,1,0,0,0
0,1,0,80.0,14,4,1,1,31,1,0,2,13,12500,3,0,4,3,0,1,0,0,0
0,1,0,80.0,22,1,1,1,31,1,0,2,13,12500,3,0,4,3,0,1,0,0,0
0,1,0,55.0,10,0,0,1,31,1,0,2,13,12500,3,0,4,3,0,1,0,0,0
0,1,0,30.0,22,2,1,1,31,1,0,2,13,12500,3,0,4,3,0,1,0,0,1
0,1,1,55.0,22,4,0,1,31,1,0,2,13,12500,3,0,4,3,0,1,0,0,1
0,0,0,30.0,10,2,1,1,31,1,0,2,13,12500,3,0,4,3,0,1,0,0,1
0,0,1,55.0,10,1,1,1,31,1,0,2,13,12500,3,0,4,3,0,1,0,0,0
0,0,2,30.0,14,3,1,1,31,1,0,2,13,12500,3,0,4,3,0,0,0,0,1
0,0,0,80.0,22,0,1,1,31,1,0,2,13,12500,3,0,4,3,0,0,0,0,0
1,0,0,30.0,18,4,1,1,31,1,0,2,13,12500,3,0,4,3,0,0,0,1,0
1,0,0,80.0,18,2,1,1,31,1,0,2,13,12500,3,0,4,3,0,0,0,0,1
1,0,0,80.0,18,0,1,1,31,1,0,2,13,12500,3,0,4,3,0,0,0,1,1
1,0,1,55.0,18,3,1,1,31,1,0,2,13,12500,3,0,4,3,0,1,1,0,1
1,0,2,30.0,22,0,0,1,31,1,0,2,13,12500,3,0,4,3,0,1,1,0,0
1,0,0,80.0,22,4,1,1,31,1,0,2,13,12500,3,0,4,3,0,1,0,0,0
2,0,0,30.0,7,3,1,1,31,1,0,2,13,12500,3,0,4,3,0,1,0,1,1
2,0,1,55.0,7,2,0,1,31,1,0,2,13,12500,3,0,4,3,0,1,0,1,0
2,0,0,80.0,7,1,1,1,31,1,0,2,13,12500,3,0,4,3,0,0,0,1,0
2,0,0,80.0,7,0,1,1,31,1,0,2,13,12500,3,0,4,3,0,0,0,0,0
2,0,1,55.0,7,3,1,1,31,1,0,2,13,12500,3,0,4,3,0,1,1,0,1
2,0,2,30.0,7,2,1,1,31,1,0,2,13,12500,3,0,4,3,0,1,0,1,1
0,0,0,80.0,10,1,0,1,46,2,0,2,0,12500,0,1,3,2,1,1,0,0,1
0,1,0,80.0,22,1,1,1,46,2,0,2,0,12500,0,1,3,2,1,1,0,0,1
0,1,0,30.0,22,2,1,1,46,2,0,2,0,12500,0,1,3,2,1,1,0,0,1
0,0,2,30.0,14,3,1,1,46,2,0,2,0,12500,0,1,3,2,1,0,0,0,0
0,3,0,80.0,14,4,1,1,46,2,0,2,0,12500,0,1,3,2,1,0,0,0,1
0,3,0,55.0,14,3,1,1,46,2,0,2,0,12500,0,1,3,2,1,0,0,0,0
1,0,0,80.0,18,0,1,1,46,2,0,2,0,12500,0,1,3,2,1,0,0,1,1
1,0,1,55.0,18,3,1,1,46,2,0,2,0,12500,0,1,3,2,1,1,1,0,0
1,0,2,30.0,22,0,0,1,46,2,0,2,0,12500,0,1,3,2,1,1,1,0,0
1,3,0,55.0,22,3,1,1,46,2,0,2,0,12500,0,1,3,2,1,1,1,0,0
1,3,0,30.0,22,0,1,1,46,2,0,2,0,12500,0,1,3,2,1,0,0,1,0
1,3,1,55.0,18,1,1,1,46,2,0,2,0,12500,0,1,3,2,1,0,0,1,1
2,0,0,30.0,7,3,1,1,46,2,0,2,0,12500,0,1,3,2,1,1,0,1,0
2,0,0,30.0,7,2,1,1,46,2,0,2,0,12500,0,1,3,2,1,1,0,0,0
2,0,0,80.0,7,1,1,1,46,2,0,2,0,12500,0,1,3,2,1,0,0,1,1
2,0,1,80.0,7,3,1,1,46,2,0,2,0,12500,0,1,3,2,1,1,1,0,0
2,0,2,30.0,7,2,1,1,46,2,0,2,0,12500,0,1,3,2,1,1,0,1,0
0,0,0,80.0,10,1,0,0,21,1,0,3,6,25000,3,2,3,2,1,1,0,0,0
0,1,0,80.0,22,1,1,0,21,1,0,3,6,25000,3,2,3,2,1,1,0,0,1
0,1,0,30.0,22,2,1,0,21,1,0,3,6,25000,3,2,3,2,1,1,0,0,1
0,0,1,55.0,10,1,1,0,21,1,0,3,6,25000,3,2,3,2,1,1,0,0,1
0,0,2,30.0,14,3,1,0,21,1,0,3,6,25000,3,2,3,2,1,0,0,0,1
0,3,0,80.0,14,4,1,0,21,1,0,3,6,25000,3,2,3,2,1,0,0,0,1
0,3,0,55.0,14,3,1,0,21,1,0,3,6,25000,3,2,3,2,1,0,0,0,1
0,0,0,80.0,22,0,1,0,21,1,0,3,6,25000,3,2,3,2,1,0,0,0,0
1,0,0,80.0,18,2,1,0,21,1,0,3,6,25000,3,2,3,2,1,0,0,0,1
1,0,0,80.0,18,0,1,0,21,1,0,3,6,25000,3,2,3,2,1,0,0,1,0
1,0,1,55.0,18,3,1,0,21,1,0,3,6,25000,3,2,3,2,1,1,1,0,0
1,0,2,30.0,22,0,0,0,21,1,0,3,6,25000,3,2,3,2,1,1,1,0,0
1,3,0,55.0,22,3,1,0,21,1,0,3,6,25000,3,2,3,2,1,1,1,0,0
1,3,0,30.0,22,0,1,0,21,1,0,3,6,25000,3,2,3,2,1,0,0,1,1
1,0,0,80.0,22,4,1,0,21,1,0,3,6,25000,3,2,3,2,1,1,0,0,0
1,3,1,55.0,18,1,1,0,21,1,0,3,6,25000,3,2,3,2,1,0,0,1,1
2,0,0,30.0,7,3,1,0,21,1,0,3,6,25000,3,2,3,2,1,1,0,1,1
2,0,0,30.0,7,2,1,0,21,1,0,3,6,25000,3,2,3,2,1,1,0,0,1
2,0,1,55.0,7,2,0,0,21,1,0,3,6,25000,3,2,3,2,1,1,0,1,0
2,0,0,80.0,7,1,1,0,21,1,0,3,6,25000,3,2,3,2,1,0,0,1,1
2,0,1,55.0,7,3,1,0,21,1,0,3,6,25000,3,2,3,2,1,1,1,0,1
2,0,2,30.0,7,2,1,0,21,1,0,3,6,25000,3,2,3,2,1,1,0,1,1
0,0,0,80.0,10,1,0,0,51,2,0,4,6,50000,2,3,1,2,1,1,0,0,0
0,1,0,80.0,22,1,1,0,51,2,0,4,6,50000,2,3,1,2,1,1,0,0,0
0,1,0,30.0,22,2,1,0,51,2,0,4,6,50000,2,3,1,2,1,1,0,0,0
0,0,1,55.0,10,1,1,0,51,2,0,4,6,50000,2,3,1,2,1,1,0,0,0
0,0,2,30.0,14,3,1,0,51,2,0,4,6,50000,2,3,1,2,1,0,0,0,1
0,3,0,80.0,14,4,1,0,51,2,0,4,6,50000,2,3,1,2,1,0,0,0,0
0,3,0,55.0,14,3,1,0,51,2,0,4,6,50000,2,3,1,2,1,0,0,0,1
0,0,0,80.0,22,0,1,0,51,2,0,4,6,50000,2,3,1,2,1,0,0,0,1
1,0,0,80.0,18,2,1,0,51,2,0,4,6,50000,2,3,1,2,1,0,0,0,0
1,0,0,80.0,18,0,1,0,51,2,0,4,6,50000,2,3,1,2,1,0,0,1,1
1,0,1,55.0,18,3,1,0,51,2,0,4,6,50000,2,3,1,2,1,1,1,0,1
1,0,2,30.0,22,0,0,0,51,2,0,4,6,50000,2,3,1,2,1,1,1,0,0
1,3,0,55.0,22,3,1,0,51,2,0,4,6,50000,2,3,1,2,1,1,1,0,0
1,3,0,30.0,22,0,1,0,51,2,0,4,6,50000,2,3,1,2,1,0,0,1,1
1,0,0,80.0,22,4,1,0,51,2,0,4,6,50000,2,3,1,2,1,1,0,0,0
1,3,1,55.0,18,1,1,0,51,2,0,4,6,50000,2,3,1,2,1,0,0,1,1
2,0,0,30.0,7,3,1,0,51,2,0,4,6,50000,2,3,1,2,1,1,0,1,0
2,0,0,30.0,7,2,1,0,51,2,0,4,6,50000,2,3,1,2,1,1,0,0,0
2,0,1,55.0,7,2,0,0,51,2,0,4,6,50000,2,3,1,2,1,1,0,1,0
2,0,0,80.0,7,1,1,0,51,2,0,4,6,50000,2,3,1,2,1,0,0,1,1
2,0,1,55.0,7,3,1,0,51,2,0,4,6,50000,2,3,1,2,1,1,1,0,1
2,0,2,30.0,7,2,1,0,51,2,0,4,6,50000,2,3,1,2,1,1,0,1,1
0,0,0,80.0,10,1,0,1,36,1,0,2,13,25000,1,0,1,1,1,1,0,0,0
0,1,0,80.0,14,4,1,1,36,1,0,2,13,25000,1,0,1,1,1,1,0,0,1
0,1,0,80.0,22,1,1,1,36,1,0,2,13,25000,1,0,1,1,1,1,0,0,1
0,1,0,55.0,10,0,0,1,36,1,0,2,13,25000,1,0,1,1,1,1,0,0,1
0,1,0,80.0,22,2,1,1,36,1,0,2,13,25000,1,0,1,1,1,1,0,0,1
0,1,1,55.0,22,4,0,1,36,1,0,2,13,25000,1,0,1,1,1,1,0,0,1
0,0,0,30.0,10,2,1,1,36,1,0,2,13,25000,1,0,1,1,1,1,0,0,1
0,0,1,55.0,10,1,1,1,36,1,0,2,13,25000,1,0,1,1,1,1,0,0,0
0,0,2,30.0,14,3,1,1,36,1,0,2,13,25000,1,0,1,1,1,0,0,0,1
0,0,0,80.0,22,0,1,1,36,1,0,2,13,25000,1,0,1,1,1,0,0,0,1
1,0,0,30.0,18,4,1,1,36,1,0,2,13,25000,1,0,1,1,1,0,0,1,1
1,0,0,80.0,18,2,1,1,36,1,0,2,13,25000,1,0,1,1,1,0,0,0,1
1,0,0,80.0,18,0,1,1,36,1,0,2,13,25000,1,0,1,1,1,0,0,1,1
1,0,1,55.0,18,3,1,1,36,1,0,2,13,25000,1,0,1,1,1,1,1,0,1
1,0,2,30.0,22,0,0,1,36,1,0,2,13,25000,1,0,1,1,1,1,1,0,1
1,0,0,80.0,22,4,1,1,36,1,0,2,13,25000,1,0,1,1,1,1,0,0,1
2,0,0,30.0,7,3,1,1,36,1,0,2,13,25000,1,0,1,1,1,1,0,1,1
2,0,1,55.0,7,2,0,1,36,1,0,2,13,25000,1,0,1,1,1,1,0,1,0
2,0,0,80.0,7,1,1,1,36,1,0,2,13,25000,1,0,1,1,1,0,0,1,0
2,0,0,80.0,7,0,1,1,36,1,0,2,13,25000,1,0,1,1,1,0,0,0,1
2,0,1,55.0,7,3,1,1,36,1,0,2,13,25000,1,0,1,1,1,1,1,0,1
2,0,2,30.0,7,2,1,1,36,1,0,2,13,25000,1,0,1,1,1,1,0,1,1
0,0,0,80.0,10,1,0,0,36,3,0,3,9,12500,1,3,2,1,1,1,0,0,0
0,1,0,80.0,14,4,1,0,36,3,0,3,9,12500,1,3,2,1,1,1,0,0,1
0,1,0,80.0,22,1,1,0,36,3,0,3,9,12500,1,3,2,1,1,1,0,0,1
0,1,0,55.0,10,0,0,0,36,3,0,3,9,12500,1,3,2,1,1,1,0,0,0
0,1,0,30.0,22,2,1,0,36,3,0,3,9,12500,1,3,2,1,1,1,0,0,1
0,1,1,55.0,22,4,0,0,36,3,0,3,9,12500,1,3,2,1,1,1,0,0,0
0,0,0,30.0,10,2,1,0,36,3,0,3,9,12500,1,3,2,1,1,1,0,0,1
0,0,1,55.0,10,1,1,0,36,3,0,3,9,12500,1,3,2,1,1,1,0,0,1
0,0,2,30.0,14,3,1,0,36,3,0,3,9,12500,1,3,2,1,1,0,0,0,1
0,0,0,80.0,22,0,1,0,36,3,0,3,9,12500,1,3,2,1,1,0,0,0,0
1,0,0,30.0,18,4,1,0,36,3,0,3,9,12500,1,3,2,1,1,0,0,1,1
1,0,0,80.0,18,2,1,0,36,3,0,3,9,12500,1,3,2,1,1,0,0,0,1
1,0,0,80.0,18,0,1,0,36,3,0,3,9,12500,1,3,2,1,1,0,0,1,1
1,0,1,55.0,18,3,1,0,36,3,0,3,9,12500,1,3,2,1,1,1,1,0,0
1,0,2,30.0,22,0,0,0,36,3,0,3,9,12500,1,3,2,1,1,1,1,0,0
1,0,0,80.0,22,4,1,0,36,3,0,3,9,12500,1,3,2,1,1,1,0,0,0
2,0,0,30.0,7,3,1,0,36,3,0,3,9,12500,1,3,2,1,1,1,0,1,0
2,0,1,55.0,7,2,0,0,36,3,0,3,9,12500,1,3,2,1,1,1,0,1,0
2,0,0,80.0,7,1,1,0,36,3,0,3,9,12500,1,3,2,1,1,0,0,1,1
2,0,0,80.0,7,0,1,0,36,3,0,3,9,12500,1,3,2,1,1,0,0,0,1
2,0,1,55.0,7,3,1,0,36,3,0,3,9,12500,1,3,2,1,1,1,1,0,1
2,0,2,30.0,7,2,1,0,36,3,0,3,9,12500,1,3,2,1,1,1,0,1,0
0,0,0,80.0,10,1,0,1,21,0,0,2,2,12500,0,1,4,3,2,1,0,0,0
0,1,0,80.0,22,1,1,1,21,0,0,2,2,12500,0,1,4,3,2,1,0,0,1
0,1,0,30.0,22,2,1,1,21,0,0,2,2,12500,0,1,4,3,2,1,0,0,0
0,0,1,55.0,10,1,1,1,21,0,0,2,2,12500,0,1,4,3,2,1,0,0,1
0,0,2,30.0,14,3,1,1,21,0,0,2,2,12500,0,1,4,3,2,0,0,0,0
0,3,0,80.0,14,4,1,1,21,0,0,2,2,12500,0,1,4,3,2,0,0,0,1
0,3,0,55.0,14,3,1,1,21,0,0,2,2,12500,0,1,4,3,2,0,0,0,0
0,0,0,80.0,22,0,1,1,21,0,0,2,2,12500,0,1,4,3,2,0,0,0,1
1,0,0,80.0,18,2,1,1,21,0,0,2,2,12500,0,1,4,3,2,0,0,0,1
1,0,0,80.0,18,0,1,1,21,0,0,2,2,12500,0,1,4,3,2,0,0,1,1
1,0,1,80.0,18,3,1,1,21,0,0,2,2,12500,0,1,4,3,2,1,1,0,0
1,0,2,30.0,22,0,0,1,21,0,0,2,2,12500,0,1,4,3,2,1,1,0,0
1,3,0,55.0,22,3,1,1,21,0,0,2,2,12500,0,1,4,3,2,1,1,0,0
1,3,0,30.0,22,0,1,1,21,0,0,2,2,12500,0,1,4,3,2,0,0,1,1
1,0,0,80.0,22,4,1,1,21,0,0,2,2,12500,0,1,4,3,2,1,0,0,1
1,3,1,55.0,18,1,1,1,21,0,0,2,2,12500,0,1,4,3,2,0,0,1,0
2,0,0,30.0,7,3,1,1,21,0,0,2,2,12500,0,1,4,3,2,1,0,1,0
2,0,0,30.0,7,2,1,1,21,0,0,2,2,12500,0,1,4,3,2,1,0,0,1
2,0,1,55.0,7,2,0,1,21,0,0,2,2,12500,0,1,4,3,2,1,0,1,0
2,0,0,80.0,7,1,1,1,21,0,0,2,2,12500,0,1,4,3,2,0,0,1,0
2,0,1,55.0,7,3,1,1,21,0,0,2,2,12500,0,1,4,3,2,1,1,0,0
2,0,2,30.0,7,2,1,1,21,0,0,2,2,12500,0,1,4,3,2,1,0,1,0
0,0,0,80.0,10,1,0,0,21,1,0,4,19,50000,1,4,4,4,3,1,0,0,1
0,1,0,80.0,14,4,1,0,21,1,0,4,19,50000,1,4,4,4,3,1,0,0,1
0,1,0,80.0,22,1,1,0,21,1,0,4,19,50000,1,4,4,4,3,1,0,0,1
0,1,0,55.0,10,0,0,0,21,1,0,4,19,50000,1,4,4,4,3,1,0,0,1
0,1,0,30.0,22,2,1,0,21,1,0,4,19,50000,1,4,4,4,3,1,0,0,1
0,1,1,55.0,22,4,0,0,21,1,0,4,19,50000,1,4,4,4,3,1,0,0,0
0,0,0,30.0,10,2,1,0,21,1,0,4,19,50000,1,4,4,4,3,1,0,0,1
0,0,1,55.0,10,1,1,0,21,1,0,4,19,50000,1,4,4,4,3,1,0,0,1
0,0,2,30.0,14,3,1,0,21,1,0,4,19,50000,1,4,4,4,3,0,0,0,0
0,0,0,80.0,22,0,1,0,21,1,0,4,19,50000,1,4,4,4,3,0,0,0,0
1,0,0,30.0,18,4,1,0,21,1,0,4,19,50000,1,4,4,4,3,0,0,1,1
1,0,0,80.0,18,2,1,0,21,1,0,4,19,50000,1,4,4,4,3,0,0,0,1
1,0,0,80.0,18,0,1,0,21,1,0,4,19,50000,1,4,4,4,3,0,0,1,1
1,0,1,55.0,18,3,1,0,21,1,0,4,19,50000,1,4,4,4,3,1,1,0,0
1,0,2,30.0,22,0,0,0,21,1,0,4,19,50000,1,4,4,4,3,1,1,0,0
1,0,0,80.0,22,4,1,0,21,1,0,4,19,50000,1,4,4,4,3,1,0,0,0
2,0,0,30.0,7,3,1,0,21,1,0,4,19,50000,1,4,4,4,3,1,0,1,0
2,0,1,55.0,7,2,0,0,21,1,0,4,19,50000,1,4,4,4,3,1,0,1,1
2,0,0,80.0,7,1,1,0,21,1,0,4,19,50000,1,4,4,4,3,0,0,1,1
2,0,0,80.0,7,0,1,0,21,1,0,4,19,50000,1,4,4,4,3,0,0,0,1
2,0,1,55.0,7,3,1,0,21,1,0,4,19,50000,1,4,4,4,3,1,1,0,0
2,0,2,30.0,7,2,1,0,21,1,0,4,19,50000,1,4,4,4,3,1,0,1,1
0,0,0,80.0,10,1,0,1,31,1,0,4,3,50000,0,0,2,2,2,1,0,0,1
0,1,0,80.0,14,4,1,1,31,1,0,4,3,50000,0,0,2,2,2,1,0,0,1
0,1,0,80.0,22,1,1,1,31,1,0,4,3,50000,0,0,2,2,2,1,0,0,1
0,1,0,55.0,10,0,0,1,31,1,0,4,3,50000,0,0,2,2,2,1,0,0,1
0,1,0,30.0,22,2,1,1,31,1,0,4,3,50000,0,0,2,2,2,1,0,0,1
0,1,1,55.0,22,4,0,1,31,1,0,4,3,50000,0,0,2,2,2,1,0,0,1
0,0,0,30.0,10,2,1,1,31,1,0,4,3,50000,0,0,2,2,2,1,0,0,1
0,0,1,55.0,10,1,1,1,31,1,0,4,3,50000,0,0,2,2,2,1,0,0,1
0,0,2,30.0,14,3,1,1,31,1,0,4,3,50000,0,0,2,2,2,0,0,0,1
0,0,0,80.0,22,0,1,1,31,1,0,4,3,50000,0,0,2,2,2,0,0,0,1
1,0,0,30.0,18,4,1,1,31,1,0,4,3,50000,0,0,2,2,2,0,0,1,1
1,0,0,80.0,18,2,1,1,31,1,0,4,3,50000,0,0,2,2,2,0,0,0,1
1,0,0,80.0,18,0,1,1,31,1,0,4,3,50000,0,0,2,2,2,0,0,1,1
1,0,1,55.0,18,3,1,1,31,1,0,4,3,50000,0,0,2,2,2,1,1,0,1
1,0,2,30.0,22,0,0,1,31,1,0,4,3,50000,0,0,2,2,2,1,1,0,0
1,0,0,80.0,22,4,1,1,31,1,0,4,3,50000,0,0,2,2,2,1,0,0,0
2,0,0,80.0,7,3,1,1,31,1,0,4,3,50000,0,0,2,2,2,1,0,1,0
2,0,1,55.0,7,2,0,1,31,1,0,4,3,50000,0,0,2,2,2,1,0,1,0
2,0,0,80.0,7,1,1,1,31,1,0,4,3,50000,0,0,2,2,2,0,0,1,1
2,0,0,80.0,7,0,1,1,31,1,0,4,3,50000,0,0,2,2,2,0,0,0,0
2,0,1,55.0,7,3,1,1,31,1,0,4,3,50000,0,0,2,2,2,1,1,0,0
2,0,2,30.0,7,2,1,1,31,1,0,4,3,50000,0,0,2,2,2,1,0,1,1
0,0,0,80.0,10,1,0,0,21,2,0,1,13,12500,0,0,3,2,1,1,0,0,0
0,1,0,80.0,22,1,1,0,21,2,0,1,13,12500,0,0,3,2,1,1,0,0,1
0,1,0,30.0,22,2,1,0,21,2,0,1,13,12500,0,0,3,2,1,1,0,0,1
0,0,1,55.0,10,1,1,0,21,2,0,1,13,12500,0,0,3,2,1,1,0,0,1
0,0,2,30.0,14,3,1,0,21,2,0,1,13,12500,0,0,3,2,1,0,0,0,0
0,3,0,80.0,14,4,1,0,21,2,0,1,13,12500,0,0,3,2,1,0,0,0,0
0,3,0,55.0,14,3,1,0,21,2,0,1,13,12500,0,0,3,2,1,0,0,0,0
0,0,0,80.0,22,0,1,0,21,2,0,1,13,12500,0,0,3,2,1,0,0,0,0
1,0,0,80.0,18,2,1,0,21,2,0,1,13,12500,0,0,3,2,1,0,0,0,1
1,0,0,80.0,18,0,1,0,21,2,0,1,13,12500,0,0,3,2,1,0,0,1,1
1,0,1,55.0,18,3,1,0,21,2,0,1,13,12500,0,0,3,2,1,1,1,0,0
1,0,2,30.0,22,0,0,0,21,2,0,1,13,12500,0,0,3,2,1,1,1,0,0
1,3,0,55.0,22,3,1,0,21,2,0,1,13,12500,0,0,3,2,1,1,1,0,0
1,3,0,30.0,22,0,1,0,21,2,0,1,13,12500,0,0,3,2,1,0,0,1,1
1,0,0,80.0,22,4,1,0,21,2,0,1,13,12500,0,0,3,2,1,1,0,0,0
1,3,1,55.0,18,1,1,0,21,2,0,1,13,12500,0,0,3,2,1,0,0,1,1
2,0,0,30.0,7,3,1,0,21,2,0,1,13,12500,0,0,3,2,1,1,0,1,0
2,0,0,30.0,7,2,1,0,21,2,0,1,13,12500,0,0,3,2,1,1,0,0,1
2,0,1,55.0,7,2,0,0,21,2,0,1,13,12500,0,0,3,2,1,1,0,1,0
2,0,0,80.0,7,1,1,0,21,2,0,1,13,12500,0,0,3,2,1,0,0,1,1
2,0,1,55.0,7,3,1,0,21,2,0,1,13,12500,0,0,3,2,1,1,1,0,0
2,0,2,30.0,7,2,1,0,21,2,0,1,13,12500,0,0,3,2,1,1,0,1,0
0,0,0,80.0,10,1,0,0,36,3,1,4,6,12500,0,1,2,1,0,1,0,0,1
0,1,0,80.0,14,4,1,0,36,3,1,4,6,12500,0,1,2,1,0,1,0,0,0
0,1,0,80.0,22,1,1,0,36,3,1,4,6,12500,0,1,2,1,0,1,0,0,1
0,1,0,55.0,10,0,0,0,36,3,1,4,6,12500,0,1,2,1,0,1,0,0,1
0,1,0,30.0,22,2,1,0,36,3,1,4,6,12500,0,1,2,1,0,1,0,0,1
0,1,1,55.0,22,4,0,0,36,3,1,4,6,12500,0,1,2,1,0,1,0,0,0
0,0,0,30.0,10,2,1,0,36,3,1,4,6,12500,0,1,2,1,0,1,0,0,1
0,0,1,55.0,10,1,1,0,36,3,1,4,6,12500,0,1,2,1,0,1,0,0,1
0,0,2,30.0,14,3,1,0,36,3,1,4,6,12500,0,1,2,1,0,0,0,0,0
0,0,0,80.0,22,0,1,0,36,3,1,4,6,12500,0,1,2,1,0,0,0,0,1
1,0,0,30.0,18,4,1,0,36,3,1,4,6,12500,0,1,2,1,0,0,0,1,0
1,0,0,80.0,18,2,1,0,36,3,1,4,6,12500,0,1,2,1,0,0,0,0,1
1,0,0,80.0,18,0,1,0,36,3,1,4,6,12500,0,1,2,1,0,0,0,1,1
1,0,1,55.0,18,3,1,0,36,3,1,4,6,12500,0,1,2,1,0,1,1,0,0
1,0,2,30.0,22,0,0,0,36,3,1,4,6,12500,0,1,2,1,0,1,1,0,0
1,0,0,80.0,22,4,1,0,36,3,1,4,6,12500,0,1,2,1,0,1,0,0,0
2,0,0,30.0,7,3,1,0,36,3,1,4,6,12500,0,1,2,1,0,1,0,1,0
2,0,1,55.0,7,2,0,0,36,3,1,4,6,12500,0,1,2,1,0,1,0,1,1
2,0,0,80.0,7,1,1,0,36,3,1,4,6,12500,0,1,2,1,0,0,0,1,1
2,0,0,80.0,7,0,1,0,36,3,1,4,6,12500,0,1,2,1,0,0,0,0,1
2,0,1,55.0,7,3,1,0,36,3,1,4,6,12500,0,1,2,1,0,1,1,0,0
2,0,2,30.0,7,2,1,0,36,3,1,4,6,12500,0,1,2,1,0,1,0,1,1
0,0,0,80.0,10,1,0,1,26,1,0,4,12,25000,3,3,2,3,2,1,0,0,0
0,1,0,80.0,14,4,1,1,26,1,0,4,12,25000,3,3,2,3,2,1,0,0,0
0,1,0,80.0,22,1,1,1,26,1,0,4,12,25000,3,3,2,3,2,1,0,0,0
0,1,0,55.0,10,0,0,1,26,1,0,4,12,25000,3,3,2,3,2,1,0,0,1
0,1,0,30.0,22,2,1,1,26,1,0,4,12,25000,3,3,2,3,2,1,0,0,1
0,1,1,55.0,22,4,0,1,26,1,0,4,12,25000,3,3,2,3,2,1,0,0,0
0,0,0,30.0,10,2,1,1,26,1,0,4,12,25000,3,3,2,3,2,1,0,0,1
0,0,1,55.0,10,1,1,1,26,1,0,4,12,25000,3,3,2,3,2,1,0,0,0
0,0,2,30.0,14,3,1,1,26,1,0,4,12,25000,3,3,2,3,2,0,0,0,1
0,0,0,80.0,22,0,1,1,26,1,0,4,12,25000,3,3,2,3,2,0,0,0,1
1,0,0,30.0,18,4,1,1,26,1,0,4,12,25000,3,3,2,3,2,0,0,1,1
1,0,0,80.0,18,2,1,1,26,1,0,4,12,25000,3,3,2,3,2,0,0,0,1
1,0,0,80.0,18,0,1,1,26,1,0,4,12,25000,3,3,2,3,2,0,0,1,1
1,0,1,55.0,18,3,1,1,26,1,0,4,12,25000,3,3,2,3,2,1,1,0,1
1,0,2,30.0,22,0,0,1,26,1,0,4,12,25000,3,3,2,3,2,1,1,0,0
1,0,0,80.0,22,4,1,1,26,1,0,4,12,25000,3,3,2,3,2,1,0,0,1
2,0,0,30.0,7,3,1,1,26,1,0,4,12,25000,3,3,2,3,2,1,0,1,1
2,0,1,55.0,7,2,0,1,26,1,0,4,12,25000,3,3,2,3,2,1,0,1,0
2,0,0,80.0,7,1,1,1,26,1,0,4,12,25000,3,3,2,3,2,0,0,1,0
2,0,0,80.0,7,0,1,1,26,1,0,4,12,25000,3,3,2,3,2,0,0,0,1
2,0,1,55.0,7,3,1,1,26,1,0,4,12,25000,3,3,2,3,2,1,1,0,1
2,0,2,30.0,7,2,1,1,26,1,0,4,12,25000,3,3,2,3,2,1,0,1,1
0,0,0,80.0,10,1,0,1,26,2,0,5,12,100000,1,4,3,4,2,1,0,0,0
0,1,0,80.0,22,1,1,1,26,2,0,5,12,100000,1,4,3,4,2,1,0,0,0
0,1,0,30.0,22,2,1,1,26,2,0,5,12,100000,1,4,3,4,2,1,0,0,1
0,0,1,55.0,10,1,1,1,26,2,0,5,12,100000,1,4,3,4,2,1,0,0,1
0,0,2,30.0,14,3,1,1,26,2,0,5,12,100000,1,4,3,4,2,0,0,0,0
0,3,0,80.0,14,4,1,1,26,2,0,5,12,100000,1,4,3,4,2,0,0,0,1
0,3,0,55.0,14,3,1,1,26,2,0,5,12,100000,1,4,3,4,2,0,0,0,0
0,0,0,80.0,22,0,1,1,26,2,0,5,12,100000,1,4,3,4,2,0,0,0,1
1,0,0,80.0,18,2,1,1,26,2,0,5,12,100000,1,4,3,4,2,0,0,0,1
1,0,0,80.0,18,0,1,1,26,2,0,5,12,100000,1,4,3,4,2,0,0,1,1
1,0,1,55.0,18,3,1,1,26,2,0,5,12,100000,1,4,3,4,2,1,1,0,0
1,0,2,30.0,22,0,0,1,26,2,0,5,12,100000,1,4,3,4,2,1,1,0,0
1,3,0,55.0,22,3,1,1,26,2,0,5,12,100000,1,4,3,4,2,1,1,0,0
1,3,0,30.0,22,0,1,1,26,2,0,5,12,100000,1,4,3,4,2,0,0,1,1
1,0,0,80.0,22,4,1,1,26,2,0,5,12,100000,1,4,3,4,2,1,0,0,0
1,3,1,55.0,18,1,1,1,26,2,0,5,12,100000,1,4,3,4,2,0,0,1,1
2,0,0,30.0,7,3,1,1,26,2,0,5,12,100000,1,4,3,4,2,1,0,1,0
2,0,0,30.0,7,2,1,1,26,2,0,5,12,100000,1,4,3,4,2,1,0,0,0
2,0,1,55.0,7,2,0,1,26,2,0,5,12,100000,1,4,3,4,2,1,0,1,0
2,0,0,80.0,7,1,1,1,26,2,0,5,12,100000,1,4,3,4,2,0,0,1,1
2,0,1,55.0,7,3,1,1,26,2,0,5,12,100000,1,4,3,4,2,1,1,0,0
2,0,2,30.0,7,2,1,1,26,2,0,5,12,100000,1,4,3,4,2,1,0,1,0
0,0,0,80.0,10,1,0,0,51,1,1,2,0,0,0,2,1,2,1,1,0,0,0
0,1,0,80.0,14,4,1,0,51,1,1,2,0,0,0,2,1,2,1,1,0,0,0
0,1,0,80.0,22,1,1,0,51,1,1,2,0,0,0,2,1,2,1,1,0,0,0
0,1,0,55.0,10,0,0,0,51,1,1,2,0,0,0,2,1,2,1,1,0,0,1
0,1,0,30.0,22,2,1,0,51,1,1,2,0,0,0,2,1,2,1,1,0,0,1
0,1,1,55.0,22,4,0,0,51,1,1,2,0,0,0,2,1,2,1,1,0,0,0
0,0,0,80.0,10,2,1,0,51,1,1,2,0,0,0,2,1,2,1,1,0,0,1
0,0,1,55.0,10,1,1,0,51,1,1,2,0,0,0,2,1,2,1,1,0,0,0
0,0,2,30.0,14,3,1,0,51,1,1,2,0,0,0,2,1,2,1,0,0,0,0
0,0,0,80.0,22,0,1,0,51,1,1,2,0,0,0,2,1,2,1,0,0,0,1
1,0,0,30.0,18,4,1,0,51,1,1,2,0,0,0,2,1,2,1,0,0,1,1
1,0,0,80.0,18,2,1,0,51,1,1,2,0,0,0,2,1,2,1,0,0,0,1
1,0,0,80.0,18,0,1,0,51,1,1,2,0,0,0,2,1,2,1,0,0,1,1
1,0,1,55.0,18,3,1,0,51,1,1,2,0,0,0,2,1,2,1,1,1,0,0
1,0,2,30.0,22,0,0,0,51,1,1,2,0,0,0,2,1,2,1,1,1,0,0
1,0,0,80.0,22,4,1,0,51,1,1,2,0,0,0,2,1,2,1,1,0,0,0
2,0,0,30.0,7,3,1,0,51,1,1,2,0,0,0,2,1,2,1,1,0,1,1
2,0,1,55.0,7,2,0,0,51,1,1,2,0,0,0,2,1,2,1,1,0,1,0
2,0,0,80.0,7,1,1,0,51,1,1,2,0,0,0,2,1,2,1,0,0,1,1
2,0,0,80.0,7,0,1,0,51,1,1,2,0,0,0,2,1,2,1,0,0,0,0
2,0,1,55.0,7,3,1,0,51,1,1,2,0,0,0,2,1,2,1,1,1,0,0
2,0,2,30.0,7,2,1,0,51,1,1,2,0,0,0,2,1,2,1,1,0,1,0
0,0,0,80.0,10,1,0,0,31,1,0,3,8,75000,0,1,3,2,2,1,0,0,0
0,1,0,80.0,14,4,1,0,31,1,0,3,8,75000,0,1,3,2,2,1,0,0,0
0,1,0,80.0,22,1,1,0,31,1,0,3,8,75000,0,1,3,2,2,1,0,0,1
0,1,0,55.0,10,0,0,0,31,1,0,3,8,75000,0,1,3,2,2,1,0,0,0
0,1,0,30.0,22,2,1,0,31,1,0,3,8,75000,0,1,3,2,2,1,0,0,1
0,1,1,55.0,22,4,0,0,31,1,0,3,8,75000,0,1,3,2,2,1,0,0,0
0,0,0,30.0,10,2,1,0,31,1,0,3,8,75000,0,1,3,2,2,1,0,0,1
0,0,1,55.0,10,1,1,0,31,1,0,3,8,75000,0,1,3,2,2,1,0,0,1
0,0,2,30.0,14,3,1,0,31,1,0,3,8,75000,0,1,3,2,2,0,0,0,0
0,0,0,80.0,22,0,1,0,31,1,0,3,8,75000,0,1,3,2,2,0,0,0,1
1,0,0,30.0,18,4,1,0,31,1,0,3,8,75000,0,1,3,2,2,0,0,1,0
1,0,0,80.0,18,2,1,0,31,1,0,3,8,75000,0,1,3,2,2,0,0,0,1
1,0,0,80.0,18,0,1,0,31,1,0,3,8,75000,0,1,3,2,2,0,0,1,1
1,0,1,55.0,18,3,1,0,31,1,0,3,8,75000,0,1,3,2,2,1,1,0,0
1,0,2,30.0,22,0,0,0,31,1,0,3,8,75000,0,1,3,2,2,1,1,0,0
1,0,0,80.0,22,4,1,0,31,1,0,3,8,75000,0,1,3,2,2,1,0,0,0
2,0,0,30.0,7,3,1,0,31,1,0,3,8,75000,0,1,3,2,2,1,0,1,0
2,0,1,55.0,7,2,0,0,31,1,0,3,8,75000,0,1,3,2,2,1,0,1,0
2,0,0,80.0,7,1,1,0,31,1,0,3,8,75000,0,1,3,2,2,0,0,1,0
2,0,0,80.0,7,0,1,0,31,1,0,3,8,75000,0,1,3,2,2,0,0,0,1
2,0,1,55.0,7,3,1,0,31,1,0,3,8,75000,0,1,3,2,2,1,1,0,0
2,0,2,30.0,7,2,1,0,31,1,0,3,8,75000,0,1,3,2,2,1,0,1,0
0,0,0,80.0,10,1,0,0,36,2,1,5,5,87500,2,3,3,3,2,1,0,0,1
0,1,0,80.0,22,1,1,0,36,2,1,5,5,87500,2,3,3,3,2,1,0,0,1
0,1,0,30.0,22,2,1,0,36,2,1,5,5,87500,2,3,3,3,2,1,0,0,1
0,0,1,55.0,10,1,1,0,36,2,1,5,5,87500,2,3,3,3,2,1,0,0,1
0,0,2,30.0,14,3,1,0,36,2,1,5,5,87500,2,3,3,3,2,0,0,0,1
0,0,0,80.0,22,0,1,0,36,2,1,5,5,87500,2,3,3,3,2,0,0,0,1
0,2,0,80.0,10,1,1,0,36,2,1,5,5,87500,2,3,3,3,2,0,0,0,1
0,2,0,80.0,14,1,1,0,36,2,1,5,5,87500,2,3,3,3,2,0,0,0,1
0,2,0,80.0,22,4,1,0,36,2,1,5,5,87500,2,3,3,3,2,1,0,0,1
1,2,0,80.0,18,4,0,0,36,2,1,5,5,87500,2,3,3,3,2,1,0,1,1
1,2,0,80.0,22,2,0,0,36,2,1,5,5,87500,2,3,3,3,2,1,0,0,1
1,2,0,30.0,18,3,0,0,36,2,1,5,5,87500,2,3,3,3,2,1,0,0,1
1,0,0,80.0,18,2,1,0,36,2,1,5,5,87500,2,3,3,3,2,0,0,0,1
1,0,0,80.0,18,0,1,0,36,2,1,5,5,87500,2,3,3,3,2,0,0,1,0
1,0,1,55.0,18,3,1,0,36,2,1,5,5,87500,2,3,3,3,2,1,1,0,1
1,0,2,30.0,22,0,0,0,36,2,1,5,5,87500,2,3,3,3,2,1,1,0,1
1,0,0,80.0,22,4,1,0,36,2,1,5,5,87500,2,3,3,3,2,1,0,0,1
2,0,0,30.0,7,3,1,0,36,2,1,5,5,87500,2,3,3,3,2,1,0,1,1
2,0,1,55.0,7,2,0,0,36,2,1,5,5,87500,2,3,3,3,2,1,0,1,1
2,0,0,80.0,7,1,1,0,36,2,1,5,5,87500,2,3,3,3,2,0,0,1,1
2,0,1,55.0,7,3,1,0,36,2,1,5,5,87500,2,3,3,3,2,1,1,0,1
2,0,2,30.0,7,2,1,0,36,2,1,5,5,87500,2,3,3,3,2,1,0,1,1
0,0,0,80.0,10,1,0,0,26,2,0,2,13,75000,0,0,2,3,1,1,0,0,0
0,1,0,80.0,22,1,1,0,26,2,0,2,13,75000,0,0,2,3,1,1,0,0,0
0,1,0,30.0,22,2,1,0,26,2,0,2,13,75000,0,0,2,3,1,1,0,0,1
0,0,1,55.0,10,1,1,0,26,2,0,2,13,75000,0,0,2,3,1,1,0,0,0
0,0,2,30.0,14,3,1,0,26,2,0,2,13,75000,0,0,2,3,1,0,0,0,0
0,3,0,80.0,14,4,1,0,26,2,0,2,13,75000,0,0,2,3,1,0,0,0,1
0,3,0,55.0,14,3,1,0,26,2,0,2,13,75000,0,0,2,3,1,0,0,0,0
0,0,0,80.0,22,0,1,0,26,2,0,2,13,75000,0,0,2,3,1,0,0,0,1
1,0,0,80.0,18,2,1,0,26,2,0,2,13,75000,0,0,2,3,1,0,0,0,1
1,0,0,80.0,18,0,1,0,26,2,0,2,13,75000,0,0,2,3,1,0,0,1,1
1,0,1,55.0,18,3,1,0,26,2,0,2,13,75000,0,0,2,3,1,1,1,0,0
1,0,2,30.0,22,0,0,0,26,2,0,2,13,75000,0,0,2,3,1,1,1,0,0
1,3,0,55.0,22,3,1,0,26,2,0,2,13,75000,0,0,2,3,1,1,1,0,0
1,3,0,30.0,22,0,1,0,26,2,0,2,13,75000,0,0,2,3,1,0,0,1,0
1,0,0,80.0,22,4,1,0,26,2,0,2,13,75000,0,0,2,3,1,1,0,0,1
1,3,1,55.0,18,1,1,0,26,2,0,2,13,75000,0,0,2,3,1,0,0,1,0
2,0,0,30.0,7,3,1,0,26,2,0,2,13,75000,0,0,2,3,1,1,0,1,0
2,0,0,30.0,7,2,1,0,26,2,0,2,13,75000,0,0,2,3,1,1,0,0,1
2,0,1,55.0,7,2,0,0,26,2,0,2,13,75000,0,0,2,3,1,1,0,1,0
2,0,0,80.0,7,1,1,0,26,2,0,2,13,75000,0,0,2,3,1,0,0,1,0
2,0,1,55.0,7,3,1,0,26,2,0,2,13,75000,0,0,2,3,1,1,1,0,0
2,0,2,30.0,7,2,1,0,26,2,0,2,13,75000,0,0,2,3,1,1,0,1,1
0,0,0,80.0,10,1,0,1,31,2,0,4,1,75000,1,0,2,2,2,1,0,0,1
0,1,0,80.0,22,1,1,1,31,2,0,4,1,75000,1,0,2,2,2,1,0,0,1
0,1,0,30.0,22,2,1,1,31,2,0,4,1,75000,1,0,2,2,2,1,0,0,1
0,0,1,55.0,10,1,1,1,31,2,0,4,1,75000,1,0,2,2,2,1,0,0,1
0,0,2,30.0,14,3,1,1,31,2,0,4,1,75000,1,0,2,2,2,0,0,0,1
0,3,0,80.0,14,4,1,1,31,2,0,4,1,75000,1,0,2,2,2,0,0,0,1
0,3,0,55.0,14,3,1,1,31,2,0,4,1,75000,1,0,2,2,2,0,0,0,1
0,0,0,80.0,22,0,1,1,31,2,0,4,1,75000,1,0,2,2,2,0,0,0,1
1,0,0,80.0,18,2,1,1,31,2,0,4,1,75000,1,0,2,2,2,0,0,0,1
1,0,0,80.0,18,0,1,1,31,2,0,4,1,75000,1,0,2,2,2,0,0,1,1
1,0,1,55.0,18,3,1,1,31,2,0,4,1,75000,1,0,2,2,2,1,1,0,1
1,0,2,30.0,22,0,0,1,31,2,0,4,1,75000,1,0,2,2,2,1,1,0,1
1,3,0,55.0,22,3,1,1,31,2,0,4,1,75000,1,0,2,2,2,1,1,0,1
1,3,0,30.0,22,0,1,1,31,2,0,4,1,75000,1,0,2,2,2,0,0,1,1
1,0,0,80.0,22,4,1,1,31,2,0,4,1,75000,1,0,2,2,2,1,0,0,1
1,3,1,55.0,18,1,1,1,31,2,0,4,1,75000,1,0,2,2,2,0,0,1,1
2,0,0,30.0,7,3,1,1,31,2,0,4,1,75000,1,0,2,2,2,1,0,1,1
2,0,0,30.0,7,2,1,1,31,2,0,4,1,75000,1,0,2,2,2,1,0,0,1
2,0,1,80.0,7,2,0,1,31,2,0,4,1,75000,1,0,2,2,2,1,0,1,1
2,0,0,80.0,7,1,1,1,31,2,0,4,1,75000,1,0,2,2,2,0,0,1,1
2,0,1,55.0,7,3,1,1,31,2,0,4,1,75000,1,0,2,2,2,1,1,0,1
2,0,2,30.0,7,2,1,1,31,2,0,4,1,75000,1,0,2,2,2,1,0,1,1
0,0,0,80.0,10,1,0,1,36,2,1,3,9,100000,0,1,3,2,1,1,0,0,1
0,1,0,80.0,22,1,1,1,36,2,1,3,9,100000,0,1,3,2,1,1,0,0,1
0,1,0,30.0,22,2,1,1,36,2,1,3,9,100000,0,1,3,2,1,1,0,0,1
0,0,1,55.0,10,1,1,1,36,2,1,3,9,100000,0,1,3,2,1,1,0,0,1
0,0,2,30.0,14,3,1,1,36,2,1,3,9,100000,0,1,3,2,1,0,0,0,0
0,0,0,80.0,22,0,1,1,36,2,1,3,9,100000,0,1,3,2,1,0,0,0,1
0,2,0,80.0,10,1,1,1,36,2,1,3,9,100000,0,1,3,2,1,0,0,0,0
0,2,0,80.0,14,1,1,1,36,2,1,3,9,100000,0,1,3,2,1,0,0,0,0
0,2,0,80.0,22,4,1,1,36,2,1,3,9,100000,0,1,3,2,1,1,0,0,1
1,2,0,80.0,18,4,0,1,36,2,1,3,9,100000,0,1,3,2,1,1,0,1,1
1,2,0,80.0,22,2,0,1,36,2,1,3,9,100000,0,1,3,2,1,1,0,0,0
1,2,0,30.0,18,3,0,1,36,2,1,3,9,100000,0,1,3,2,1,1,0,0,1
1,0,0,80.0,18,2,1,1,36,2,1,3,9,100000,0,1,3,2,1,0,0,0,1
1,0,0,80.0,18,0,1,1,36,2,1,3,9,100000,0,1,3,2,1,0,0,1,1
1,0,1,55.0,18,3,1,1,36,2,1,3,9,100000,0,1,3,2,1,1,1,0,0
1,0,2,30.0,22,0,0,1,36,2,1,3,9,100000,0,1,3,2,1,1,1,0,0
1,0,0,80.0,22,4,1,1,36,2,1,3,9,100000,0,1,3,2,1,1,0,0,1
2,0,0,30.0,7,3,1,1,36,2,1,3,9,100000,0,1,3,2,1,1,0,1,0
2,0,1,55.0,7,2,0,1,36,2,1,3,9,100000,0,1,3,2,1,1,0,1,0
2,0,0,80.0,7,1,1,1,36,2,1,3,9,100000,0,1,3,2,1,0,0,1,1
2,0,1,55.0,7,3,1,1,36,2,1,3,9,100000,0,1,3,2,1,1,1,0,0
2,0,2,30.0,7,2,1,1,36,2,1,3,9,100000,0,1,3,2,1,1,0,1,1
0,0,0,80.0,10,1,0,0,51,4,1,2,21,0,0,0,2,3,1,1,0,0,0
0,1,0,80.0,22,1,1,0,51,4,1,2,21,0,0,0,2,3,1,1,0,0,0
0,1,0,30.0,22,2,1,0,51,4,1,2,21,0,0,0,2,3,1,1,0,0,1
0,1,1,55.0,22,4,0,0,51,4,1,2,21,0,0,0,2,3,1,1,0,0,0
0,0,0,30.0,10,2,1,0,51,4,1,2,21,0,0,0,2,3,1,1,0,0,1
0,0,1,55.0,10,1,1,0,51,4,1,2,21,0,0,0,2,3,1,1,0,0,0
0,0,2,30.0,14,3,1,0,51,4,1,2,21,0,0,0,2,3,1,0,0,0,1
0,0,0,80.0,22,0,1,0,51,4,1,2,21,0,0,0,2,3,1,0,0,0,0
1,0,0,30.0,18,4,1,0,51,4,1,2,21,0,0,0,2,3,1,0,0,1,1
1,0,0,80.0,18,2,1,0,51,4,1,2,21,0,0,0,2,3,1,0,0,0,1
1,0,0,80.0,18,0,1,0,51,4,1,2,21,0,0,0,2,3,1,0,0,1,0
1,0,1,55.0,18,3,1,0,51,4,1,2,21,0,0,0,2,3,1,1,1,0,1
1,0,2,30.0,22,0,0,0,51,4,1,2,21,0,0,0,2,3,1,1,1,0,0
1,0,0,80.0,22,4,1,0,51,4,1,2,21,0,0,0,2,3,1,1,0,0,1
2,0,0,30.0,7,3,1,0,51,4,1,2,21,0,0,0,2,3,1,1,0,1,1
2,0,1,55.0,7,2,0,0,51,4,1,2,21,0,0,0,2,3,1,1,0,1,1
2,0,0,80.0,7,1,1,0,51,4,1,2,21,0,0,0,2,3,1,0,0,1,0
2,0,0,80.0,7,0,1,0,51,4,1,2,21,0,0,0,2,3,1,0,0,0,0
2,0,1,55.0,7,3,1,0,51,4,1,2,21,0,0,0,2,3,1,1,1,0,1
2,0,2,30.0,7,2,1,0,51,4,1,2,21,0,0,0,2,3,1,1,0,1,1
0,0,0,80.0,10,1,0,0,31,2,0,2,9,100000,1,1,4,3,1,1,0,0,0
0,1,0,80.0,22,1,1,0,31,2,0,2,9,100000,1,1,4,3,1,1,0,0,1
0,1,0,30.0,22,2,1,0,31,2,0,2,9,100000,1,1,4,3,1,1,0,0,1
0,0,1,55.0,10,1,1,0,31,2,0,2,9,100000,1,1,4,3,1,1,0,0,1
0,0,2,80.0,14,3,1,0,31,2,0,2,9,100000,1,1,4,3,1,0,0,0,0
0,3,0,80.0,14,4,1,0,31,2,0,2,9,100000,1,1,4,3,1,0,0,0,1
0,3,0,55.0,14,3,1,0,31,2,0,2,9,100000,1,1,4,3,1,0,0,0,1
0,0,0,80.0,22,0,1,0,31,2,0,2,9,100000,1,1,4,3,1,0,0,0,1
1,0,0,80.0,18,2,1,0,31,2,0,2,9,100000,1,1,4,3,1,0,0,0,0
1,0,0,80.0,18,0,1,0,31,2,0,2,9,100000,1,1,4,3,1,0,0,1,1
1,0,1,55.0,18,3,1,0,31,2,0,2,9,100000,1,1,4,3,1,1,1,0,0
1,0,2,30.0,22,0,0,0,31,2,0,2,9,100000,1,1,4,3,1,1,1,0,0
1,3,0,55.0,22,3,1,0,31,2,0,2,9,100000,1,1,4,3,1,1,1,0,0
1,3,0,30.0,22,0,1,0,31,2,0,2,9,100000,1,1,4,3,1,0,0,1,1
1,0,0,80.0,22,4,1,0,31,2,0,2,9,100000,1,1,4,3,1,1,0,0,1
1,3,1,55.0,18,1,1,0,31,2,0,2,9,100000,1,1,4,3,1,0,0,1,0
2,0,0,30.0,7,3,1,0,31,2,0,2,9,100000,1,1,4,3,1,1,0,1,0
2,0,0,30.0,7,2,1,0,31,2,0,2,9,100000,1,1,4,3,1,1,0,0,1
2,0,1,55.0,7,2,0,0,31,2,0,2,9,100000,1,1,4,3,1,1,0,1,0
2,0,0,80.0,7,1,1,0,31,2,0,2,9,100000,1,1,4,3,1,0,0,1,1
2,0,1,55.0,7,3,1,0,31,2,0,2,9,100000,1,1,4,3,1,1,1,0,0
2,0,2,30.0,7,2,1,0,31,2,0,2,9,100000,1,1,4,3,1,1,0,1,1
0,0,0,80.0,10,1,0,0,16,0,0,1,2,0,0,3,2,3,1,1,0,0,1
0,1,0,80.0,22,1,1,0,16,0,0,1,2,0,0,3,2,3,1,1,0,0,1
0,1,0,30.0,22,2,1,0,16,0,0,1,2,0,0,3,2,3,1,1,0,0,1
0,0,1,55.0,10,1,1,0,16,0,0,1,2,0,0,3,2,3,1,1,0,0,1
0,0,2,30.0,14,3,1,0,16,0,0,1,2,0,0,3,2,3,1,0,0,0,0
0,3,0,80.0,14,4,1,0,16,0,0,1,2,0,0,3,2,3,1,0,0,0,1
0,3,0,55.0,14,3,1,0,16,0,0,1,2,0,0,3,2,3,1,0,0,0,0
0,0,0,80.0,22,0,1,0,16,0,0,1,2,0,0,3,2,3,1,0,0,0,1
1,0,0,80.0,18,2,1,0,16,0,0,1,2,0,0,3,2,3,1,0,0,0,1
1,0,0,80.0,18,0,1,0,16,0,0,1,2,0,0,3,2,3,1,0,0,1,1
1,0,1,55.0,18,3,1,0,16,0,0,1,2,0,0,3,2,3,1,1,1,0,0
1,0,2,30.0,22,0,0,0,16,0,0,1,2,0,0,3,2,3,1,1,1,0,0
1,3,0,55.0,22,3,1,0,16,0,0,1,2,0,0,3,2,3,1,1,1,0,0
1,3,0,30.0,22,0,1,0,16,0,0,1,2,0,0,3,2,3,1,0,0,1,1
1,0,0,80.0,22,4,1,0,16,0,0,1,2,0,0,3,2,3,1,1,0,0,0
1,3,1,55.0,18,1,1,0,16,0,0,1,2,0,0,3,2,3,1,0,0,1,1
2,0,0,30.0,7,3,1,0,16,0,0,1,2,0,0,3,2,3,1,1,0,1,0
2,0,0,30.0,7,2,1,0,16,0,0,1,2,0,0,3,2,3,1,1,0,0,0
2,0,1,55.0,7,2,0,0,16,0,0,1,2,0,0,3,2,3,1,1,0,1,0
2,0,0,80.0,7,1,1,0,16,0,0,1,2,0,0,3,2,3,1,0,0,1,1
2,0,1,55.0,7,3,1,0,16,0,0,1,2,0,0,3,2,3,1,1,1,0,0
2,0,2,30.0,7,2,1,0,16,0,0,1,2,0,0,3,2,3,1,1,0,1,0
0,0,0,80.0,10,1,0,0,31,2,1,5,2,25000,0,4,3,2,1,1,0,0,0
0,1,0,80.0,22,1,1,0,31,2,1,5,2,25000,0,4,3,2,1,1,0,0,0
0,1,0,30.0,22,2,1,0,31,2,1,5,2,25000,0,4,3,2,1,1,0,0,0
0,0,1,55.0,10,1,1,0,31,2,1,5,2,25000,0,4,3,2,1,1,0,0,0
0,0,2,30.0,14,3,1,0,31,2,1,5,2,25000,0,4,3,2,1,0,0,0,0
0,0,0,80.0,22,0,1,0,31,2,1,5,2,25000,0,4,3,2,1,0,0,0,0
0,2,0,80.0,10,1,1,0,31,2,1,5,2,25000,0,4,3,2,1,0,0,0,1
0,2,0,80.0,14,1,1,0,31,2,1,5,2,25000,0,4,3,2,1,0,0,0,1
0,2,0,80.0,22,4,1,0,31,2,1,5,2,25000,0,4,3,2,1,1,0,0,0
1,2,0,80.0,18,4,0,0,31,2,1,5,2,25000,0,4,3,2,1,1,0,1,0
1,2,0,80.0,22,2,0,0,31,2,1,5,2,25000,0,4,3,2,1,1,0,0,0
1,2,0,30.0,18,3,0,0,31,2,1,5,2,25000,0,4,3,2,1,1,0,0,0
1,0,0,80.0,18,2,1,0,31,2,1,5,2,25000,0,4,3,2,1,0,0,0,0
1,0,0,80.0,18,0,1,0,31,2,1,5,2,25000,0,4,3,2,1,0,0,1,0
1,0,1,55.0,18,3,1,0,31,2,1,5,2,25000,0,4,3,2,1,1,1,0,0
1,0,2,30.0,22,0,0,0,31,2,1,5,2,25000,0,4,3,2,1,1,1,0,0
1,0,0,80.0,22,4,1,0,31,2,1,5,2,25000,0,4,3,2,1,1,0,0,0
2,0,0,30.0,7,3,1,0,31,2,1,5,2,25000,0,4,3,2,1,1,0,1,0
2,0,1,55.0,7,2,0,0,31,2,1,5,2,25000,0,4,3,2,1,1,0,1,0
2,0,0,80.0,7,1,1,0,31,2,1,5,2,25000,0,4,3,2,1,0,0,1,0
2,0,1,55.0,7,3,1,0,31,2,1,5,2,25000,0,4,3,2,1,1,1,0,0
2,0,2,30.0,7,2,1,0,31,2,1,5,2,25000,0,4,3,2,1,1,0,1,0
0,0,0,80.0,10,1,0,0,51,1,1,4,15,25000,0,1,3,2,1,1,0,0,0
0,1,0,80.0,14,4,1,0,51,1,1,4,15,25000,0,1,3,2,1,1,0,0,1
0,1,0,80.0,22,1,1,0,51,1,1,4,15,25000,0,1,3,2,1,1,0,0,1
0,1,0,55.0,10,0,0,0,51,1,1,4,15,25000,0,1,3,2,1,1,0,0,1
0,1,0,30.0,22,2,1,0,51,1,1,4,15,25000,0,1,3,2,1,1,0,0,1
0,1,1,55.0,22,4,0,0,51,1,1,4,15,25000,0,1,3,2,1,1,0,0,1
0,0,0,30.0,10,2,1,0,51,1,1,4,15,25000,0,1,3,2,1,1,0,0,1
0,0,1,55.0,10,1,1,0,51,1,1,4,15,25000,0,1,3,2,1,1,0,0,1
0,0,2,30.0,14,3,1,0,51,1,1,4,15,25000,0,1,3,2,1,0,0,0,0
0,0,0,80.0,22,0,1,0,51,1,1,4,15,25000,0,1,3,2,1,0,0,0,1
1,0,0,30.0,18,4,1,0,51,1,1,4,15,25000,0,1,3,2,1,0,0,1,1
1,0,0,80.0,18,2,1,0,51,1,1,4,15,25000,0,1,3,2,1,0,0,0,1
1,0,0,80.0,18,0,1,0,51,1,1,4,15,25000,0,1,3,2,1,0,0,1,1
1,0,1,55.0,18,3,1,0,51,1,1,4,15,25000,0,1,3,2,1,1,1,0,0
1,0,2,30.0,22,0,0,0,51,1,1,4,15,25000,0,1,3,2,1,1,1,0,0
1,0,0,80.0,22,4,1,0,51,1,1,4,15,25000,0,1,3,2,1,1,0,0,1
2,0,0,30.0,7,3,1,0,51,1,1,4,15,25000,0,1,3,2,1,1,0,1,0
2,0,1,55.0,7,2,0,0,51,1,1,4,15,25000,0,1,3,2,1,1,0,1,1
2,0,0,80.0,7,1,1,0,51,1,1,4,15,25000,0,1,3,2,1,0,0,1,1
2,0,0,80.0,7,0,1,0,51,1,1,4,15,25000,0,1,3,2,1,0,0,0,1
2,0,1,55.0,7,3,1,0,51,1,1,4,15,25000,0,1,3,2,1,1,1,0,0
2,0,2,30.0,7,2,1,0,51,1,1,4,15,25000,0,1,3,2,1,1,0,1,1
0,0,0,80.0,10,1,0,0,31,2,1,4,0,100000,0,3,3,3,1,1,0,0,1
0,1,0,80.0,22,1,1,0,31,2,1,4,0,100000,0,3,3,3,1,1,0,0,0
0,1,0,30.0,22,2,1,0,31,2,1,4,0,100000,0,3,3,3,1,1,0,0,1
0,0,1,55.0,10,1,1,0,31,2,1,4,0,100000,0,3,3,3,1,1,0,0,1
0,0,2,30.0,14,3,1,0,31,2,1,4,0,100000,0,3,3,3,1,0,0,0,0
0,0,0,80.0,22,0,1,0,31,2,1,4,0,100000,0,3,3,3,1,0,0,0,1
0,2,0,80.0,10,1,1,0,31,2,1,4,0,100000,0,3,3,3,1,0,0,0,1
0,2,0,80.0,14,1,1,0,31,2,1,4,0,100000,0,3,3,3,1,0,0,0,0
0,2,0,80.0,22,4,1,0,31,2,1,4,0,100000,0,3,3,3,1,1,0,0,1
1,2,0,80.0,18,4,0,0,31,2,1,4,0,100000,0,3,3,3,1,1,0,1,1
1,2,0,80.0,22,2,0,0,31,2,1,4,0,100000,0,3,3,3,1,1,0,0,0
1,2,0,30.0,18,3,0,0,31,2,1,4,0,100000,0,3,3,3,1,1,0,0,0
1,0,0,80.0,18,2,1,0,31,2,1,4,0,100000,0,3,3,3,1,0,0,0,1
1,0,0,80.0,18,0,1,0,31,2,1,4,0,100000,0,3,3,3,1,0,0,1,1
1,0,1,55.0,18,3,1,0,31,2,1,4,0,100000,0,3,3,3,1,1,1,0,0
1,0,2,30.0,22,0,0,0,31,2,1,4,0,100000,0,3,3,3,1,1,1,0,0
1,0,0,80.0,22,4,1,0,31,2,1,4,0,100000,0,3,3,3,1,1,0,0,1
2,0,0,30.0,7,3,1,0,31,2,1,4,0,100000,0,3,3,3,1,1,0,1,1
2,0,1,55.0,7,2,0,0,31,2,1,4,0,100000,0,3,3,3,1,1,0,1,0
2,0,0,80.0,7,1,1,0,31,2,1,4,0,100000,0,3,3,3,1,0,0,1,1
2,0,1,55.0,7,3,1,0,31,2,1,4,0,100000,0,3,3,3,1,1,1,0,0
2,0,2,30.0,7,2,1,0,31,2,1,4,0,100000,0,3,3,3,1,1,0,1,1
0,0,0,80.0,10,1,0,0,21,2,1,3,0,50000,0,2,2,2,2,1,0,0,1
0,1,0,80.0,22,1,1,0,21,2,1,3,0,50000,0,2,2,2,2,1,0,0,1
0,1,0,30.0,22,2,1,0,21,2,1,3,0,50000,0,2,2,2,2,1,0,0,1
0,0,1,55.0,10,1,1,0,21,2,1,3,0,50000,0,2,2,2,2,1,0,0,1
0,0,2,30.0,14,3,1,0,21,2,1,3,0,50000,0,2,2,2,2,0,0,0,0
0,0,0,80.0,22,0,1,0,21,2,1,3,0,50000,0,2,2,2,2,0,0,0,1
0,2,0,80.0,10,1,1,0,21,2,1,3,0,50000,0,2,2,2,2,0,0,0,1
0,2,0,80.0,14,1,1,0,21,2,1,3,0,50000,0,2,2,2,2,0,0,0,1
0,2,0,80.0,22,4,1,0,21,2,1,3,0,50000,0,2,2,2,2,1,0,0,1
1,2,0,80.0,18,4,0,0,21,2,1,3,0,50000,0,2,2,2,2,1,0,1,1
1,2,0,80.0,22,2,0,0,21,2,1,3,0,50000,0,2,2,2,2,1,0,0,0
1,2,0,30.0,18,3,0,0,21,2,1,3,0,50000,0,2,2,2,2,1,0,0,0
1,0,0,80.0,18,2,1,0,21,2,1,3,0,50000,0,2,2,2,2,0,0,0,1
1,0,0,80.0,18,0,1,0,21,2,1,3,0,50000,0,2,2,2,2,0,0,1,1
1,0,1,55.0,18,3,1,0,21,2,1,3,0,50000,0,2,2,2,2,1,1,0,0
1,0,2,30.0,22,0,0,0,21,2,1,3,0,50000,0,2,2,2,2,1,1,0,0
1,0,0,80.0,22,4,1,0,21,2,1,3,0,50000,0,2,2,2,2,1,0,0,0
2,0,0,30.0,7,3,1,0,21,2,1,3,0,50000,0,2,2,2,2,1,0,1,0
2,0,1,55.0,7,2,0,0,21,2,1,3,0,50000,0,2,2,2,2,1,0,1,0
2,0,0,80.0,7,1,1,0,21,2,1,3,0,50000,0,2,2,2,2,0,0,1,1
2,0,1,55.0,7,3,1,0,21,2,1,3,0,50000,0,2,2,2,2,1,1,0,0
2,0,2,30.0,7,2,1,0,21,2,1,3,0,50000,0,2,2,2,2,1,0,1,1
0,0,0,80.0,10,1,0,1,21,1,1,2,11,25000,2,3,1,0,0,1,0,0,1
0,1,0,80.0,14,4,1,1,21,1,1,2,11,25000,2,3,1,0,0,1,0,0,1
0,1,0,80.0,22,1,1,1,21,1,1,2,11,25000,2,3,1,0,0,1,0,0,1
0,1,0,55.0,10,0,0,1,21,1,1,2,11,25000,2,3,1,0,0,1,0,0,1
0,1,0,30.0,22,2,1,1,21,1,1,2,11,25000,2,3,1,0,0,1,0,0,1
0,1,1,55.0,22,4,0,1,21,1,1,2,11,25000,2,3,1,0,0,1,0,0,1
0,0,0,30.0,10,2,1,1,21,1,1,2,11,25000,2,3,1,0,0,1,0,0,1
0,0,1,55.0,10,1,1,1,21,1,1,2,11,25000,2,3,1,0,0,1,0,0,1
0,0,2,30.0,14,3,1,1,21,1,1,2,11,25000,2,3,1,0,0,0,0,0,0
0,0,0,80.0,22,0,1,1,21,1,1,2,11,25000,2,3,1,0,0,0,0,0,0
1,0,0,30.0,18,4,1,1,21,1,1,2,11,25000,2,3,1,0,0,0,0,1,1
1,0,0,80.0,18,2,1,1,21,1,1,2,11,25000,2,3,1,0,0,0,0,0,1
1,0,0,80.0,18,0,1,1,21,1,1,2,11,25000,2,3,1,0,0,0,0,1,1
1,0,1,55.0,18,3,1,1,21,1,1,2,11,25000,2,3,1,0,0,1,1,0,1
1,0,2,30.0,22,0,0,1,21,1,1,2,11,25000,2,3,1,0,0,1,1,0,1
1,0,0,80.0,22,4,1,1,21,1,1,2,11,25000,2,3,1,0,0,1,0,0,1
2,0,0,30.0,7,3,1,1,21,1,1,2,11,25000,2,3,1,0,0,1,0,1,1
2,0,1,55.0,7,2,0,1,21,1,1,2,11,25000,2,3,1,0,0,1,0,1,1
2,0,0,80.0,7,1,1,1,21,1,1,2,11,25000,2,3,1,0,0,0,0,1,1
2,0,0,80.0,7,0,1,1,21,1,1,2,11,25000,2,3,1,0,0,0,0,0,1
2,0,1,55.0,7,3,1,1,21,1,1,2,11,25000,2,3,1,0,0,1,1,0,1
2,0,2,30.0,7,2,1,1,21,1,1,2,11,25000,2,3,1,0,0,1,0,1,1
0,0,0,80.0,10,1,0,0,26,0,0,5,9,62500,2,1,2,3,2,1,0,0,0
0,1,0,80.0,22,1,1,0,26,0,0,5,9,62500,2,1,2,3,2,1,0,0,0
0,1,0,30.0,22,2,1,0,26,0,0,5,9,62500,2,1,2,3,2,1,0,0,0
0,0,1,55.0,10,1,1,0,26,0,0,5,9,62500,2,1,2,3,2,1,0,0,0
0,0,2,30.0,14,3,1,0,26,0,0,5,9,62500,2,1,2,3,2,0,0,0,0
0,3,0,80.0,14,4,1,0,26,0,0,5,9,62500,2,1,2,3,2,0,0,0,0
0,3,0,55.0,14,3,1,0,26,0,0,5,9,62500,2,1,2,3,2,0,0,0,0
0,0,0,80.0,22,0,1,0,26,0,0,5,9,62500,2,1,2,3,2,0,0,0,0
1,0,0,80.0,18,2,1,0,26,0,0,5,9,62500,2,1,2,3,2,0,0,0,0
1,0,0,80.0,18,0,1,0,26,0,0,5,9,62500,2,1,2,3,2,0,0,1,0
1,0,1,55.0,18,3,1,0,26,0,0,5,9,62500,2,1,2,3,2,1,1,0,0
1,0,2,30.0,22,0,0,0,26,0,0,5,9,62500,2,1,2,3,2,1,1,0,0
1,3,0,55.0,22,3,1,0,26,0,0,5,9,62500,2,1,2,3,2,1,1,0,0
1,3,0,30.0,22,0,1,0,26,0,0,5,9,62500,2,1,2,3,2,0,0,1,0
1,0,0,80.0,22,4,1,0,26,0,0,5,9,62500,2,1,2,3,2,1,0,0,0
1,3,1,55.0,18,1,1,0,26,0,0,5,9,62500,2,1,2,3,2,0,0,1,0
2,0,0,30.0,7,3,1,0,26,0,0,5,9,62500,2,1,2,3,2,1,0,1,0
2,0,0,30.0,7,2,1,0,26,0,0,5,9,62500,2,1,2,3,2,1,0,0,0
2,0,1,55.0,7,2,0,0,26,0,0,5,9,62500,2,1,2,3,2,1,0,1,0
2,0,0,80.0,7,1,1,0,26,0,0,5,9,62500,2,1,2,3,2,0,0,1,0
2,0,1,55.0,7,3,1,0,26,0,0,5,9,62500,2,1,2,3,2,1,1,0,0
2,0,2,30.0,7,2,1,0,26,0,0,5,9,62500,2,1,2,3,2,1,0,1,0
0,0,0,80.0,10,1,0,1,41,2,1,4,8,37500,0,1,2,3,2,1,0,0,1
0,1,0,80.0,22,1,1,1,41,2,1,4,8,37500,0,1,2,3,2,1,0,0,1
0,1,0,30.0,22,2,1,1,41,2,1,4,8,37500,0,1,2,3,2,1,0,0,0
0,0,1,55.0,10,1,1,1,41,2,1,4,8,37500,0,1,2,3,2,1,0,0,1
0,0,2,30.0,14,3,1,1,41,2,1,4,8,37500,0,1,2,3,2,0,0,0,0
0,0,0,80.0,22,0,1,1,41,2,1,4,8,37500,0,1,2,3,2,0,0,0,0
0,2,0,80.0,10,1,1,1,41,2,1,4,8,37500,0,1,2,3,2,0,0,0,1
0,2,0,80.0,14,1,1,1,41,2,1,4,8,37500,0,1,2,3,2,0,0,0,1
0,2,0,80.0,22,4,1,1,41,2,1,4,8,37500,0,1,2,3,2,1,0,0,1
1,2,0,80.0,18,4,0,1,41,2,1,4,8,37500,0,1,2,3,2,1,0,1,1
1,2,0,80.0,22,2,0,1,41,2,1,4,8,37500,0,1,2,3,2,1,0,0,0
1,2,0,30.0,18,3,0,1,41,2,1,4,8,37500,0,1,2,3,2,1,0,0,1
1,0,0,80.0,18,2,1,1,41,2,1,4,8,37500,0,1,2,3,2,0,0,0,1
1,0,0,80.0,18,0,1,1,41,2,1,4,8,37500,0,1,2,3,2,0,0,1,0
1,0,1,55.0,18,3,1,1,41,2,1,4,8,37500,0,1,2,3,2,1,1,0,0
1,0,2,30.0,22,0,0,1,41,2,1,4,8,37500,0,1,2,3,2,1,1,0,0
1,0,0,80.0,22,4,1,1,41,2,1,4,8,37500,0,1,2,3,2,1,0,0,0
2,0,0,30.0,7,3,1,1,41,2,1,4,8,37500,0,1,2,3,2,1,0,1,0
2,0,1,55.0,7,2,0,1,41,2,1,4,8,37500,0,1,2,3,2,1,0,1,0
2,0,0,80.0,7,1,1,1,41,2,1,4,8,37500,0,1,2,3,2,0,0,1,0
2,0,1,55.0,7,3,1,1,41,2,1,4,8,37500,0,1,2,3,2,1,1,0,0
2,0,2,30.0,7,2,1,1,41,2,1,4,8,37500,0,1,2,3,2,1,0,1,0
0,0,0,80.0,10,1,0,0,26,0,0,4,12,37500,1,0,2,1,0,1,0,0,1
0,1,0,80.0,22,1,1,0,26,0,0,4,12,37500,1,0,2,1,0,1,0,0,1
0,1,0,30.0,22,2,1,0,26,0,0,4,12,37500,1,0,2,1,0,1,0,0,1
0,0,2,30.0,14,3,1,0,26,0,0,4,12,37500,1,0,2,1,0,0,0,0,0
0,3,0,80.0,14,4,1,0,26,0,0,4,12,37500,1,0,2,1,0,0,0,0,1
0,3,0,55.0,14,3,1,0,26,0,0,4,12,37500,1,0,2,1,0,0,0,0,0
0,0,0,80.0,22,0,1,0,26,0,0,4,12,37500,1,0,2,1,0,0,0,0,0
1,0,0,80.0,18,2,1,0,26,0,0,4,12,37500,1,0,2,1,0,0,0,0,1
1,0,0,80.0,18,0,1,0,26,0,0,4,12,37500,1,0,2,1,0,0,0,1,1
1,0,1,55.0,18,3,1,0,26,0,0,4,12,37500,1,0,2,1,0,1,1,0,0
1,0,2,30.0,22,0,0,0,26,0,0,4,12,37500,1,0,2,1,0,1,1,0,0
1,3,0,55.0,22,3,1,0,26,0,0,4,12,37500,1,0,2,1,0,1,1,0,0
1,3,0,30.0,22,0,1,0,26,0,0,4,12,37500,1,0,2,1,0,0,0,1,0
1,0,0,80.0,22,4,1,0,26,0,0,4,12,37500,1,0,2,1,0,1,0,0,0
1,3,1,55.0,18,1,1,0,26,0,0,4,12,37500,1,0,2,1,0,0,0,1,1
2,0,0,30.0,7,3,1,0,26,0,0,4,12,37500,1,0,2,1,0,1,0,1,0
2,0,0,30.0,7,2,1,0,26,0,0,4,12,37500,1,0,2,1,0,1,0,0,0
2,0,1,55.0,7,2,0,0,26,0,0,4,12,37500,1,0,2,1,0,1,0,1,0
2,0,0,80.0,7,1,1,0,26,0,0,4,12,37500,1,0,2,1,0,0,0,1,1
2,0,1,55.0,7,3,1,0,26,0,0,4,12,37500,1,0,2,1,0,1,1,0,0
2,0,2,30.0,7,2,1,0,26,0,0,4,12,37500,1,0,2,1,0,1,0,1,0
0,0,0,80.0,10,1,0,0,21,1,0,1,0,0,2,3,4,4,3,1,0,0,1
0,1,0,80.0,14,4,1,0,21,1,0,1,0,0,2,3,4,4,3,1,0,0,1
0,1,0,80.0,22,1,1,0,21,1,0,1,0,0,2,3,4,4,3,1,0,0,1
0,1,0,55.0,10,0,0,0,21,1,0,1,0,0,2,3,4,4,3,1,0,0,1
0,1,0,30.0,22,2,1,0,21,1,0,1,0,0,2,3,4,4,3,1,0,0,1
0,1,1,55.0,22,4,0,0,21,1,0,1,0,0,2,3,4,4,3,1,0,0,1
0,0,0,30.0,10,2,1,0,21,1,0,1,0,0,2,3,4,4,3,1,0,0,1
0,0,1,55.0,10,1,1,0,21,1,0,1,0,0,2,3,4,4,3,1,0,0,1
0,0,2,30.0,14,3,1,0,21,1,0,1,0,0,2,3,4,4,3,0,0,0,1
0,0,0,80.0,22,0,1,0,21,1,0,1,0,0,2,3,4,4,3,0,0,0,1
1,0,0,30.0,18,4,1,0,21,1,0,1,0,0,2,3,4,4,3,0,0,1,1
1,0,0,80.0,18,2,1,0,21,1,0,1,0,0,2,3,4,4,3,0,0,0,1
1,0,0,80.0,18,0,1,0,21,1,0,1,0,0,2,3,4,4,3,0,0,1,1
1,0,1,55.0,18,3,1,0,21,1,0,1,0,0,2,3,4,4,3,1,1,0,1
1,0,2,30.0,22,0,0,0,21,1,0,1,0,0,2,3,4,4,3,1,1,0,1
1,0,0,80.0,22,4,1,0,21,1,0,1,0,0,2,3,4,4,3,1,0,0,1
2,0,0,30.0,7,3,1,0,21,1,0,1,0,0,2,3,4,4,3,1,0,1,1
2,0,1,55.0,7,2,0,0,21,1,0,1,0,0,2,3,4,4,3,1,0,1,1
2,0,0,80.0,7,1,1,0,21,1,0,1,0,0,2,3,4,4,3,0,0,1,1
2,0,0,80.0,7,0,1,0,21,1,0,1,0,0,2,3,4,4,3,0,0,0,1
2,0,1,55.0,7,3,1,0,21,1,0,1,0,0,2,3,4,4,3,1,1,0,1
2,0,2,30.0,7,2,1,0,21,1,0,1,0,0,2,3,4,4,3,1,0,1,1
0,0,0,80.0,10,1,0,0,36,3,1,2,13,25000,0,4,3,3,1,1,0,0,0
0,1,0,80.0,22,1,1,0,36,3,1,2,13,25000,0,4,3,3,1,1,0,0,1
0,1,0,30.0,22,2,1,0,36,3,1,2,13,25000,0,4,3,3,1,1,0,0,0
0,0,1,55.0,10,1,1,0,36,3,1,2,13,25000,0,4,3,3,1,1,0,0,1
0,0,2,30.0,14,3,1,0,36,3,1,2,13,25000,0,4,3,3,1,0,0,0,0
0,0,0,80.0,22,0,1,0,36,3,1,2,13,25000,0,4,3,3,1,0,0,0,1
0,2,0,80.0,10,1,1,0,36,3,1,2,13,25000,0,4,3,3,1,0,0,0,1
0,2,0,80.0,14,1,1,0,36,3,1,2,13,25000,0,4,3,3,1,0,0,0,1
0,2,0,80.0,22,4,1,0,36,3,1,2,13,25000,0,4,3,3,1,1,0,0,0
1,2,0,80.0,18,4,0,0,36,3,1,2,13,25000,0,4,3,3,1,1,0,1,1
1,2,0,80.0,22,2,0,0,36,3,1,2,13,25000,0,4,3,3,1,1,0,0,1
1,2,0,30.0,18,3,0,0,36,3,1,2,13,25000,0,4,3,3,1,1,0,0,0
1,0,0,80.0,18,2,1,0,36,3,1,2,13,25000,0,4,3,3,1,0,0,0,1
1,0,0,80.0,18,0,1,0,36,3,1,2,13,25000,0,4,3,3,1,0,0,1,1
1,0,1,55.0,18,3,1,0,36,3,1,2,13,25000,0,4,3,3,1,1,1,0,0
1,0,2,30.0,22,0,0,0,36,3,1,2,13,25000,0,4,3,3,1,1,1,0,0
1,0,0,80.0,22,4,1,0,36,3,1,2,13,25000,0,4,3,3,1,1,0,0,1
2,0,0,30.0,7,3,1,0,36,3,1,2,13,25000,0,4,3,3,1,1,0,1,0
2,0,1,55.0,7,2,0,0,36,3,1,2,13,25000,0,4,3,3,1,1,0,1,0
2,0,0,80.0,7,1,1,0,36,3,1,2,13,25000,0,4,3,3,1,0,0,1,1
2,0,1,55.0,7,3,1,0,36,3,1,2,13,25000,0,4,3,3,1,1,1,0,0
2,0,2,30.0,7,2,1,0,36,3,1,2,13,25000,0,4,3,3,1,1,0,1,1
0,0,0,80.0,10,1,0,0,31,0,0,5,2,25000,2,1,2,2,1,1,0,0,0
0,1,0,80.0,22,1,1,0,31,0,0,5,2,25000,2,1,2,2,1,1,0,0,1
0,1,0,30.0,22,2,1,0,31,0,0,5,2,25000,2,1,2,2,1,1,0,0,1
0,0,1,55.0,10,1,1,0,31,0,0,5,2,25000,2,1,2,2,1,1,0,0,1
0,0,2,30.0,14,3,1,0,31,0,0,5,2,25000,2,1,2,2,1,0,0,0,0
0,0,0,80.0,22,0,1,0,31,0,0,5,2,25000,2,1,2,2,1,0,0,0,1
1,0,0,80.0,18,2,1,0,31,0,0,5,2,25000,2,1,2,2,1,0,0,0,1
1,0,0,80.0,18,0,1,0,31,0,0,5,2,25000,2,1,2,2,1,0,0,1,1
1,0,1,55.0,18,3,1,0,31,0,0,5,2,25000,2,1,2,2,1,1,1,0,1
1,0,2,30.0,22,0,0,0,31,0,0,5,2,25000,2,1,2,2,1,1,1,0,0
1,0,0,80.0,22,4,1,0,31,0,0,5,2,25000,2,1,2,2,1,1,0,0,1
2,0,0,30.0,7,3,1,0,31,0,0,5,2,25000,2,1,2,2,1,1,0,1,0
2,0,0,30.0,7,2,1,0,31,0,0,5,2,25000,2,1,2,2,1,1,0,0,1
2,0,1,55.0,7,2,0,0,31,0,0,5,2,25000,2,1,2,2,1,1,0,1,0
2,0,0,80.0,7,1,1,0,31,0,0,5,2,25000,2,1,2,2,1,0,0,1,0
2,0,1,55.0,7,3,1,0,31,0,0,5,2,25000,2,1,2,2,1,1,1,0,1
2,0,2,30.0,7,2,1,0,31,0,0,5,2,25000,2,1,2,2,1,1,0,1,0
0,0,0,80.0,10,1,0,1,16,1,0,2,2,0,2,2,2,1,1,1,0,0,0
0,1,0,80.0,14,4,1,1,16,1,0,2,2,0,2,2,2,1,1,1,0,0,1
0,1,0,80.0,22,1,1,1,16,1,0,2,2,0,2,2,2,1,1,1,0,0,1
0,1,0,55.0,10,0,0,1,16,1,0,2,2,0,2,2,2,1,1,1,0,0,0
0,1,0,30.0,22,2,1,1,16,1,0,2,2,0,2,2,2,1,1,1,0,0,1
0,1,1,55.0,22,4,0,1,16,1,0,2,2,0,2,2,2,1,1,1,0,0,0
0,0,0,30.0,10,2,1,1,16,1,0,2,2,0,2,2,2,1,1,1,0,0,1
0,0,1,55.0,10,1,1,1,16,1,0,2,2,0,2,2,2,1,1,1,0,0,1
0,0,2,30.0,14,3,1,1,16,1,0,2,2,0,2,2,2,1,1,0,0,0,0
0,0,0,80.0,22,0,1,1,16,1,0,2,2,0,2,2,2,1,1,0,0,0,1
1,0,0,30.0,18,4,1,1,16,1,0,2,2,0,2,2,2,1,1,0,0,1,1
1,0,0,80.0,18,2,1,1,16,1,0,2,2,0,2,2,2,1,1,0,0,0,1
1,0,0,80.0,18,0,1,1,16,1,0,2,2,0,2,2,2,1,1,0,0,1,1
1,0,1,55.0,18,3,1,1,16,1,0,2,2,0,2,2,2,1,1,1,1,0,0
1,0,2,30.0,22,0,0,1,16,1,0,2,2,0,2,2,2,1,1,1,1,0,0
1,0,0,80.0,22,4,1,1,16,1,0,2,2,0,2,2,2,1,1,1,0,0,0
2,0,0,30.0,7,3,1,1,16,1,0,2,2,0,2,2,2,1,1,1,0,1,0
2,0,1,55.0,7,2,0,1,16,1,0,2,2,0,2,2,2,1,1,1,0,1,0
2,0,0,80.0,7,1,1,1,16,1,0,2,2,0,2,2,2,1,1,0,0,1,0
2,0,0,80.0,7,0,1,1,16,1,0,2,2,0,2,2,2,1,1,0,0,0,0
2,0,1,55.0,7,3,1,1,16,1,0,2,2,0,2,2,2,1,1,1,1,0,0
2,0,2,30.0,7,2,1,1,16,1,0,2,2,0,2,2,2,1,1,1,0,1,0
0,0,0,80.0,10,1,0,0,51,2,1,4,0,87500,0,3,2,3,2,1,0,0,0
0,1,0,80.0,22,1,1,0,51,2,1,4,0,87500,0,3,2,3,2,1,0,0,1
0,1,0,80.0,22,2,1,0,51,2,1,4,0,87500,0,3,2,3,2,1,0,0,1
0,0,1,55.0,10,1,1,0,51,2,1,4,0,87500,0,3,2,3,2,1,0,0,0
0,0,2,30.0,14,3,1,0,51,2,1,4,0,87500,0,3,2,3,2,0,0,0,0
0,0,0,80.0,22,0,1,0,51,2,1,4,0,87500,0,3,2,3,2,0,0,0,1
0,2,0,80.0,10,1,1,0,51,2,1,4,0,87500,0,3,2,3,2,0,0,0,1
0,2,0,80.0,14,1,1,0,51,2,1,4,0,87500,0,3,2,3,2,0,0,0,1
0,2,0,80.0,22,4,1,0,51,2,1,4,0,87500,0,3,2,3,2,1,0,0,0
1,2,0,80.0,18,4,0,0,51,2,1,4,0,87500,0,3,2,3,2,1,0,1,0
1,2,0,80.0,22,2,0,0,51,2,1,4,0,87500,0,3,2,3,2,1,0,0,0
1,2,0,30.0,18,3,0,0,51,2,1,4,0,87500,0,3,2,3,2,1,0,0,0
1,0,0,80.0,18,2,1,0,51,2,1,4,0,87500,0,3,2,3,2,0,0,0,0
1,0,0,80.0,18,0,1,0,51,2,1,4,0,87500,0,3,2,3,2,0,0,1,1
1,0,1,55.0,18,3,1,0,51,2,1,4,0,87500,0,3,2,3,2,1,1,0,0
1,0,2,30.0,22,0,0,0,51,2,1,4,0,87500,0,3,2,3,2,1,1,0,0
1,0,0,80.0,22,4,1,0,51,2,1,4,0,87500,0,3,2,3,2,1,0,0,0
2,0,0,30.0,7,3,1,0,51,2,1,4,0,87500,0,3,2,3,2,1,0,1,0
2,0,1,55.0,7,2,0,0,51,2,1,4,0,87500,0,3,2,3,2,1,0,1,0
2,0,0,80.0,7,1,1,0,51,2,1,4,0,87500,0,3,2,3,2,0,0,1,1
2,0,1,55.0,7,3,1,0,51,2,1,4,0,87500,0,3,2,3,2,1,1,0,0
2,0,2,30.0,7,2,1,0,51,2,1,4,0,87500,0,3,2,3,2,1,0,1,1
0,0,0,80.0,10,1,0,0,51,2,1,1,16,75000,0,0,3,1,2,1,0,0,0
0,1,0,80.0,22,1,1,0,51,2,1,1,16,75000,0,0,3,1,2,1,0,0,0
0,1,0,30.0,22,2,1,0,51,2,1,1,16,75000,0,0,3,1,2,1,0,0,1
0,0,1,55.0,10,1,1,0,51,2,1,1,16,75000,0,0,3,1,2,1,0,0,0
0,0,2,30.0,14,3,1,0,51,2,1,1,16,75000,0,0,3,1,2,0,0,0,0
0,0,0,80.0,22,0,1,0,51,2,1,1,16,75000,0,0,3,1,2,0,0,0,1
0,2,0,80.0,10,1,1,0,51,2,1,1,16,75000,0,0,3,1,2,0,0,0,0
1,0,0,80.0,18,2,1,0,51,2,1,1,16,75000,0,0,3,1,2,0,0,0,1
1,0,0,80.0,18,0,1,0,51,2,1,1,16,75000,0,0,3,1,2,0,0,1,1
1,0,1,55.0,18,3,1,0,51,2,1,1,16,75000,0,0,3,1,2,1,1,0,0
1,0,2,30.0,22,0,0,0,51,2,1,1,16,75000,0,0,3,1,2,1,1,0,0
1,0,0,80.0,22,4,1,0,51,2,1,1,16,75000,0,0,3,1,2,1,0,0,1
2,0,0,30.0,7,3,1,0,51,2,1,1,16,75000,0,0,3,1,2,1,0,1,0
2,0,1,55.0,7,2,0,0,51,2,1,1,16,75000,0,0,3,1,2,1,0,1,1
2,0,0,80.0,7,1,1,0,51,2,1,1,16,75000,0,0,3,1,2,0,0,1,0
2,0,1,55.0,7,3,1,0,51,2,1,1,16,75000,0,0,3,1,2,1,1,0,0
2,0,2,30.0,7,2,1,0,51,2,1,1,16,75000,0,0,3,1,2,1,0,1,1
0,0,0,80.0,10,1,0,1,26,1,1,0,17,12500,3,2,2,3,3,1,0,0,1
0,1,0,80.0,14,4,1,1,26,1,1,0,17,12500,3,2,2,3,3,1,0,0,1
0,1,0,80.0,22,1,1,1,26,1,1,0,17,12500,3,2,2,3,3,1,0,0,1
0,1,0,55.0,10,0,0,1,26,1,1,0,17,12500,3,2,2,3,3,1,0,0,1
0,1,0,30.0,22,2,1,1,26,1,1,0,17,12500,3,2,2,3,3,1,0,0,1
0,1,1,55.0,22,4,0,1,26,1,1,0,17,12500,3,2,2,3,3,1,0,0,1
0,0,0,30.0,10,2,1,1,26,1,1,0,17,12500,3,2,2,3,3,1,0,0,1
0,0,1,55.0,10,1,1,1,26,1,1,0,17,12500,3,2,2,3,3,1,0,0,1
0,0,2,30.0,14,3,1,1,26,1,1,0,17,12500,3,2,2,3,3,0,0,0,1
0,0,0,80.0,22,0,1,1,26,1,1,0,17,12500,3,2,2,3,3,0,0,0,1
1,0,0,30.0,18,4,1,1,26,1,1,0,17,12500,3,2,2,3,3,0,0,1,0
1,0,0,80.0,18,2,1,1,26,1,1,0,17,12500,3,2,2,3,3,0,0,0,1
1,0,0,80.0,18,0,1,1,26,1,1,0,17,12500,3,2,2,3,3,0,0,1,1
1,0,1,80.0,18,3,1,1,26,1,1,0,17,12500,3,2,2,3,3,1,1,0,1
1,0,2,30.0,22,0,0,1,26,1,1,0,17,12500,3,2,2,3,3,1,1,0,0
1,0,0,80.0,22,4,1,1,26,1,1,0,17,12500,3,2,2,3,3,1,0,0,0
2,0,0,30.0,7,3,1,1,26,1,1,0,17,12500,3,2,2,3,3,1,0,1,1
2,0,1,55.0,7,2,0,1,26,1,1,0,17,12500,3,2,2,3,3,1,0,1,1
2,0,0,80.0,7,1,1,1,26,1,1,0,17,12500,3,2,2,3,3,0,0,1,1
2,0,0,80.0,7,0,1,1,26,1,1,0,17,12500,3,2,2,3,3,0,0,0,1
2,0,1,55.0,7,3,1,1,26,1,1,0,17,12500,3,2,2,3,3,1,1,0,0
2,0,2,30.0,7,2,1,1,26,1,1,0,17,12500,3,2,2,3,3,1,0,1,1
0,0,0,80.0,10,1,0,0,31,2,1,4,0,37500,1,3,3,4,2,1,0,0,1
0,1,0,80.0,22,1,1,0,31,2,1,4,0,37500,1,3,3,4,2,1,0,0,1
0,1,0,30.0,22,2,1,0,31,2,1,4,0,37500,1,3,3,4,2,1,0,0,0
0,0,1,55.0,10,1,1,0,31,2,1,4,0,37500,1,3,3,4,2,1,0,0,1
0,0,2,30.0,14,3,1,0,31,2,1,4,0,37500,1,3,3,4,2,0,0,0,0
0,0,0,80.0,22,0,1,0,31,2,1,4,0,37500,1,3,3,4,2,0,0,0,0
0,2,0,80.0,10,1,1,0,31,2,1,4,0,37500,1,3,3,4,2,0,0,0,1
0,2,0,80.0,14,1,1,0,31,2,1,4,0,37500,1,3,3,4,2,0,0,0,0
0,2,0,80.0,22,4,1,0,31,2,1,4,0,37500,1,3,3,4,2,1,0,0,0
1,2,0,80.0,18,4,0,0,31,2,1,4,0,37500,1,3,3,4,2,1,0,1,0
1,2,0,80.0,22,2,0,0,31,2,1,4,0,37500,1,3,3,4,2,1,0,0,0
1,2,0,30.0,18,3,0,0,31,2,1,4,0,37500,1,3,3,4,2,1,0,0,1
1,0,0,80.0,18,2,1,0,31,2,1,4,0,37500,1,3,3,4,2,0,0,0,1
1,0,0,80.0,18,0,1,0,31,2,1,4,0,37500,1,3,3,4,2,0,0,1,1
1,0,1,55.0,18,3,1,0,31,2,1,4,0,37500,1,3,3,4,2,1,1,0,0
1,0,2,30.0,22,0,0,0,31,2,1,4,0,37500,1,3,3,4,2,1,1,0,0
1,0,0,80.0,22,4,1,0,31,2,1,4,0,37500,1,3,3,4,2,1,0,0,0
2,0,0,30.0,7,3,1,0,31,2,1,4,0,37500,1,3,3,4,2,1,0,1,0
2,0,1,55.0,7,2,0,0,31,2,1,4,0,37500,1,3,3,4,2,1,0,1,0
2,0,0,80.0,7,1,1,0,31,2,1,4,0,37500,1,3,3,4,2,0,0,1,1
2,0,1,55.0,7,3,1,0,31,2,1,4,0,37500,1,3,3,4,2,1,1,0,0
2,0,2,30.0,7,2,1,0,31,2,1,4,0,37500,1,3,3,4,2,1,0,1,1
0,2,0,80.0,10,1,1,0,26,2,1,4,8,50000,0,0,1,1,1,0,0,0,0
0,2,0,80.0,14,1,1,0,26,2,1,4,8,50000,0,0,1,1,1,0,0,0,0
0,2,0,80.0,22,4,1,0,26,2,1,4,8,50000,0,0,1,1,1,1,0,0,0
1,2,0,80.0,18,4,0,0,26,2,1,4,8,50000,0,0,1,1,1,1,0,1,0
1,2,0,80.0,22,2,0,0,26,2,1,4,8,50000,0,0,1,1,1,1,0,0,0
1,2,0,30.0,18,3,0,0,26,2,1,4,8,50000,0,0,1,1,1,1,0,0,0
0,0,0,80.0,10,1,0,0,31,3,1,2,21,12500,1,1,3,4,4,1,0,0,0
0,1,0,80.0,14,4,1,0,31,3,1,2,21,12500,1,1,3,4,4,1,0,0,1
0,1,0,80.0,22,1,1,0,31,3,1,2,21,12500,1,1,3,4,4,1,0,0,1
0,1,0,55.0,10,0,0,0,31,3,1,2,21,12500,1,1,3,4,4,1,0,0,0
0,1,0,30.0,22,2,1,0,31,3,1,2,21,12500,1,1,3,4,4,1,0,0,1
0,1,1,55.0,22,4,0,0,31,3,1,2,21,12500,1,1,3,4,4,1,0,0,0
0,0,0,30.0,10,2,1,0,31,3,1,2,21,12500,1,1,3,4,4,1,0,0,1
0,0,1,55.0,10,1,1,0,31,3,1,2,21,12500,1,1,3,4,4,1,0,0,1
0,0,2,30.0,14,3,1,0,31,3,1,2,21,12500,1,1,3,4,4,0,0,0,0
0,0,0,80.0,22,0,1,0,31,3,1,2,21,12500,1,1,3,4,4,0,0,0,1
1,0,0,30.0,18,4,1,0,31,3,1,2,21,12500,1,1,3,4,4,0,0,1,0
1,0,0,80.0,18,2,1,0,31,3,1,2,21,12500,1,1,3,4,4,0,0,0,1
1,0,0,80.0,18,0,1,0,31,3,1,2,21,12500,1,1,3,4,4,0,0,1,1
1,0,1,80.0,18,3,1,0,31,3,1,2,21,12500,1,1,3,4,4,1,1,0,0
1,0,2,30.0,22,0,0,0,31,3,1,2,21,12500,1,1,3,4,4,1,1,0,0
1,0,0,80.0,22,4,1,0,31,3,1,2,21,12500,1,1,3,4,4,1,0,0,1
2,0,0,30.0,7,3,1,0,31,3,1,2,21,12500,1,1,3,4,4,1,0,1,0
2,0,1,55.0,7,2,0,0,31,3,1,2,21,12500,1,1,3,4,4,1,0,1,0
2,0,0,80.0,7,1,1,0,31,3,1,2,21,12500,1,1,3,4,4,0,0,1,1
2,0,0,80.0,7,0,1,0,31,3,1,2,21,12500,1,1,3,4,4,0,0,0,1
2,0,1,55.0,7,3,1,0,31,3,1,2,21,12500,1,1,3,4,4,1,1,0,0
2,0,2,30.0,7,2,1,0,31,3,1,2,21,12500,1,1,3,4,4,1,0,1,1
0,0,0,80.0,10,1,0,1,21,1,0,4,20,25000,0,0,4,1,1,1,0,0,0
0,1,0,80.0,14,4,1,1,21,1,0,4,20,25000,0,0,4,1,1,1,0,0,0
0,1,0,80.0,22,1,1,1,21,1,0,4,20,25000,0,0,4,1,1,1,0,0,1
0,1,0,55.0,10,0,0,1,21,1,0,4,20,25000,0,0,4,1,1,1,0,0,1
0,1,0,30.0,22,2,1,1,21,1,0,4,20,25000,0,0,4,1,1,1,0,0,1
0,1,1,55.0,22,4,0,1,21,1,0,4,20,25000,0,0,4,1,1,1,0,0,0
0,0,0,30.0,10,2,1,1,21,1,0,4,20,25000,0,0,4,1,1,1,0,0,1
0,0,1,55.0,10,1,1,1,21,1,0,4,20,25000,0,0,4,1,1,1,0,0,0
0,0,2,30.0,14,3,1,1,21,1,0,4,20,25000,0,0,4,1,1,0,0,0,0
0,0,0,80.0,22,0,1,1,21,1,0,4,20,25000,0,0,4,1,1,0,0,0,1
1,0,0,30.0,18,4,1,1,21,1,0,4,20,25000,0,0,4,1,1,0,0,1,0
1,0,0,80.0,18,2,1,1,21,1,0,4,20,25000,0,0,4,1,1,0,0,0,1
1,0,0,80.0,18,0,1,1,21,1,0,4,20,25000,0,0,4,1,1,0,0,1,1
1,0,1,55.0,18,3,1,1,21,1,0,4,20,25000,0,0,4,1,1,1,1,0,0
1,0,2,30.0,22,0,0,1,21,1,0,4,20,25000,0,0,4,1,1,1,1,0,1
1,0,0,80.0,22,4,1,1,21,1,0,4,20,25000,0,0,4,1,1,1,0,0,0
2,0,0,30.0,7,3,1,1,21,1,0,4,20,25000,0,0,4,1,1,1,0,1,0
2,0,1,55.0,7,2,0,1,21,1,0,4,20,25000,0,0,4,1,1,1,0,1,1
2,0,0,80.0,7,1,1,1,21,1,0,4,20,25000,0,0,4,1,1,0,0,1,0
2,0,0,80.0,7,0,1,1,21,1,0,4,20,25000,0,0,4,1,1,0,0,0,1
2,0,1,55.0,7,3,1,1,21,1,0,4,20,25000,0,0,4,1,1,1,1,0,0
2,0,2,30.0,7,2,1,1,21,1,0,4,20,25000,0,0,4,1,1,1,0,1,1
0,0,0,80.0,10,1,0,1,21,0,0,2,2,0,1,2,3,3,2,1,0,0,1
0,1,0,80.0,22,1,1,1,21,0,0,2,2,0,1,2,3,3,2,1,0,0,1
0,1,0,30.0,22,2,1,1,21,0,0,2,2,0,1,2,3,3,2,1,0,0,1
0,0,1,55.0,10,1,1,1,21,0,0,2,2,0,1,2,3,3,2,1,0,0,0
0,0,2,30.0,14,3,1,1,21,0,0,2,2,0,1,2,3,3,2,0,0,0,0
0,3,0,80.0,14,4,1,1,21,0,0,2,2,0,1,2,3,3,2,0,0,0,1
0,3,0,55.0,14,3,1,1,21,0,0,2,2,0,1,2,3,3,2,0,0,0,1
0,0,0,80.0,22,0,1,1,21,0,0,2,2,0,1,2,3,3,2,0,0,0,1
1,0,0,80.0,18,2,1,1,21,0,0,2,2,0,1,2,3,3,2,0,0,0,1
1,0,0,80.0,18,0,1,1,21,0,0,2,2,0,1,2,3,3,2,0,0,1,1
1,0,1,55.0,18,3,1,1,21,0,0,2,2,0,1,2,3,3,2,1,1,0,0
1,0,2,30.0,22,0,0,1,21,0,0,2,2,0,1,2,3,3,2,1,1,0,0
1,3,0,55.0,22,3,1,1,21,0,0,2,2,0,1,2,3,3,2,1,1,0,0
1,3,0,30.0,22,0,1,1,21,0,0,2,2,0,1,2,3,3,2,0,0,1,0
1,0,0,80.0,22,4,1,1,21,0,0,2,2,0,1,2,3,3,2,1,0,0,0
1,3,1,55.0,18,1,1,1,21,0,0,2,2,0,1,2,3,3,2,0,0,1,0
2,0,0,30.0,7,3,1,1,21,0,0,2,2,0,1,2,3,3,2,1,0,1,0
2,0,0,30.0,7,2,1,1,21,0,0,2,2,0,1,2,3,3,2,1,0,0,1
2,0,1,55.0,7,2,0,1,21,0,0,2,2,0,1,2,3,3,2,1,0,1,1
2,0,0,80.0,7,1,1,1,21,0,0,2,2,0,1,2,3,3,2,0,0,1,0
2,0,1,55.0,7,3,1,1,21,0,0,2,2,0,1,2,3,3,2,1,1,0,0
2,0,2,30.0,7,2,1,1,21,0,0,2,2,0,1,2,3,3,2,1,0,1,1
0,0,0,80.0,10,1,0,0,26,2,1,2,0,25000,0,0,2,1,0,1,0,0,0
0,1,0,80.0,22,1,1,0,26,2,1,2,0,25000,0,0,2,1,0,1,0,0,0
0,1,0,30.0,22,2,1,0,26,2,1,2,0,25000,0,0,2,1,0,1,0,0,1
0,0,1,55.0,10,1,1,0,26,2,1,2,0,25000,0,0,2,1,0,1,0,0,0
0,0,2,30.0,14,3,1,0,26,2,1,2,0,25000,0,0,2,1,0,0,0,0,0
0,0,0,80.0,22,0,1,0,26,2,1,2,0,25000,0,0,2,1,0,0,0,0,0
0,2,0,80.0,10,1,1,0,26,2,1,2,0,25000,0,0,2,1,0,0,0,0,0
0,2,0,80.0,14,1,1,0,26,2,1,2,0,25000,0,0,2,1,0,0,0,0,0
0,2,0,80.0,22,4,1,0,26,2,1,2,0,25000,0,0,2,1,0,1,0,0,0
1,2,0,80.0,18,4,0,0,26,2,1,2,0,25000,0,0,2,1,0,1,0,1,1
1,2,0,80.0,22,2,0,0,26,2,1,2,0,25000,0,0,2,1,0,1,0,0,1
1,2,0,30.0,18,3,0,0,26,2,1,2,0,25000,0,0,2,1,0,1,0,0,0
1,0,0,80.0,18,2,1,0,26,2,1,2,0,25000,0,0,2,1,0,0,0,0,0
1,0,0,80.0,18,0,1,0,26,2,1,2,0,25000,0,0,2,1,0,0,0,1,1
1,0,1,55.0,18,3,1,0,26,2,1,2,0,25000,0,0,2,1,0,1,1,0,0
1,0,2,30.0,22,0,0,0,26,2,1,2,0,25000,0,0,2,1,0,1,1,0,0
1,0,0,80.0,22,4,1,0,26,2,1,2,0,25000,0,0,2,1,0,1,0,0,0
2,0,0,30.0,7,3,1,0,26,2,1,2,0,25000,0,0,2,1,0,1,0,1,0
2,0,1,55.0,7,2,0,0,26,2,1,2,0,25000,0,0,2,1,0,1,0,1,0
2,0,0,80.0,7,1,1,0,26,2,1,2,0,25000,0,0,2,1,0,0,0,1,0
2,0,1,55.0,7,3,1,0,26,2,1,2,0,25000,0,0,2,1,0,1,1,0,0
2,0,2,30.0,7,2,1,0,26,2,1,2,0,25000,0,0,2,1,0,1,0,1,0
0,0,0,80.0,10,1,0,1,26,2,1,4,7,12500,2,3,2,2,1,1,0,0,0
0,1,0,30.0,22,2,1,1,26,2,1,4,7,12500,2,3,2,2,1,1,0,0,1
0,0,1,55.0,10,1,1,1,26,2,1,4,7,12500,2,3,2,2,1,1,0,0,1
0,0,2,30.0,14,3,1,1,26,2,1,4,7,12500,2,3,2,2,1,0,0,0,1
0,0,0,80.0,22,0,1,1,26,2,1,4,7,12500,2,3,2,2,1,0,0,0,1
0,2,0,80.0,22,4,1,1,26,2,1,4,7,12500,2,3,2,2,1,1,0,0,1
1,0,0,80.0,18,2,1,1,26,2,1,4,7,12500,2,3,2,2,1,0,0,0,1
1,0,0,80.0,18,0,1,1,26,2,1,4,7,12500,2,3,2,2,1,0,0,1,1
1,0,1,55.0,18,3,1,1,26,2,1,4,7,12500,2,3,2,2,1,1,1,0,1
1,0,2,30.0,22,0,0,1,26,2,1,4,7,12500,2,3,2,2,1,1,1,0,0
1,0,0,80.0,22,4,1,1,26,2,1,4,7,12500,2,3,2,2,1,1,0,0,0
2,0,0,30.0,7,3,1,1,26,2,1,4,7,12500,2,3,2,2,1,1,0,1,1
2,0,1,55.0,7,2,0,1,26,2,1,4,7,12500,2,3,2,2,1,1,0,1,0
2,0,0,80.0,7,1,1,1,26,2,1,4,7,12500,2,3,2,2,1,0,0,1,1
2,0,1,55.0,7,3,1,1,26,2,1,4,7,12500,2,3,2,2,1,1,1,0,1
2,0,2,30.0,7,2,1,1,26,2,1,4,7,12500,2,3,2,2,1,1,0,1,1
0,0,0,80.0,10,1,0,0,41,1,1,4,4,75000,1,1,2,2,1,1,0,0,1
0,1,0,80.0,22,1,1,0,41,1,1,4,4,75000,1,1,2,2,1,1,0,0,0
0,1,0,30.0,22,2,1,0,41,1,1,4,4,75000,1,1,2,2,1,1,0,0,1
0,0,1,55.0,10,1,1,0,41,1,1,4,4,75000,1,1,2,2,1,1,0,0,0
0,0,2,30.0,14,3,1,0,41,1,1,4,4,75000,1,1,2,2,1,0,0,0,0
0,0,0,80.0,22,0,1,0,41,1,1,4,4,75000,1,1,2,2,1,0,0,0,1
0,2,0,80.0,10,1,1,0,41,1,1,4,4,75000,1,1,2,2,1,0,0,0,0
0,2,0,80.0,14,1,1,0,41,1,1,4,4,75000,1,1,2,2,1,0,0,0,0
0,2,0,80.0,22,4,1,0,41,1,1,4,4,75000,1,1,2,2,1,1,0,0,1
1,2,0,80.0,18,4,0,0,41,1,1,4,4,75000,1,1,2,2,1,1,0,1,0
1,2,0,80.0,22,2,0,0,41,1,1,4,4,75000,1,1,2,2,1,1,0,0,0
1,2,0,30.0,18,3,0,0,41,1,1,4,4,75000,1,1,2,2,1,1,0,0,1
1,0,0,80.0,18,2,1,0,41,1,1,4,4,75000,1,1,2,2,1,0,0,0,1
1,0,0,80.0,18,0,1,0,41,1,1,4,4,75000,1,1,2,2,1,0,0,1,1
1,0,1,55.0,18,3,1,0,41,1,1,4,4,75000,1,1,2,2,1,1,1,0,1
1,0,2,30.0,22,0,0,0,41,1,1,4,4,75000,1,1,2,2,1,1,1,0,0
1,0,0,80.0,22,4,1,0,41,1,1,4,4,75000,1,1,2,2,1,1,0,0,1
2,0,0,30.0,7,3,1,0,41,1,1,4,4,75000,1,1,2,2,1,1,0,1,0
2,0,1,55.0,7,2,0,0,41,1,1,4,4,75000,1,1,2,2,1,1,0,1,0
2,0,0,80.0,7,1,1,0,41,1,1,4,4,75000,1,1,2,2,1,0,0,1,1
2,0,1,55.0,7,3,1,0,41,1,1,4,4,75000,1,1,2,2,1,1,1,0,1
2,0,2,30.0,7,2,1,0,41,1,1,4,4,75000,1,1,2,2,1,1,0,1,1
0,0,0,80.0,10,1,0,0,21,2,1,2,0,25000,0,1,2,2,0,1,0,0,0
0,1,0,80.0,22,1,1,0,21,2,1,2,0,25000,0,1,2,2,0,1,0,0,1
0,1,0,30.0,22,2,1,0,21,2,1,2,0,25000,0,1,2,2,0,1,0,0,1
0,0,1,55.0,10,1,1,0,21,2,1,2,0,25000,0,1,2,2,0,1,0,0,1
0,0,2,30.0,14,3,1,0,21,2,1,2,0,25000,0,1,2,2,0,0,0,0,0
0,0,0,80.0,22,0,1,0,21,2,1,2,0,25000,0,1,2,2,0,0,0,0,1
0,2,0,80.0,22,4,1,0,21,2,1,2,0,25000,0,1,2,2,0,1,0,0,0
1,0,0,80.0,18,2,1,0,21,2,1,2,0,25000,0,1,2,2,0,0,0,0,1
1,0,0,80.0,18,0,1,0,21,2,1,2,0,25000,0,1,2,2,0,0,0,1,1
1,0,1,55.0,18,3,1,0,21,2,1,2,0,25000,0,1,2,2,0,1,1,0,0
1,0,2,30.0,22,0,0,0,21,2,1,2,0,25000,0,1,2,2,0,1,1,0,0
1,0,0,80.0,22,4,1,0,21,2,1,2,0,25000,0,1,2,2,0,1,0,0,0
2,0,0,30.0,7,3,1,0,21,2,1,2,0,25000,0,1,2,2,0,1,0,1,0
2,0,1,55.0,7,2,0,0,21,2,1,2,0,25000,0,1,2,2,0,1,0,1,0
2,0,0,80.0,7,1,1,0,21,2,1,2,0,25000,0,1,2,2,0,0,0,1,1
2,0,1,55.0,7,3,1,0,21,2,1,2,0,25000,0,1,2,2,0,1,1,0,0
2,0,2,30.0,7,2,1,0,21,2,1,2,0,25000,0,1,2,2,0,1,0,1,0
0,0,0,80.0,10,1,0,0,41,2,1,5,21,100000,1,4,3,3,3,1,0,0,1
0,1,0,80.0,22,1,1,0,41,2,1,5,21,100000,1,4,3,3,3,1,0,0,1
0,1,0,30.0,22,2,1,0,41,2,1,5,21,100000,1,4,3,3,3,1,0,0,1
0,0,1,55.0,10,1,1,0,41,2,1,5,21,100000,1,4,3,3,3,1,0,0,1
0,0,2,30.0,14,3,1,0,41,2,1,5,21,100000,1,4,3,3,3,0,0,0,0
0,0,0,80.0,22,0,1,0,41,2,1,5,21,100000,1,4,3,3,3,0,0,0,1
1,0,0,80.0,18,2,1,0,41,2,1,5,21,100000,1,4,3,3,3,0,0,0,1
1,0,0,80.0,18,0,1,0,41,2,1,5,21,100000,1,4,3,3,3,0,0,1,1
1,0,2,30.0,22,0,0,0,41,2,1,5,21,100000,1,4,3,3,3,1,1,0,0
1,0,0,80.0,22,4,1,0,41,2,1,5,21,100000,1,4,3,3,3,1,0,0,1
2,0,1,55.0,7,2,0,0,41,2,1,5,21,100000,1,4,3,3,3,1,0,1,0
2,0,0,80.0,7,1,1,0,41,2,1,5,21,100000,1,4,3,3,3,0,0,1,0
2,0,1,55.0,7,3,1,0,41,2,1,5,21,100000,1,4,3,3,3,1,1,0,0
2,0,2,30.0,7,2,1,0,41,2,1,5,21,100000,1,4,3,3,3,1,0,1,1
0,0,0,80.0,10,1,0,0,31,0,0,5,9,50000,1,2,1,2,1,1,0,0,1
0,1,0,80.0,22,1,1,0,31,0,0,5,9,50000,1,2,1,2,1,1,0,0,0
0,1,0,30.0,22,2,1,0,31,0,0,5,9,50000,1,2,1,2,1,1,0,0,0
0,0,1,55.0,10,1,1,0,31,0,0,5,9,50000,1,2,1,2,1,1,0,0,1
0,0,2,30.0,14,3,1,0,31,0,0,5,9,50000,1,2,1,2,1,0,0,0,0
0,3,0,80.0,14,4,1,0,31,0,0,5,9,50000,1,2,1,2,1,0,0,0,1
0,3,0,80.0,14,3,1,0,31,0,0,5,9,50000,1,2,1,2,1,0,0,0,0
0,0,0,80.0,22,0,1,0,31,0,0,5,9,50000,1,2,1,2,1,0,0,0,0
1,0,0,80.0,18,2,1,0,31,0,0,5,9,50000,1,2,1,2,1,0,0,0,1
1,0,0,80.0,18,0,1,0,31,0,0,5,9,50000,1,2,1,2,1,0,0,1,1
1,0,1,55.0,18,3,1,0,31,0,0,5,9,50000,1,2,1,2,1,1,1,0,1
1,0,2,30.0,22,0,0,0,31,0,0,5,9,50000,1,2,1,2,1,1,1,0,0
1,3,0,55.0,22,3,1,0,31,0,0,5,9,50000,1,2,1,2,1,1,1,0,1
1,3,0,30.0,22,0,1,0,31,0,0,5,9,50000,1,2,1,2,1,0,0,1,1
1,0,0,80.0,22,4,1,0,31,0,0,5,9,50000,1,2,1,2,1,1,0,0,0
1,3,1,55.0,18,1,1,0,31,0,0,5,9,50000,1,2,1,2,1,0,0,1,1
2,0,0,30.0,7,3,1,0,31,0,0,5,9,50000,1,2,1,2,1,1,0,1,0
2,0,0,30.0,7,2,1,0,31,0,0,5,9,50000,1,2,1,2,1,1,0,0,0
2,0,1,55.0,7,2,0,0,31,0,0,5,9,50000,1,2,1,2,1,1,0,1,0
2,0,0,80.0,7,1,1,0,31,0,0,5,9,50000,1,2,1,2,1,0,0,1,1
2,0,1,55.0,7,3,1,0,31,0,0,5,9,50000,1,2,1,2,1,1,1,0,0
2,0,2,30.0,7,2,1,0,31,0,0,5,9,50000,1,2,1,2,1,1,0,1,0
0,1,0,80.0,18,0,0,0,31,1,0,1,4,25000,0,2,2,2,1,0,0,0,1
0,1,0,80.0,22,3,1,0,31,1,0,1,4,25000,0,2,2,2,1,1,0,0,1
0,1,0,55.0,22,3,0,0,31,1,0,1,4,25000,0,2,2,2,1,1,0,0,1
0,1,0,30.0,10,2,0,0,31,1,0,1,4,25000,0,2,2,2,1,0,0,0,1
0,1,2,30.0,14,0,1,0,31,1,0,1,4,25000,0,2,2,2,1,0,0,0,1
0,0,1,55.0,10,3,1,0,31,1,0,1,4,25000,0,2,2,2,1,1,0,0,1
0,0,1,55.0,14,2,0,0,31,1,0,1,4,25000,0,2,2,2,1,0,0,0,1
0,0,0,80.0,10,0,0,0,31,1,0,1,4,25000,0,2,2,2,1,0,0,0,1
0,0,2,30.0,10,0,1,0,31,1,0,1,4,25000,0,2,2,2,1,1,0,0,1
1,0,0,80.0,18,2,0,0,31,1,0,1,4,25000,0,2,2,2,1,1,0,1,1
1,0,0,30.0,18,2,1,0,31,1,0,1,4,25000,0,2,2,2,1,0,0,0,1
1,0,1,55.0,22,1,0,0,31,1,0,1,4,25000,0,2,2,2,1,0,0,1,1
1,0,2,30.0,22,1,0,0,31,1,0,1,4,25000,0,2,2,2,1,1,0,0,1
1,0,2,30.0,22,2,1,0,31,1,0,1,4,25000,0,2,2,2,1,1,1,0,1
1,0,0,80.0,18,4,1,0,31,1,0,1,4,25000,0,2,2,2,1,0,0,1,1
1,0,0,80.0,22,4,1,0,31,1,0,1,4,25000,0,2,2,2,1,0,0,0,1
2,0,1,55.0,7,0,0,0,31,1,0,1,4,25000,0,2,2,2,1,0,0,1,1
2,0,1,55.0,7,2,1,0,31,1,0,1,4,25000,0,2,2,2,1,0,0,0,1
2,0,2,30.0,7,1,1,0,31,1,0,1,4,25000,0,2,2,2,1,0,0,1,1
2,0,2,30.0,7,0,1,0,31,1,0,1,4,25000,0,2,2,2,1,1,0,0,1
2,0,2,30.0,7,3,1,0,31,1,0,1,4,25000,0,2,2,2,1,1,1,0,0
2,0,0,80.0,7,4,0,0,31,1,0,1,4,25000,0,2,2,2,1,0,0,1,1
0,1,0,80.0,18,0,0,0,31,1,0,5,15,75000,4,3,3,3,3,0,0,0,0
0,1,0,80.0,22,3,1,0,31,1,0,5,15,75000,4,3,3,3,3,1,0,0,0
0,1,0,55.0,22,3,0,0,31,1,0,5,15,75000,4,3,3,3,3,1,0,0,0
0,1,0,30.0,10,2,0,0,31,1,0,5,15,75000,4,3,3,3,3,0,0,0,0
0,1,2,30.0,14,0,1,0,31,1,0,5,15,75000,4,3,3,3,3,0,0,0,0
0,0,1,55.0,10,3,1,0,31,1,0,5,15,75000,4,3,3,3,3,1,0,0,0
0,0,1,55.0,14,2,0,0,31,1,0,5,15,75000,4,3,3,3,3,0,0,0,0
0,0,0,80.0,10,0,0,0,31,1,0,5,15,75000,4,3,3,3,3,0,0,0,0
0,0,2,30.0,10,0,1,0,31,1,0,5,15,75000,4,3,3,3,3,1,0,0,0
1,0,0,80.0,18,2,0,0,31,1,0,5,15,75000,4,3,3,3,3,1,0,1,0
1,0,0,30.0,18,2,1,0,31,1,0,5,15,75000,4,3,3,3,3,0,0,0,0
1,0,1,55.0,22,1,0,0,31,1,0,5,15,75000,4,3,3,3,3,0,0,1,0
1,0,2,80.0,22,1,0,0,31,1,0,5,15,75000,4,3,3,3,3,1,0,0,0
1,0,2,30.0,22,2,1,0,31,1,0,5,15,75000,4,3,3,3,3,1,1,0,0
1,0,0,80.0,18,4,1,0,31,1,0,5,15,75000,4,3,3,3,3,0,0,1,0
1,0,0,80.0,22,4,1,0,31,1,0,5,15,75000,4,3,3,3,3,0,0,0,0
2,0,1,55.0,7,0,0,0,31,1,0,5,15,75000,4,3,3,3,3,0,0,1,0
2,0,1,55.0,7,2,1,0,31,1,0,5,15,75000,4,3,3,3,3,0,0,0,0
2,0,2,30.0,7,1,1,0,31,1,0,5,15,75000,4,3,3,3,3,0,0,1,0
2,0,2,30.0,7,0,1,0,31,1,0,5,15,75000,4,3,3,3,3,1,0,0,0
2,0,2,30.0,7,3,1,0,31,1,0,5,15,75000,4,3,3,3,3,1,1,0,0
2,0,0,80.0,7,4,0,0,31,1,0,5,15,75000,4,3,3,3,3,0,0,1,0
0,3,0,30.0,10,4,1,0,26,2,0,5,2,87500,0,3,1,3,1,0,0,0,0
0,3,1,55.0,18,3,0,0,26,2,0,5,2,87500,0,3,1,3,1,1,0,0,0
0,3,2,30.0,10,0,1,0,26,2,0,5,2,87500,0,3,1,3,1,0,0,0,1
1,3,0,30.0,18,0,1,0,26,2,0,5,2,87500,0,3,1,3,1,1,1,0,1
1,3,0,30.0,22,0,0,0,26,2,0,5,2,87500,0,3,1,3,1,1,0,1,0
1,3,1,55.0,18,2,1,0,26,2,0,5,2,87500,0,3,1,3,1,0,0,1,0
0,1,0,80.0,18,0,0,1,21,1,0,2,6,37500,2,4,3,2,1,0,0,0,1
0,1,0,80.0,22,3,1,1,21,1,0,2,6,37500,2,4,3,2,1,1,0,0,1
0,1,0,55.0,22,3,0,1,21,1,0,2,6,37500,2,4,3,2,1,1,0,0,1
0,1,0,30.0,10,2,0,1,21,1,0,2,6,37500,2,4,3,2,1,0,0,0,1
0,1,2,30.0,14,0,1,1,21,1,0,2,6,37500,2,4,3,2,1,0,0,0,1
0,0,1,55.0,10,3,1,1,21,1,0,2,6,37500,2,4,3,2,1,1,0,0,1
0,0,1,55.0,14,2,0,1,21,1,0,2,6,37500,2,4,3,2,1,0,0,0,1
0,0,0,80.0,10,0,0,1,21,1,0,2,6,37500,2,4,3,2,1,0,0,0,1
0,0,2,30.0,10,0,1,1,21,1,0,2,6,37500,2,4,3,2,1,1,0,0,1
1,0,0,80.0,18,2,0,1,21,1,0,2,6,37500,2,4,3,2,1,1,0,1,1
1,0,0,30.0,18,2,1,1,21,1,0,2,6,37500,2,4,3,2,1,0,0,0,1
1,0,1,55.0,22,1,0,1,21,1,0,2,6,37500,2,4,3,2,1,0,0,1,1
1,0,2,30.0,22,1,0,1,21,1,0,2,6,37500,2,4,3,2,1,1,0,0,0
1,0,2,30.0,22,2,1,1,21,1,0,2,6,37500,2,4,3,2,1,1,1,0,1
1,0,0,80.0,18,4,1,1,21,1,0,2,6,37500,2,4,3,2,1,0,0,1,1
1,0,0,80.0,22,4,1,1,21,1,0,2,6,37500,2,4,3,2,1,0,0,0,0
2,0,1,55.0,7,0,0,1,21,1,0,2,6,37500,2,4,3,2,1,0,0,1,1
2,0,1,55.0,7,2,1,1,21,1,0,2,6,37500,2,4,3,2,1,0,0,0,1
2,0,2,30.0,7,1,1,1,21,1,0,2,6,37500,2,4,3,2,1,0,0,1,1
2,0,2,30.0,7,0,1,1,21,1,0,2,6,37500,2,4,3,2,1,1,0,0,1
2,0,2,30.0,7,3,1,1,21,1,0,2,6,37500,2,4,3,2,1,1,1,0,1
2,0,0,80.0,7,4,0,1,21,1,0,2,6,37500,2,4,3,2,1,0,0,1,0
0,2,0,30.0,22,4,0,1,41,1,0,4,19,62500,2,3,2,3,3,0,0,0,1
0,2,2,30.0,18,3,1,1,41,1,0,4,19,62500,2,3,2,3,3,0,0,0,1
0,1,0,80.0,18,0,0,1,41,1,0,4,19,62500,2,3,2,3,3,0,0,0,1
0,1,0,80.0,22,3,1,1,41,1,0,4,19,62500,2,3,2,3,3,1,0,0,1
0,1,0,55.0,22,3,0,1,41,1,0,4,19,62500,2,3,2,3,3,1,0,0,1
0,1,0,30.0,10,2,0,1,41,1,0,4,19,62500,2,3,2,3,3,0,0,0,1
0,1,2,30.0,14,0,1,1,41,1,0,4,19,62500,2,3,2,3,3,0,0,0,1
0,0,1,55.0,10,3,1,1,41,1,0,4,19,62500,2,3,2,3,3,1,0,0,1
0,0,1,55.0,14,2,0,1,41,1,0,4,19,62500,2,3,2,3,3,0,0,0,1
0,0,0,80.0,10,0,0,1,41,1,0,4,19,62500,2,3,2,3,3,0,0,0,1
0,0,2,30.0,10,0,1,1,41,1,0,4,19,62500,2,3,2,3,3,1,0,0,1
0,3,0,30.0,10,4,1,1,41,1,0,4,19,62500,2,3,2,3,3,0,0,0,1
0,3,1,80.0,18,3,0,1,41,1,0,4,19,62500,2,3,2,3,3,1,0,0,1
0,3,2,30.0,10,0,1,1,41,1,0,4,19,62500,2,3,2,3,3,0,0,0,1
0,2,0,55.0,18,0,0,1,41,1,0,4,19,62500,2,3,2,3,3,1,0,0,1
1,2,0,55.0,22,4,1,1,41,1,0,4,19,62500,2,3,2,3,3,1,0,1,1
1,2,0,55.0,22,4,0,1,41,1,0,4,19,62500,2,3,2,3,3,1,0,0,0
1,3,0,30.0,22,3,0,1,41,1,0,4,19,62500,2,3,2,3,3,1,1,0,1
1,0,0,80.0,18,2,0,1,41,1,0,4,19,62500,2,3,2,3,3,1,0,1,1
1,0,0,30.0,18,2,1,1,41,1,0,4,19,62500,2,3,2,3,3,0,0,0,1
1,0,1,55.0,22,1,0,1,41,1,0,4,19,62500,2,3,2,3,3,0,0,1,1
1,0,2,30.0,22,1,0,1,41,1,0,4,19,62500,2,3,2,3,3,1,0,0,0
1,0,2,30.0,22,2,1,1,41,1,0,4,19,62500,2,3,2,3,3,1,1,0,1
1,0,0,80.0,18,4,1,1,41,1,0,4,19,62500,2,3,2,3,3,0,0,1,1
1,0,0,80.0,22,4,1,1,41,1,0,4,19,62500,2,3,2,3,3,0,0,0,1
1,3,0,30.0,18,0,1,1,41,1,0,4,19,62500,2,3,2,3,3,1,1,0,1
1,3,0,30.0,22,0,0,1,41,1,0,4,19,62500,2,3,2,3,3,1,0,1,1
1,3,1,55.0,18,2,1,1,41,1,0,4,19,62500,2,3,2,3,3,0,0,1,1
2,0,1,55.0,7,0,0,1,41,1,0,4,19,62500,2,3,2,3,3,0,0,1,1
2,0,1,55.0,7,2,1,1,41,1,0,4,19,62500,2,3,2,3,3,0,0,0,1
2,0,2,30.0,7,1,1,1,41,1,0,4,19,62500,2,3,2,3,3,0,0,1,1
2,0,2,30.0,7,0,1,1,41,1,0,4,19,62500,2,3,2,3,3,1,0,0,0
2,0,2,30.0,7,3,1,1,41,1,0,4,19,62500,2,3,2,3,3,1,1,0,0
2,0,0,80.0,7,4,0,1,41,1,0,4,19,62500,2,3,2,3,3,0,0,1,1
0,1,0,80.0,18,0,0,0,16,0,0,1,2,0,0,3,2,3,1,0,0,0,1
0,1,0,80.0,22,3,1,0,16,0,0,1,2,0,0,3,2,3,1,1,0,0,0
0,1,0,55.0,22,3,0,0,16,0,0,1,2,0,0,3,2,3,1,1,0,0,0
0,1,0,30.0,10,2,0,0,16,0,0,1,2,0,0,3,2,3,1,0,0,0,0
0,1,2,30.0,14,0,1,0,16,0,0,1,2,0,0,3,2,3,1,0,0,0,1
0,0,1,55.0,10,3,1,0,16,0,0,1,2,0,0,3,2,3,1,1,0,0,0
0,0,0,80.0,10,0,0,0,16,0,0,1,2,0,0,3,2,3,1,0,0,0,1
0,3,0,30.0,10,4,1,0,16,0,0,1,2,0,0,3,2,3,1,0,0,0,1
0,3,1,55.0,18,3,0,0,16,0,0,1,2,0,0,3,2,3,1,1,0,0,0
0,3,2,30.0,10,0,1,0,16,0,0,1,2,0,0,3,2,3,1,0,0,0,1
1,0,0,80.0,18,2,0,0,16,0,0,1,2,0,0,3,2,3,1,1,0,1,1
1,0,0,30.0,18,2,1,0,16,0,0,1,2,0,0,3,2,3,1,0,0,0,1
1,0,1,55.0,22,1,0,0,16,0,0,1,2,0,0,3,2,3,1,0,0,1,1
1,0,2,30.0,22,1,0,0,16,0,0,1,2,0,0,3,2,3,1,1,0,0,0
1,0,0,80.0,18,4,1,0,16,0,0,1,2,0,0,3,2,3,1,0,0,1,1
1,3,0,30.0,18,0,1,0,16,0,0,1,2,0,0,3,2,3,1,1,1,0,1
1,3,0,30.0,22,0,0,0,16,0,0,1,2,0,0,3,2,3,1,1,0,1,1
1,3,1,55.0,18,2,1,0,16,0,0,1,2,0,0,3,2,3,1,0,0,1,0
2,0,1,55.0,7,2,1,0,16,0,0,1,2,0,0,3,2,3,1,0,0,0,0
2,0,2,30.0,7,1,1,0,16,0,0,1,2,0,0,3,2,3,1,0,0,1,1
2,0,2,30.0,7,3,1,0,16,0,0,1,2,0,0,3,2,3,1,1,1,0,0
2,0,0,80.0,7,4,0,0,16,0,0,1,2,0,0,3,2,3,1,0,0,1,0
0,1,0,80.0,18,0,0,0,21,0,0,2,2,0,2,2,3,2,1,0,0,0,1
0,1,0,80.0,22,3,1,0,21,0,0,2,2,0,2,2,3,2,1,1,0,0,1
0,1,0,55.0,22,3,0,0,21,0,0,2,2,0,2,2,3,2,1,1,0,0,1
0,1,0,30.0,10,2,0,0,21,0,0,2,2,0,2,2,3,2,1,0,0,0,0
0,1,2,30.0,14,0,1,0,21,0,0,2,2,0,2,2,3,2,1,0,0,0,0
0,0,1,55.0,10,3,1,0,21,0,0,2,2,0,2,2,3,2,1,1,0,0,0
0,0,0,80.0,10,0,0,0,21,0,0,2,2,0,2,2,3,2,1,0,0,0,1
0,3,0,30.0,10,4,1,0,21,0,0,2,2,0,2,2,3,2,1,0,0,0,1
0,3,1,55.0,18,3,0,0,21,0,0,2,2,0,2,2,3,2,1,1,0,0,1
0,3,2,30.0,10,0,1,0,21,0,0,2,2,0,2,2,3,2,1,0,0,0,1
1,0,0,80.0,18,2,0,0,21,0,0,2,2,0,2,2,3,2,1,1,0,1,1
1,0,0,30.0,18,2,1,0,21,0,0,2,2,0,2,2,3,2,1,0,0,0,1
1,0,1,55.0,22,1,0,0,21,0,0,2,2,0,2,2,3,2,1,0,0,1,0
1,0,2,30.0,22,1,0,0,21,0,0,2,2,0,2,2,3,2,1,1,0,0,0
1,0,0,80.0,18,4,1,0,21,0,0,2,2,0,2,2,3,2,1,0,0,1,1
1,3,0,30.0,18,0,1,0,21,0,0,2,2,0,2,2,3,2,1,1,1,0,1
1,3,0,30.0,22,0,0,0,21,0,0,2,2,0,2,2,3,2,1,1,0,1,1
1,3,1,55.0,18,2,1,0,21,0,0,2,2,0,2,2,3,2,1,0,0,1,1
2,0,1,55.0,7,2,1,0,21,0,0,2,2,0,2,2,3,2,1,0,0,0,1
2,0,2,30.0,7,1,1,0,21,0,0,2,2,0,2,2,3,2,1,0,0,1,1
2,0,2,30.0,7,3,1,0,21,0,0,2,2,0,2,2,3,2,1,1,1,0,1
2,0,0,80.0,7,4,0,0,21,0,0,2,2,0,2,2,3,2,1,0,0,1,0
0,2,0,30.0,22,4,0,1,31,2,1,4,9,75000,2,0,1,1,1,0,0,0,0
0,2,2,30.0,18,3,1,1,31,2,1,4,9,75000,2,0,1,1,1,0,0,0,0
0,1,0,80.0,18,0,0,1,31,2,1,4,9,75000,2,0,1,1,1,0,0,0,1
0,1,0,80.0,22,3,1,1,31,2,1,4,9,75000,2,0,1,1,1,1,0,0,1
0,1,0,55.0,22,3,0,1,31,2,1,4,9,75000,2,0,1,1,1,1,0,0,1
0,1,0,30.0,10,2,0,1,31,2,1,4,9,75000,2,0,1,1,1,0,0,0,0
0,1,2,30.0,14,0,1,1,31,2,1,4,9,75000,2,0,1,1,1,0,0,0,1
0,0,1,55.0,10,3,1,1,31,2,1,4,9,75000,2,0,1,1,1,1,0,0,0
0,0,0,80.0,10,0,0,1,31,2,1,4,9,75000,2,0,1,1,1,0,0,0,1
0,2,0,55.0,18,0,0,1,31,2,1,4,9,75000,2,0,1,1,1,1,0,0,0
1,2,0,55.0,22,4,1,1,31,2,1,4,9,75000,2,0,1,1,1,1,0,1,1
1,2,0,55.0,22,4,0,1,31,2,1,4,9,75000,2,0,1,1,1,1,0,0,0
1,3,0,30.0,22,3,0,1,31,2,1,4,9,75000,2,0,1,1,1,1,1,0,0
1,0,0,80.0,18,2,0,1,31,2,1,4,9,75000,2,0,1,1,1,1,0,1,0
1,0,0,30.0,18,2,1,1,31,2,1,4,9,75000,2,0,1,1,1,0,0,0,1
1,0,1,55.0,22,1,0,1,31,2,1,4,9,75000,2,0,1,1,1,0,0,1,0
1,0,2,30.0,22,1,0,1,31,2,1,4,9,75000,2,0,1,1,1,1,0,0,0
1,0,0,80.0,18,4,1,1,31,2,1,4,9,75000,2,0,1,1,1,0,0,1,1
2,0,1,55.0,7,2,1,1,31,2,1,4,9,75000,2,0,1,1,1,0,0,0,0
2,0,2,30.0,7,1,1,1,31,2,1,4,9,75000,2,0,1,1,1,0,0,1,0
2,0,2,30.0,7,3,1,1,31,2,1,4,9,75000,2,0,1,1,1,1,1,0,1
2,0,0,80.0,7,4,0,1,31,2,1,4,9,75000,2,0,1,1,1,0,0,1,0
0,2,0,30.0,22,4,0,0,31,2,1,4,2,37500,0,1,4,3,1,0,0,0,0
0,2,2,30.0,18,3,1,0,31,2,1,4,2,37500,0,1,4,3,1,0,0,0,0
0,1,0,80.0,18,0,0,0,31,2,1,4,2,37500,0,1,4,3,1,0,0,0,0
0,1,0,80.0,22,3,1,0,31,2,1,4,2,37500,0,1,4,3,1,1,0,0,0
0,1,0,55.0,22,3,0,0,31,2,1,4,2,37500,0,1,4,3,1,1,0,0,0
0,1,0,30.0,10,2,0,0,31,2,1,4,2,37500,0,1,4,3,1,0,0,0,1
0,1,2,30.0,14,0,1,0,31,2,1,4,2,37500,0,1,4,3,1,0,0,0,1
0,0,1,55.0,10,3,1,0,31,2,1,4,2,37500,0,1,4,3,1,1,0,0,0
0,0,0,80.0,10,0,0,0,31,2,1,4,2,37500,0,1,4,3,1,0,0,0,1
0,2,0,55.0,18,0,0,0,31,2,1,4,2,37500,0,1,4,3,1,1,0,0,1
1,2,0,55.0,22,4,1,0,31,2,1,4,2,37500,0,1,4,3,1,1,0,1,1
1,2,0,55.0,22,4,0,0,31,2,1,4,2,37500,0,1,4,3,1,1,0,0,0
1,3,0,80.0,22,3,0,0,31,2,1,4,2,37500,0,1,4,3,1,1,1,0,0
1,0,0,80.0,18,2,0,0,31,2,1,4,2,37500,0,1,4,3,1,1,0,1,1
1,0,0,30.0,18,2,1,0,31,2,1,4,2,37500,0,1,4,3,1,0,0,0,1
1,0,1,55.0,22,1,0,0,31,2,1,4,2,37500,0,1,4,3,1,0,0,1,1
1,0,2,30.0,22,1,0,0,31,2,1,4,2,37500,0,1,4,3,1,1,0,0,1
1,0,0,80.0,18,4,1,0,31,2,1,4,2,37500,0,1,4,3,1,0,0,1,1
2,0,1,55.0,7,2,1,0,31,2,1,4,2,37500,0,1,4,3,1,0,0,0,1
2,0,2,30.0,7,1,1,0,31,2,1,4,2,37500,0,1,4,3,1,0,0,1,1
2,0,2,30.0,7,3,1,0,31,2,1,4,2,37500,0,1,4,3,1,1,1,0,0
2,0,0,80.0,7,4,0,0,31,2,1,4,2,37500,0,1,4,3,1,0,0,1,0
0,1,0,80.0,18,0,0,1,21,1,0,2,2,100000,1,2,2,1,1,0,0,0,0
0,1,0,80.0,22,3,1,1,21,1,0,2,2,100000,1,2,2,1,1,1,0,0,1
0,1,0,55.0,22,3,0,1,21,1,0,2,2,100000,1,2,2,1,1,1,0,0,1
0,1,0,30.0,10,2,0,1,21,1,0,2,2,100000,1,2,2,1,1,0,0,0,1
0,1,2,30.0,14,0,1,1,21,1,0,2,2,100000,1,2,2,1,1,0,0,0,1
0,0,1,55.0,10,3,1,1,21,1,0,2,2,100000,1,2,2,1,1,1,0,0,1
0,0,1,55.0,14,2,0,1,21,1,0,2,2,100000,1,2,2,1,1,0,0,0,1
0,0,0,80.0,10,0,0,1,21,1,0,2,2,100000,1,2,2,1,1,0,0,0,0
0,0,2,30.0,10,0,1,1,21,1,0,2,2,100000,1,2,2,1,1,1,0,0,1
1,0,0,80.0,18,2,0,1,21,1,0,2,2,100000,1,2,2,1,1,1,0,1,1
1,0,0,30.0,18,2,1,1,21,1,0,2,2,100000,1,2,2,1,1,0,0,0,0
1,0,1,55.0,22,1,0,1,21,1,0,2,2,100000,1,2,2,1,1,0,0,1,1
1,0,2,30.0,22,1,0,1,21,1,0,2,2,100000,1,2,2,1,1,1,0,0,0
1,0,2,30.0,22,2,1,1,21,1,0,2,2,100000,1,2,2,1,1,1,1,0,1
1,0,0,80.0,18,4,1,1,21,1,0,2,2,100000,1,2,2,1,1,0,0,1,1
1,0,0,80.0,22,4,1,1,21,1,0,2,2,100000,1,2,2,1,1,0,0,0,1
2,0,1,55.0,7,0,0,1,21,1,0,2,2,100000,1,2,2,1,1,0,0,1,0
2,0,1,55.0,7,2,1,1,21,1,0,2,2,100000,1,2,2,1,1,0,0,0,0
2,0,2,30.0,7,1,1,1,21,1,0,2,2,100000,1,2,2,1,1,0,0,1,1
2,0,2,30.0,7,0,1,1,21,1,0,2,2,100000,1,2,2,1,1,1,0,0,0
2,0,2,30.0,7,3,1,1,21,1,0,2,2,100000,1,2,2,1,1,1,1,0,1
2,0,0,80.0,7,4,0,1,21,1,0,2,2,100000,1,2,2,1,1,0,0,1,1
0,1,0,80.0,18,0,0,0,36,1,0,1,21,12500,1,1,2,1,1,0,0,0,1
0,1,0,80.0,22,3,1,0,36,1,0,1,21,12500,1,1,2,1,1,1,0,0,1
0,1,0,55.0,22,3,0,0,36,1,0,1,21,12500,1,1,2,1,1,1,0,0,1
0,1,0,30.0,10,2,0,0,36,1,0,1,21,12500,1,1,2,1,1,0,0,0,1
0,1,2,30.0,14,0,1,0,36,1,0,1,21,12500,1,1,2,1,1,0,0,0,1
0,0,1,55.0,10,3,1,0,36,1,0,1,21,12500,1,1,2,1,1,1,0,0,0
0,0,1,55.0,14,2,0,0,36,1,0,1,21,12500,1,1,2,1,1,0,0,0,1
0,0,0,80.0,10,0,0,0,36,1,0,1,21,12500,1,1,2,1,1,0,0,0,1
0,0,2,30.0,10,0,1,0,36,1,0,1,21,12500,1,1,2,1,1,1,0,0,1
1,0,0,80.0,18,2,0,0,36,1,0,1,21,12500,1,1,2,1,1,1,0,1,1
1,0,0,30.0,18,2,1,0,36,1,0,1,21,12500,1,1,2,1,1,0,0,0,1
1,0,1,55.0,22,1,0,0,36,1,0,1,21,12500,1,1,2,1,1,0,0,1,0
1,0,2,30.0,22,1,0,0,36,1,0,1,21,12500,1,1,2,1,1,1,0,0,0
1,0,2,30.0,22,2,1,0,36,1,0,1,21,12500,1,1,2,1,1,1,1,0,1
1,0,0,80.0,18,4,1,0,36,1,0,1,21,12500,1,1,2,1,1,0,0,1,1
1,0,0,80.0,22,4,1,0,36,1,0,1,21,12500,1,1,2,1,1,0,0,0,0
2,0,1,55.0,7,0,0,0,36,1,0,1,21,12500,1,1,2,1,1,0,0,1,0
2,0,1,55.0,7,2,1,0,36,1,0,1,21,12500,1,1,2,1,1,0,0,0,0
2,0,2,80.0,7,1,1,0,36,1,0,1,21,12500,1,1,2,1,1,0,0,1,1
2,0,2,30.0,7,0,1,0,36,1,0,1,21,12500,1,1,2,1,1,1,0,0,0
2,0,2,30.0,7,3,1,0,36,1,0,1,21,12500,1,1,2,1,1,1,1,0,0
2,0,0,80.0,7,4,0,0,36,1,0,1,21,12500,1,1,2,1,1,0,0,1,0
0,1,0,80.0,18,0,0,0,26,1,0,4,0,25000,2,0,2,3,2,0,0,0,1
0,1,0,80.0,22,3,1,0,26,1,0,4,0,25000,2,0,2,3,2,1,0,0,1
0,1,0,55.0,22,3,0,0,26,1,0,4,0,25000,2,0,2,3,2,1,0,0,1
0,1,0,30.0,10,2,0,0,26,1,0,4,0,25000,2,0,2,3,2,0,0,0,1
0,1,2,30.0,14,0,1,0,26,1,0,4,0,25000,2,0,2,3,2,0,0,0,1
0,0,1,55.0,10,3,1,0,26,1,0,4,0,25000,2,0,2,3,2,1,0,0,1
0,0,1,55.0,14,2,0,0,26,1,0,4,0,25000,2,0,2,3,2,0,0,0,1
0,0,0,80.0,10,0,0,0,26,1,0,4,0,25000,2,0,2,3,2,0,0,0,1
0,0,2,30.0,10,0,1,0,26,1,0,4,0,25000,2,0,2,3,2,1,0,0,0
1,0,0,80.0,18,2,0,0,26,1,0,4,0,25000,2,0,2,3,2,1,0,1,1
1,0,0,30.0,18,2,1,0,26,1,0,4,0,25000,2,0,2,3,2,0,0,0,1
1,0,1,55.0,22,1,0,0,26,1,0,4,0,25000,2,0,2,3,2,0,0,1,0
1,0,2,30.0,22,1,0,0,26,1,0,4,0,25000,2,0,2,3,2,1,0,0,0
1,0,2,30.0,22,2,1,0,26,1,0,4,0,25000,2,0,2,3,2,1,1,0,1
1,0,0,80.0,18,4,1,0,26,1,0,4,0,25000,2,0,2,3,2,0,0,1,1
1,0,0,80.0,22,4,1,0,26,1,0,4,0,25000,2,0,2,3,2,0,0,0,1
2,0,1,55.0,7,0,0,0,26,1,0,4,0,25000,2,0,2,3,2,0,0,1,0
2,0,1,55.0,7,2,1,0,26,1,0,4,0,25000,2,0,2,3,2,0,0,0,1
2,0,2,30.0,7,1,1,0,26,1,0,4,0,25000,2,0,2,3,2,0,0,1,0
2,0,2,30.0,7,0,1,0,26,1,0,4,0,25000,2,0,2,3,2,1,0,0,0
2,0,2,30.0,7,3,1,0,26,1,0,4,0,25000,2,0,2,3,2,1,1,0,1
2,0,0,80.0,7,4,0,0,26,1,0,4,0,25000,2,0,2,3,2,0,0,1,0
0,1,0,80.0,18,0,0,1,46,1,0,2,6,0,2,2,3,3,3,0,0,0,1
0,1,0,80.0,22,3,1,1,46,1,0,2,6,0,2,2,3,3,3,1,0,0,0
0,1,0,55.0,22,3,0,1,46,1,0,2,6,0,2,2,3,3,3,1,0,0,0
0,1,0,30.0,10,2,0,1,46,1,0,2,6,0,2,2,3,3,3,0,0,0,1
0,1,2,30.0,14,0,1,1,46,1,0,2,6,0,2,2,3,3,3,0,0,0,1
0,0,1,55.0,10,3,1,1,46,1,0,2,6,0,2,2,3,3,3,1,0,0,1
0,0,1,55.0,14,2,0,1,46,1,0,2,6,0,2,2,3,3,3,0,0,0,0
0,0,0,80.0,10,0,0,1,46,1,0,2,6,0,2,2,3,3,3,0,0,0,1
0,0,2,30.0,10,0,1,1,46,1,0,2,6,0,2,2,3,3,3,1,0,0,1
1,0,0,80.0,18,2,0,1,46,1,0,2,6,0,2,2,3,3,3,1,0,1,1
1,0,0,30.0,18,2,1,1,46,1,0,2,6,0,2,2,3,3,3,0,0,0,1
1,0,1,55.0,22,1,0,1,46,1,0,2,6,0,2,2,3,3,3,0,0,1,1
1,0,2,30.0,22,1,0,1,46,1,0,2,6,0,2,2,3,3,3,1,0,0,0
1,0,2,30.0,22,2,1,1,46,1,0,2,6,0,2,2,3,3,3,1,1,0,1
1,0,0,80.0,18,4,1,1,46,1,0,2,6,0,2,2,3,3,3,0,0,1,0
1,0,0,80.0,22,4,1,1,46,1,0,2,6,0,2,2,3,3,3,0,0,0,1
2,0,1,55.0,7,0,0,1,46,1,0,2,6,0,2,2,3,3,3,0,0,1,1
2,0,1,55.0,7,2,1,1,46,1,0,2,6,0,2,2,3,3,3,0,0,0,0
2,0,2,30.0,7,1,1,1,46,1,0,2,6,0,2,2,3,3,3,0,0,1,1
2,0,2,30.0,7,0,1,1,46,1,0,2,6,0,2,2,3,3,3,1,0,0,1
2,0,2,30.0,7,3,1,1,46,1,0,2,6,0,2,2,3,3,3,1,1,0,1
2,0,0,80.0,7,4,0,1,46,1,0,2,6,0,2,2,3,3,3,0,0,1,1
0,2,0,30.0,22,4,0,0,36,2,1,2,0,0,0,0,3,1,1,0,0,0,0
0,2,2,30.0,18,3,1,0,36,2,1,2,0,0,0,0,3,1,1,0,0,0,0
0,1,0,80.0,18,0,0,0,36,2,1,2,0,0,0,0,3,1,1,0,0,0,0
0,1,0,80.0,22,3,1,0,36,2,1,2,0,0,0,0,3,1,1,1,0,0,0
0,1,0,55.0,22,3,0,0,36,2,1,2,0,0,0,0,3,1,1,1,0,0,0
0,1,0,30.0,10,2,0,0,36,2,1,2,0,0,0,0,3,1,1,0,0,0,1
0,1,2,30.0,14,0,1,0,36,2,1,2,0,0,0,0,3,1,1,0,0,0,1
0,0,1,55.0,10,3,1,0,36,2,1,2,0,0,0,0,3,1,1,1,0,0,0
0,0,0,80.0,10,0,0,0,36,2,1,2,0,0,0,0,3,1,1,0,0,0,1
0,2,0,55.0,18,0,0,0,36,2,1,2,0,0,0,0,3,1,1,1,0,0,1
1,2,0,55.0,22,4,1,0,36,2,1,2,0,0,0,0,3,1,1,1,0,1,0
1,2,0,55.0,22,4,0,0,36,2,1,2,0,0,0,0,3,1,1,1,0,0,0
1,3,0,30.0,22,3,0,0,36,2,1,2,0,0,0,0,3,1,1,1,1,0,0
1,0,0,80.0,18,2,0,0,36,2,1,2,0,0,0,0,3,1,1,1,0,1,1
1,0,0,30.0,18,2,1,0,36,2,1,2,0,0,0,0,3,1,1,0,0,0,1
1,0,1,55.0,22,1,0,0,36,2,1,2,0,0,0,0,3,1,1,0,0,1,0
1,0,2,30.0,22,1,0,0,36,2,1,2,0,0,0,0,3,1,1,1,0,0,0
1,0,0,80.0,18,4,1,0,36,2,1,2,0,0,0,0,3,1,1,0,0,1,0
2,0,1,55.0,7,2,1,0,36,2,1,2,0,0,0,0,3,1,1,0,0,0,1
2,0,2,30.0,7,1,1,0,36,2,1,2,0,0,0,0,3,1,1,0,0,1,1
2,0,2,30.0,7,3,1,0,36,2,1,2,0,0,0,0,3,1,1,1,1,0,0
2,0,0,80.0,7,4,0,0,36,2,1,2,0,0,0,0,3,1,1,0,0,1,0
0,1,0,80.0,18,0,0,1,51,3,1,2,22,37500,2,3,3,4,3,0,0,0,1
0,1,0,80.0,22,3,1,1,51,3,1,2,22,37500,2,3,3,4,3,1,0,0,1
0,1,0,55.0,22,3,0,1,51,3,1,2,22,37500,2,3,3,4,3,1,0,0,1
0,1,0,30.0,10,2,0,1,51,3,1,2,22,37500,2,3,3,4,3,0,0,0,1
0,1,2,30.0,14,0,1,1,51,3,1,2,22,37500,2,3,3,4,3,0,0,0,1
0,0,1,55.0,10,3,1,1,51,3,1,2,22,37500,2,3,3,4,3,1,0,0,1
0,0,1,55.0,14,2,0,1,51,3,1,2,22,37500,2,3,3,4,3,0,0,0,1
0,0,0,80.0,10,0,0,1,51,3,1,2,22,37500,2,3,3,4,3,0,0,0,1
0,0,2,30.0,10,0,1,1,51,3,1,2,22,37500,2,3,3,4,3,1,0,0,1
1,0,0,80.0,18,2,0,1,51,3,1,2,22,37500,2,3,3,4,3,1,0,1,1
1,0,0,30.0,18,2,1,1,51,3,1,2,22,37500,2,3,3,4,3,0,0,0,1
1,0,1,55.0,22,1,0,1,51,3,1,2,22,37500,2,3,3,4,3,0,0,1,1
1,0,2,30.0,22,1,0,1,51,3,1,2,22,37500,2,3,3,4,3,1,0,0,1
1,0,2,30.0,22,2,1,1,51,3,1,2,22,37500,2,3,3,4,3,1,1,0,1
1,0,0,80.0,18,4,1,1,51,3,1,2,22,37500,2,3,3,4,3,0,0,1,1
1,0,0,80.0,22,4,1,1,51,3,1,2,22,37500,2,3,3,4,3,0,0,0,1
2,0,1,55.0,7,0,0,1,51,3,1,2,22,37500,2,3,3,4,3,0,0,1,1
2,0,1,55.0,7,2,1,1,51,3,1,2,22,37500,2,3,3,4,3,0,0,0,1
2,0,2,30.0,7,1,1,1,51,3,1,2,22,37500,2,3,3,4,3,0,0,1,1
2,0,2,30.0,7,0,1,1,51,3,1,2,22,37500,2,3,3,4,3,1,0,0,1
2,0,2,30.0,7,3,1,1,51,3,1,2,22,37500,2,3,3,4,3,1,1,0,1
2,0,0,80.0,7,4,0,1,51,3,1,2,22,37500,2,3,3,4,3,0,0,1,1
0,1,0,80.0,18,0,0,1,21,1,0,2,9,0,0,3,3,3,0,0,0,0,1
0,1,0,80.0,22,3,1,1,21,1,0,2,9,0,0,3,3,3,0,1,0,0,0
0,1,0,55.0,22,3,0,1,21,1,0,2,9,0,0,3,3,3,0,1,0,0,0
0,1,0,30.0,10,2,0,1,21,1,0,2,9,0,0,3,3,3,0,0,0,0,1
0,1,2,30.0,14,0,1,1,21,1,0,2,9,0,0,3,3,3,0,0,0,0,1
0,0,1,55.0,10,3,1,1,21,1,0,2,9,0,0,3,3,3,0,1,0,0,0
0,0,1,55.0,14,2,0,1,21,1,0,2,9,0,0,3,3,3,0,0,0,0,1
0,0,0,80.0,10,0,0,1,21,1,0,2,9,0,0,3,3,3,0,0,0,0,1
0,0,2,80.0,10,0,1,1,21,1,0,2,9,0,0,3,3,3,0,1,0,0,1
1,0,0,80.0,18,2,0,1,21,1,0,2,9,0,0,3,3,3,0,1,0,1,1
1,0,0,30.0,18,2,1,1,21,1,0,2,9,0,0,3,3,3,0,0,0,0,1
1,0,1,55.0,22,1,0,1,21,1,0,2,9,0,0,3,3,3,0,0,0,1,1
1,0,2,30.0,22,1,0,1,21,1,0,2,9,0,0,3,3,3,0,1,0,0,1
1,0,2,30.0,22,2,1,1,21,1,0,2,9,0,0,3,3,3,0,1,1,0,1
1,0,0,80.0,18,4,1,1,21,1,0,2,9,0,0,3,3,3,0,0,0,1,1
1,0,0,80.0,22,4,1,1,21,1,0,2,9,0,0,3,3,3,0,0,0,0,1
2,0,1,55.0,7,0,0,1,21,1,0,2,9,0,0,3,3,3,0,0,0,1,0
2,0,1,55.0,7,2,1,1,21,1,0,2,9,0,0,3,3,3,0,0,0,0,1
2,0,2,30.0,7,1,1,1,21,1,0,2,9,0,0,3,3,3,0,0,0,1,1
2,0,2,30.0,7,0,1,1,21,1,0,2,9,0,0,3,3,3,0,1,0,0,0
2,0,2,30.0,7,3,1,1,21,1,0,2,9,0,0,3,3,3,0,1,1,0,0
2,0,0,80.0,7,4,0,1,21,1,0,2,9,0,0,3,3,3,0,0,0,1,0
0,1,0,80.0,18,0,0,1,51,1,0,4,7,100000,2,3,3,2,1,0,0,0,1
0,1,0,80.0,22,3,1,1,51,1,0,4,7,100000,2,3,3,2,1,1,0,0,1
0,1,0,55.0,22,3,0,1,51,1,0,4,7,100000,2,3,3,2,1,1,0,0,1
0,1,0,30.0,10,2,0,1,51,1,0,4,7,100000,2,3,3,2,1,0,0,0,1
0,1,2,30.0,14,0,1,1,51,1,0,4,7,100000,2,3,3,2,1,0,0,0,1
0,0,1,55.0,10,3,1,1,51,1,0,4,7,100000,2,3,3,2,1,1,0,0,1
0,0,1,55.0,14,2,0,1,51,1,0,4,7,100000,2,3,3,2,1,0,0,0,1
0,0,0,80.0,10,0,0,1,51,1,0,4,7,100000,2,3,3,2,1,0,0,0,1
0,0,2,30.0,10,0,1,1,51,1,0,4,7,100000,2,3,3,2,1,1,0,0,1
1,0,0,80.0,18,2,0,1,51,1,0,4,7,100000,2,3,3,2,1,1,0,1,1
1,0,0,30.0,18,2,1,1,51,1,0,4,7,100000,2,3,3,2,1,0,0,0,1
1,0,1,55.0,22,1,0,1,51,1,0,4,7,100000,2,3,3,2,1,0,0,1,0
1,0,2,30.0,22,1,0,1,51,1,0,4,7,100000,2,3,3,2,1,1,0,0,0
1,0,2,30.0,22,2,1,1,51,1,0,4,7,100000,2,3,3,2,1,1,1,0,1
1,0,0,80.0,18,4,1,1,51,1,0,4,7,100000,2,3,3,2,1,0,0,1,1
1,0,0,80.0,22,4,1,1,51,1,0,4,7,100000,2,3,3,2,1,0,0,0,1
2,0,1,55.0,7,0,0,1,51,1,0,4,7,100000,2,3,3,2,1,0,0,1,1
2,0,1,55.0,7,2,1,1,51,1,0,4,7,100000,2,3,3,2,1,0,0,0,1
2,0,2,30.0,7,1,1,1,51,1,0,4,7,100000,2,3,3,2,1,0,0,1,1
2,0,2,30.0,7,0,1,1,51,1,0,4,7,100000,2,3,3,2,1,1,0,0,1
2,0,2,30.0,7,3,1,1,51,1,0,4,7,100000,2,3,3,2,1,1,1,0,1
2,0,0,80.0,7,4,0,1,51,1,0,4,7,100000,2,3,3,2,1,0,0,1,0
0,2,0,30.0,22,4,0,0,41,2,1,5,9,75000,1,3,4,2,1,0,0,0,0
0,2,2,30.0,18,3,1,0,41,2,1,5,9,75000,1,3,4,2,1,0,0,0,0
0,1,0,80.0,18,0,0,0,41,2,1,5,9,75000,1,3,4,2,1,0,0,0,1
0,1,0,80.0,22,3,1,0,41,2,1,5,9,75000,1,3,4,2,1,1,0,0,0
0,1,0,55.0,22,3,0,0,41,2,1,5,9,75000,1,3,4,2,1,1,0,0,0
0,1,0,30.0,10,2,0,0,41,2,1,5,9,75000,1,3,4,2,1,0,0,0,1
0,1,2,30.0,14,0,1,0,41,2,1,5,9,75000,1,3,4,2,1,0,0,0,0
0,0,1,55.0,10,3,1,0,41,2,1,5,9,75000,1,3,4,2,1,1,0,0,0
0,0,0,80.0,10,0,0,0,41,2,1,5,9,75000,1,3,4,2,1,0,0,0,1
0,2,0,55.0,18,0,0,0,41,2,1,5,9,75000,1,3,4,2,1,1,0,0,1
1,2,0,55.0,22,4,1,0,41,2,1,5,9,75000,1,3,4,2,1,1,0,1,0
1,2,0,55.0,22,4,0,0,41,2,1,5,9,75000,1,3,4,2,1,1,0,0,0
1,3,0,30.0,22,3,0,0,41,2,1,5,9,75000,1,3,4,2,1,1,1,0,1
1,0,0,80.0,18,2,0,0,41,2,1,5,9,75000,1,3,4,2,1,1,0,1,1
1,0,0,80.0,18,2,1,0,41,2,1,5,9,75000,1,3,4,2,1,0,0,0,1
1,0,1,55.0,22,1,0,0,41,2,1,5,9,75000,1,3,4,2,1,0,0,1,0
1,0,2,30.0,22,1,0,0,41,2,1,5,9,75000,1,3,4,2,1,1,0,0,0
1,0,0,80.0,18,4,1,0,41,2,1,5,9,75000,1,3,4,2,1,0,0,1,1
2,0,1,55.0,7,2,1,0,41,2,1,5,9,75000,1,3,4,2,1,0,0,0,1
2,0,2,30.0,7,1,1,0,41,2,1,5,9,75000,1,3,4,2,1,0,0,1,0
2,0,2,30.0,7,3,1,0,41,2,1,5,9,75000,1,3,4,2,1,1,1,0,0
2,0,0,80.0,7,4,0,0,41,2,1,5,9,75000,1,3,4,2,1,0,0,1,0
0,1,0,80.0,18,0,0,0,16,0,1,2,3,37500,0,4,4,4,1,0,0,0,0
0,1,0,80.0,22,3,1,0,16,0,1,2,3,37500,0,4,4,4,1,1,0,0,0
0,1,0,55.0,22,3,0,0,16,0,1,2,3,37500,0,4,4,4,1,1,0,0,0
0,1,0,30.0,10,2,0,0,16,0,1,2,3,37500,0,4,4,4,1,0,0,0,0
0,1,2,30.0,14,0,1,0,16,0,1,2,3,37500,0,4,4,4,1,0,0,0,1
0,0,1,55.0,10,3,1,0,16,0,1,2,3,37500,0,4,4,4,1,1,0,0,0
0,0,1,55.0,14,2,0,0,16,0,1,2,3,37500,0,4,4,4,1,0,0,0,0
0,0,0,80.0,10,0,0,0,16,0,1,2,3,37500,0,4,4,4,1,0,0,0,0
0,0,2,30.0,10,0,1,0,16,0,1,2,3,37500,0,4,4,4,1,1,0,0,0
1,0,0,80.0,18,2,0,0,16,0,1,2,3,37500,0,4,4,4,1,1,0,1,1
1,0,0,30.0,18,2,1,0,16,0,1,2,3,37500,0,4,4,4,1,0,0,0,1
1,0,1,55.0,22,1,0,0,16,0,1,2,3,37500,0,4,4,4,1,0,0,1,0
1,0,2,30.0,22,1,0,0,16,0,1,2,3,37500,0,4,4,4,1,1,0,0,0
1,0,2,30.0,22,2,1,0,16,0,1,2,3,37500,0,4,4,4,1,1,1,0,1
1,0,0,80.0,18,4,1,0,16,0,1,2,3,37500,0,4,4,4,1,0,0,1,1
1,0,0,80.0,22,4,1,0,16,0,1,2,3,37500,0,4,4,4,1,0,0,0,1
2,0,1,55.0,7,0,0,0,16,0,1,2,3,37500,0,4,4,4,1,0,0,1,0
2,0,1,55.0,7,2,1,0,16,0,1,2,3,37500,0,4,4,4,1,0,0,0,1
2,0,2,30.0,7,1,1,0,16,0,1,2,3,37500,0,4,4,4,1,0,0,1,1
2,0,2,30.0,7,0,1,0,16,0,1,2,3,37500,0,4,4,4,1,1,0,0,0
2,0,2,30.0,7,3,1,0,16,0,1,2,3,37500,0,4,4,4,1,1,1,0,1
2,0,0,80.0,7,4,0,0,16,0,1,2,3,37500,0,4,4,4,1,0,0,1,1
0,1,0,80.0,18,0,0,1,26,1,0,4,2,12500,1,4,4,4,1,0,0,0,1
0,1,0,80.0,22,3,1,1,26,1,0,4,2,12500,1,4,4,4,1,1,0,0,1
0,1,0,55.0,22,3,0,1,26,1,0,4,2,12500,1,4,4,4,1,1,0,0,1
0,1,0,30.0,10,2,0,1,26,1,0,4,2,12500,1,4,4,4,1,0,0,0,1
0,1,2,30.0,14,0,1,1,26,1,0,4,2,12500,1,4,4,4,1,0,0,0,1
0,0,1,55.0,10,3,1,1,26,1,0,4,2,12500,1,4,4,4,1,1,0,0,1
0,0,1,55.0,14,2,0,1,26,1,0,4,2,12500,1,4,4,4,1,0,0,0,1
0,0,0,80.0,10,0,0,1,26,1,0,4,2,12500,1,4,4,4,1,0,0,0,1
0,0,2,30.0,10,0,1,1,26,1,0,4,2,12500,1,4,4,4,1,1,0,0,1
1,0,0,80.0,18,2,0,1,26,1,0,4,2,12500,1,4,4,4,1,1,0,1,1
1,0,0,30.0,18,2,1,1,26,1,0,4,2,12500,1,4,4,4,1,0,0,0,1
1,0,1,55.0,22,1,0,1,26,1,0,4,2,12500,1,4,4,4,1,0,0,1,0
1,0,2,30.0,22,1,0,1,26,1,0,4,2,12500,1,4,4,4,1,1,0,0,0
1,0,2,30.0,22,2,1,1,26,1,0,4,2,12500,1,4,4,4,1,1,1,0,0
1,0,0,80.0,18,4,1,1,26,1,0,4,2,12500,1,4,4,4,1,0,0,1,1
1,0,0,80.0,22,4,1,1,26,1,0,4,2,12500,1,4,4,4,1,0,0,0,0
2,0,1,55.0,7,0,0,1,26,1,0,4,2,12500,1,4,4,4,1,0,0,1,1
2,0,1,55.0,7,2,1,1,26,1,0,4,2,12500,1,4,4,4,1,0,0,0,1
2,0,2,30.0,7,1,1,1,26,1,0,4,2,12500,1,4,4,4,1,0,0,1,1
2,0,2,30.0,7,0,1,1,26,1,0,4,2,12500,1,4,4,4,1,1,0,0,1
2,0,2,80.0,7,3,1,1,26,1,0,4,2,12500,1,4,4,4,1,1,1,0,1
2,0,0,80.0,7,4,0,1,26,1,0,4,2,12500,1,4,4,4,1,0,0,1,0
0,1,0,80.0,18,0,0,1,16,0,0,2,2,25000,0,0,2,1,0,0,0,0,0
0,1,0,80.0,22,3,1,1,16,0,0,2,2,25000,0,0,2,1,0,1,0,0,0
0,1,0,55.0,22,3,0,1,16,0,0,2,2,25000,0,0,2,1,0,1,0,0,0
0,1,0,30.0,10,2,0,1,16,0,0,2,2,25000,0,0,2,1,0,0,0,0,0
0,1,2,30.0,14,0,1,1,16,0,0,2,2,25000,0,0,2,1,0,0,0,0,0
0,0,1,55.0,10,3,1,1,16,0,0,2,2,25000,0,0,2,1,0,1,0,0,0
0,0,0,80.0,10,0,0,1,16,0,0,2,2,25000,0,0,2,1,0,0,0,0,1
0,3,0,30.0,10,4,1,1,16,0,0,2,2,25000,0,0,2,1,0,0,0,0,0
0,3,1,55.0,18,3,0,1,16,0,0,2,2,25000,0,0,2,1,0,1,0,0,0
0,3,2,30.0,10,0,1,1,16,0,0,2,2,25000,0,0,2,1,0,0,0,0,1
1,0,0,80.0,18,2,0,1,16,0,0,2,2,25000,0,0,2,1,0,1,0,1,0
1,0,0,30.0,18,2,1,1,16,0,0,2,2,25000,0,0,2,1,0,0,0,0,0
1,0,1,55.0,22,1,0,1,16,0,0,2,2,25000,0,0,2,1,0,0,0,1,0
1,0,2,30.0,22,1,0,1,16,0,0,2,2,25000,0,0,2,1,0,1,0,0,0
1,0,0,80.0,18,4,1,1,16,0,0,2,2,25000,0,0,2,1,0,0,0,1,0
1,3,0,30.0,18,0,1,1,16,0,0,2,2,25000,0,0,2,1,0,1,1,0,1
1,3,0,30.0,22,0,0,1,16,0,0,2,2,25000,0,0,2,1,0,1,0,1,1
1,3,1,55.0,18,2,1,1,16,0,0,2,2,25000,0,0,2,1,0,0,0,1,0
2,0,1,55.0,7,2,1,1,16,0,0,2,2,25000,0,0,2,1,0,0,0,0,0
2,0,2,30.0,7,1,1,1,16,0,0,2,2,25000,0,0,2,1,0,0,0,1,0
2,0,2,30.0,7,3,1,1,16,0,0,2,2,25000,0,0,2,1,0,1,1,0,0
2,0,0,80.0,7,4,0,1,16,0,0,2,2,25000,0,0,2,1,0,0,0,1,0
0,2,0,30.0,22,4,0,0,36,2,1,4,0,87500,1,1,1,1,1,0,0,0,0
0,2,2,30.0,18,3,1,0,36,2,1,4,0,87500,1,1,1,1,1,0,0,0,0
0,1,0,80.0,18,0,0,0,36,2,1,4,0,87500,1,1,1,1,1,0,0,0,0
0,1,0,80.0,22,3,1,0,36,2,1,4,0,87500,1,1,1,1,1,1,0,0,0
0,1,0,55.0,22,3,0,0,36,2,1,4,0,87500,1,1,1,1,1,1,0,0,0
0,1,0,30.0,10,2,0,0,36,2,1,4,0,87500,1,1,1,1,1,0,0,0,0
0,1,2,30.0,14,0,1,0,36,2,1,4,0,87500,1,1,1,1,1,0,0,0,0
0,0,1,55.0,10,3,1,0,36,2,1,4,0,87500,1,1,1,1,1,1,0,0,0
0,0,0,80.0,10,0,0,0,36,2,1,4,0,87500,1,1,1,1,1,0,0,0,0
0,2,0,55.0,18,0,0,0,36,2,1,4,0,87500,1,1,1,1,1,1,0,0,0
1,2,0,55.0,22,4,1,0,36,2,1,4,0,87500,1,1,1,1,1,1,0,1,0
1,2,0,55.0,22,4,0,0,36,2,1,4,0,87500,1,1,1,1,1,1,0,0,0
1,3,0,30.0,22,3,0,0,36,2,1,4,0,87500,1,1,1,1,1,1,1,0,0
1,0,0,80.0,18,2,0,0,36,2,1,4,0,87500,1,1,1,1,1,1,0,1,0
1,0,0,30.0,18,2,1,0,36,2,1,4,0,87500,1,1,1,1,1,0,0,0,0
1,0,1,55.0,22,1,0,0,36,2,1,4,0,87500,1,1,1,1,1,0,0,1,0
1,0,2,30.0,22,1,0,0,36,2,1,4,0,87500,1,1,1,1,1,1,0,0,0
1,0,0,80.0,18,4,1,0,36,2,1,4,0,87500,1,1,1,1,1,0,0,1,0
2,0,1,55.0,7,2,1,0,36,2,1,4,0,87500,1,1,1,1,1,0,0,0,1
2,0,2,30.0,7,1,1,0,36,2,1,4,0,87500,1,1,1,1,1,0,0,1,1
2,0,2,30.0,7,3,1,0,36,2,1,4,0,87500,1,1,1,1,1,1,1,0,0
2,0,0,80.0,7,4,0,0,36,2,1,4,0,87500,1,1,1,1,1,0,0,1,0
0,1,0,80.0,18,0,0,1,31,1,0,2,18,50000,2,3,3,3,2,0,0,0,1
0,1,0,80.0,22,3,1,1,31,1,0,2,18,50000,2,3,3,3,2,1,0,0,1
0,1,0,55.0,22,3,0,1,31,1,0,2,18,50000,2,3,3,3,2,1,0,0,1
0,1,0,30.0,10,2,0,1,31,1,0,2,18,50000,2,3,3,3,2,0,0,0,1
0,1,2,80.0,14,0,1,1,31,1,0,2,18,50000,2,3,3,3,2,0,0,0,1
0,0,1,55.0,10,3,1,1,31,1,0,2,18,50000,2,3,3,3,2,1,0,0,1
0,0,1,55.0,14,2,0,1,31,1,0,2,18,50000,2,3,3,3,2,0,0,0,1
0,0,0,80.0,10,0,0,1,31,1,0,2,18,50000,2,3,3,3,2,0,0,0,1
0,0,2,30.0,10,0,1,1,31,1,0,2,18,50000,2,3,3,3,2,1,0,0,1
1,0,0,80.0,18,2,0,1,31,1,0,2,18,50000,2,3,3,3,2,1,0,1,1
1,0,0,30.0,18,2,1,1,31,1,0,2,18,50000,2,3,3,3,2,0,0,0,1
1,0,1,55.0,22,1,0,1,31,1,0,2,18,50000,2,3,3,3,2,0,0,1,1
1,0,2,30.0,22,1,0,1,31,1,0,2,18,50000,2,3,3,3,2,1,0,0,1
1,0,2,30.0,22,2,1,1,31,1,0,2,18,50000,2,3,3,3,2,1,1,0,1
1,0,0,80.0,18,4,1,1,31,1,0,2,18,50000,2,3,3,3,2,0,0,1,1
1,0,0,80.0,22,4,1,1,31,1,0,2,18,50000,2,3,3,3,2,0,0,0,1
2,0,1,55.0,7,0,0,1,31,1,0,2,18,50000,2,3,3,3,2,0,0,1,1
2,0,1,55.0,7,2,1,1,31,1,0,2,18,50000,2,3,3,3,2,0,0,0,1
2,0,2,30.0,7,1,1,1,31,1,0,2,18,50000,2,3,3,3,2,0,0,1,1
2,0,2,30.0,7,0,1,1,31,1,0,2,18,50000,2,3,3,3,2,1,0,0,1
2,0,2,30.0,7,3,1,1,31,1,0,2,18,50000,2,3,3,3,2,1,1,0,1
2,0,0,80.0,7,4,0,1,31,1,0,2,18,50000,2,3,3,3,2,0,0,1,1
0,1,0,80.0,18,0,0,1,21,1,0,4,2,25000,2,3,2,2,1,0,0,0,1
0,1,0,80.0,22,3,1,1,21,1,0,4,2,25000,2,3,2,2,1,1,0,0,1
0,1,0,55.0,22,3,0,1,21,1,0,4,2,25000,2,3,2,2,1,1,0,0,1
0,1,0,30.0,10,2,0,1,21,1,0,4,2,25000,2,3,2,2,1,0,0,0,1
0,1,2,30.0,14,0,1,1,21,1,0,4,2,25000,2,3,2,2,1,0,0,0,1
0,0,1,55.0,10,3,1,1,21,1,0,4,2,25000,2,3,2,2,1,1,0,0,0
0,0,1,55.0,14,2,0,1,21,1,0,4,2,25000,2,3,2,2,1,0,0,0,0
0,0,0,80.0,10,0,0,1,21,1,0,4,2,25000,2,3,2,2,1,0,0,0,1
0,0,2,30.0,10,0,1,1,21,1,0,4,2,25000,2,3,2,2,1,1,0,0,1
1,0,0,80.0,18,2,0,1,21,1,0,4,2,25000,2,3,2,2,1,1,0,1,1
1,0,0,30.0,18,2,1,1,21,1,0,4,2,25000,2,3,2,2,1,0,0,0,1
1,0,1,55.0,22,1,0,1,21,1,0,4,2,25000,2,3,2,2,1,0,0,1,0
1,0,2,30.0,22,1,0,1,21,1,0,4,2,25000,2,3,2,2,1,1,0,0,0
1,0,2,30.0,22,2,1,1,21,1,0,4,2,25000,2,3,2,2,1,1,1,0,1
1,0,0,80.0,18,4,1,1,21,1,0,4,2,25000,2,3,2,2,1,0,0,1,0
1,0,0,80.0,22,4,1,1,21,1,0,4,2,25000,2,3,2,2,1,0,0,0,0
2,0,1,55.0,7,0,0,1,21,1,0,4,2,25000,2,3,2,2,1,0,0,1,0
2,0,1,55.0,7,2,1,1,21,1,0,4,2,25000,2,3,2,2,1,0,0,0,0
2,0,2,30.0,7,1,1,1,21,1,0,4,2,25000,2,3,2,2,1,0,0,1,1
2,0,2,30.0,7,0,1,1,21,1,0,4,2,25000,2,3,2,2,1,1,0,0,0
2,0,2,30.0,7,3,1,1,21,1,0,4,2,25000,2,3,2,2,1,1,1,0,0
2,0,0,80.0,7,4,0,1,21,1,0,4,2,25000,2,3,2,2,1,0,0,1,1
0,1,0,80.0,18,0,0,1,36,0,0,4,3,62500,3,2,4,4,2,0,0,0,1
0,1,0,80.0,22,3,1,1,36,0,0,4,3,62500,3,2,4,4,2,1,0,0,0
0,1,0,55.0,22,3,0,1,36,0,0,4,3,62500,3,2,4,4,2,1,0,0,0
0,1,0,30.0,10,2,0,1,36,0,0,4,3,62500,3,2,4,4,2,0,0,0,1
0,1,2,30.0,14,0,1,1,36,0,0,4,3,62500,3,2,4,4,2,0,0,0,1
0,0,1,55.0,10,3,1,1,36,0,0,4,3,62500,3,2,4,4,2,1,0,0,0
0,0,0,80.0,10,0,0,1,36,0,0,4,3,62500,3,2,4,4,2,0,0,0,1
0,3,0,30.0,10,4,1,1,36,0,0,4,3,62500,3,2,4,4,2,0,0,0,0
0,3,1,55.0,18,3,0,1,36,0,0,4,3,62500,3,2,4,4,2,1,0,0,0
0,3,2,30.0,10,0,1,1,36,0,0,4,3,62500,3,2,4,4,2,0,0,0,1
1,0,0,80.0,18,2,0,1,36,0,0,4,3,62500,3,2,4,4,2,1,0,1,0
1,0,0,30.0,18,2,1,1,36,0,0,4,3,62500,3,2,4,4,2,0,0,0,1
1,0,1,55.0,22,1,0,1,36,0,0,4,3,62500,3,2,4,4,2,0,0,1,0
1,0,2,30.0,22,1,0,1,36,0,0,4,3,62500,3,2,4,4,2,1,0,0,0
1,0,0,80.0,18,4,1,1,36,0,0,4,3,62500,3,2,4,4,2,0,0,1,0
1,3,0,30.0,18,0,1,1,36,0,0,4,3,62500,3,2,4,4,2,1,1,0,1
1,3,0,30.0,22,0,0,1,36,0,0,4,3,62500,3,2,4,4,2,1,0,1,1
1,3,1,55.0,18,2,1,1,36,0,0,4,3,62500,3,2,4,4,2,0,0,1,1
2,0,1,55.0,7,2,1,1,36,0,0,4,3,62500,3,2,4,4,2,0,0,0,1
2,0,2,30.0,7,1,1,1,36,0,0,4,3,62500,3,2,4,4,2,0,0,1,1
2,0,2,30.0,7,3,1,1,36,0,0,4,3,62500,3,2,4,4,2,1,1,0,0
2,0,0,80.0,7,4,0,1,36,0,0,4,3,62500,3,2,4,4,2,0,0,1,0
0,1,0,80.0,18,0,0,0,51,1,1,4,21,12500,0,2,3,1,1,0,0,0,1
0,1,0,80.0,22,3,1,0,51,1,1,4,21,12500,0,2,3,1,1,1,0,0,0
0,1,0,55.0,22,3,0,0,51,1,1,4,21,12500,0,2,3,1,1,1,0,0,0
0,1,0,30.0,10,2,0,0,51,1,1,4,21,12500,0,2,3,1,1,0,0,0,1
0,1,2,30.0,14,0,1,0,51,1,1,4,21,12500,0,2,3,1,1,0,0,0,1
0,0,1,55.0,10,3,1,0,51,1,1,4,21,12500,0,2,3,1,1,1,0,0,0
0,0,1,55.0,14,2,0,0,51,1,1,4,21,12500,0,2,3,1,1,0,0,0,1
0,0,0,80.0,10,0,0,0,51,1,1,4,21,12500,0,2,3,1,1,0,0,0,1
0,0,2,30.0,10,0,1,0,51,1,1,4,21,12500,0,2,3,1,1,1,0,0,1
1,0,0,80.0,18,2,0,0,51,1,1,4,21,12500,0,2,3,1,1,1,0,1,1
1,0,0,30.0,18,2,1,0,51,1,1,4,21,12500,0,2,3,1,1,0,0,0,1
1,0,1,55.0,22,1,0,0,51,1,1,4,21,12500,0,2,3,1,1,0,0,1,1
1,0,2,30.0,22,1,0,0,51,1,1,4,21,12500,0,2,3,1,1,1,0,0,1
1,0,2,30.0,22,2,1,0,51,1,1,4,21,12500,0,2,3,1,1,1,1,0,1
1,0,0,80.0,18,4,1,0,51,1,1,4,21,12500,0,2,3,1,1,0,0,1,0
1,0,0,80.0,22,4,1,0,51,1,1,4,21,12500,0,2,3,1,1,0,0,0,0
2,0,1,55.0,7,0,0,0,51,1,1,4,21,12500,0,2,3,1,1,0,0,1,1
2,0,1,55.0,7,2,1,0,51,1,1,4,21,12500,0,2,3,1,1,0,0,0,1
2,0,2,30.0,7,1,1,0,51,1,1,4,21,12500,0,2,3,1,1,0,0,1,1
2,0,2,30.0,7,0,1,0,51,1,1,4,21,12500,0,2,3,1,1,1,0,0,1
2,0,2,30.0,7,3,1,0,51,1,1,4,21,12500,0,2,3,1,1,1,1,0,0
2,0,0,80.0,7,4,0,0,51,1,1,4,21,12500,0,2,3,1,1,0,0,1,0
0,1,0,80.0,18,0,0,1,31,1,0,3,0,0,1,1,1,2,1,0,0,0,1
0,1,0,80.0,22,3,1,1,31,1,0,3,0,0,1,1,1,2,1,1,0,0,1
0,1,0,55.0,22,3,0,1,31,1,0,3,0,0,1,1,1,2,1,1,0,0,1
0,1,0,30.0,10,2,0,1,31,1,0,3,0,0,1,1,1,2,1,0,0,0,1
0,1,2,30.0,14,0,1,1,31,1,0,3,0,0,1,1,1,2,1,0,0,0,1
0,0,1,55.0,10,3,1,1,31,1,0,3,0,0,1,1,1,2,1,1,0,0,0
0,0,1,55.0,14,2,0,1,31,1,0,3,0,0,1,1,1,2,1,0,0,0,1
0,0,0,80.0,10,0,0,1,31,1,0,3,0,0,1,1,1,2,1,0,0,0,1
0,0,2,30.0,10,0,1,1,31,1,0,3,0,0,1,1,1,2,1,1,0,0,1
1,0,0,80.0,18,2,0,1,31,1,0,3,0,0,1,1,1,2,1,1,0,1,1
1,0,0,30.0,18,2,1,1,31,1,0,3,0,0,1,1,1,2,1,0,0,0,1
1,0,1,55.0,22,1,0,1,31,1,0,3,0,0,1,1,1,2,1,0,0,1,0
1,0,2,30.0,22,1,0,1,31,1,0,3,0,0,1,1,1,2,1,1,0,0,0
1,0,2,30.0,22,2,1,1,31,1,0,3,0,0,1,1,1,2,1,1,1,0,1
1,0,0,80.0,18,4,1,1,31,1,0,3,0,0,1,1,1,2,1,0,0,1,1
1,0,0,80.0,22,4,1,1,31,1,0,3,0,0,1,1,1,2,1,0,0,0,0
2,0,1,80.0,7,0,0,1,31,1,0,3,0,0,1,1,1,2,1,0,0,1,0
2,0,1,55.0,7,2,1,1,31,1,0,3,0,0,1,1,1,2,1,0,0,0,1
2,0,2,30.0,7,1,1,1,31,1,0,3,0,0,1,1,1,2,1,0,0,1,1
2,0,2,30.0,7,0,1,1,31,1,0,3,0,0,1,1,1,2,1,1,0,0,0
2,0,2,30.0,7,3,1,1,31,1,0,3,0,0,1,1,1,2,1,1,1,0,1
2,0,0,80.0,7,4,0,1,31,1,0,3,0,0,1,1,1,2,1,0,0,1,0
0,2,0,30.0,22,4,0,0,21,2,1,3,0,50000,0,2,2,2,2,0,0,0,0
0,2,2,30.0,18,3,1,0,21,2,1,3,0,50000,0,2,2,2,2,0,0,0,0
0,1,0,80.0,18,0,0,0,21,2,1,3,0,50000,0,2,2,2,2,0,0,0,1
0,1,0,80.0,22,3,1,0,21,2,1,3,0,50000,0,2,2,2,2,1,0,0,0
0,1,0,55.0,22,3,0,0,21,2,1,3,0,50000,0,2,2,2,2,1,0,0,0
0,1,0,30.0,10,2,0,0,21,2,1,3,0,50000,0,2,2,2,2,0,0,0,1
0,1,2,30.0,14,0,1,0,21,2,1,3,0,50000,0,2,2,2,2,0,0,0,1
0,0,1,55.0,10,3,1,0,21,2,1,3,0,50000,0,2,2,2,2,1,0,0,0
0,0,0,80.0,10,0,0,0,21,2,1,3,0,50000,0,2,2,2,2,0,0,0,1
0,2,0,55.0,18,0,0,0,21,2,1,3,0,50000,0,2,2,2,2,1,0,0,1
1,2,0,55.0,22,4,1,0,21,2,1,3,0,50000,0,2,2,2,2,1,0,1,1
1,2,0,55.0,22,4,0,0,21,2,1,3,0,50000,0,2,2,2,2,1,0,0,0
1,3,0,30.0,22,3,0,0,21,2,1,3,0,50000,0,2,2,2,2,1,1,0,0
1,0,0,80.0,18,2,0,0,21,2,1,3,0,50000,0,2,2,2,2,1,0,1,1
1,0,0,30.0,18,2,1,0,21,2,1,3,0,50000,0,2,2,2,2,0,0,0,1
1,0,1,55.0,22,1,0,0,21,2,1,3,0,50000,0,2,2,2,2,0,0,1,1
1,0,2,30.0,22,1,0,0,21,2,1,3,0,50000,0,2,2,2,2,1,0,0,0
1,0,0,80.0,18,4,1,0,21,2,1,3,0,50000,0,2,2,2,2,0,0,1,1
2,0,1,55.0,7,2,1,0,21,2,1,3,0,50000,0,2,2,2,2,0,0,0,1
2,0,2,30.0,7,1,1,0,21,2,1,3,0,50000,0,2,2,2,2,0,0,1,1
2,0,2,30.0,7,3,1,0,21,2,1,3,0,50000,0,2,2,2,2,1,1,0,0
2,0,0,80.0,7,4,0,0,21,2,1,3,0,50000,0,2,2,2,2,0,0,1,0
0,1,0,80.0,18,0,0,1,51,2,0,5,16,50000,1,1,1,1,1,0,0,0,1
0,1,0,80.0,22,3,1,1,51,2,0,5,16,50000,1,1,1,1,1,1,0,0,1
0,1,0,55.0,22,3,0,1,51,2,0,5,16,50000,1,1,1,1,1,1,0,0,1
0,1,0,30.0,10,2,0,1,51,2,0,5,16,50000,1,1,1,1,1,0,0,0,0
0,1,2,30.0,14,0,1,1,51,2,0,5,16,50000,1,1,1,1,1,0,0,0,1
0,0,1,55.0,10,3,1,1,51,2,0,5,16,50000,1,1,1,1,1,1,0,0,1
0,0,0,80.0,10,0,0,1,51,2,0,5,16,50000,1,1,1,1,1,0,0,0,1
0,3,0,30.0,10,4,1,1,51,2,0,5,16,50000,1,1,1,1,1,0,0,0,0
0,3,1,55.0,18,3,0,1,51,2,0,5,16,50000,1,1,1,1,1,1,0,0,1
0,3,2,30.0,10,0,1,1,51,2,0,5,16,50000,1,1,1,1,1,0,0,0,0
1,0,0,80.0,18,2,0,1,51,2,0,5,16,50000,1,1,1,1,1,1,0,1,1
1,0,0,30.0,18,2,1,1,51,2,0,5,16,50000,1,1,1,1,1,0,0,0,1
1,0,1,55.0,22,1,0,1,51,2,0,5,16,50000,1,1,1,1,1,0,0,1,0
1,0,2,30.0,22,1,0,1,51,2,0,5,16,50000,1,1,1,1,1,1,0,0,0
1,0,0,80.0,18,4,1,1,51,2,0,5,16,50000,1,1,1,1,1,0,0,1,1
1,3,0,30.0,18,0,1,1,51,2,0,5,16,50000,1,1,1,1,1,1,1,0,1
1,3,0,30.0,22,0,0,1,51,2,0,5,16,50000,1,1,1,1,1,1,0,1,0
1,3,1,55.0,18,2,1,1,51,2,0,5,16,50000,1,1,1,1,1,0,0,1,1
2,0,1,55.0,7,2,1,1,51,2,0,5,16,50000,1,1,1,1,1,0,0,0,0
2,0,2,30.0,7,1,1,1,51,2,0,5,16,50000,1,1,1,1,1,0,0,1,1
2,0,2,30.0,7,3,1,1,51,2,0,5,16,50000,1,1,1,1,1,1,1,0,1
2,0,0,80.0,7,4,0,1,51,2,0,5,16,50000,1,1,1,1,1,0,0,1,0
0,1,0,80.0,18,0,0,1,31,2,0,2,6,50000,2,2,4,3,2,0,0,0,1
0,1,0,80.0,22,3,1,1,31,2,0,2,6,50000,2,2,4,3,2,1,0,0,1
0,1,0,55.0,22,3,0,1,31,2,0,2,6,50000,2,2,4,3,2,1,0,0,1
0,1,0,30.0,10,2,0,1,31,2,0,2,6,50000,2,2,4,3,2,0,0,0,1
0,1,2,30.0,14,0,1,1,31,2,0,2,6,50000,2,2,4,3,2,0,0,0,1
0,0,1,55.0,10,3,1,1,31,2,0,2,6,50000,2,2,4,3,2,1,0,0,1
0,0,0,80.0,10,0,0,1,31,2,0,2,6,50000,2,2,4,3,2,0,0,0,0
0,3,0,30.0,10,4,1,1,31,2,0,2,6,50000,2,2,4,3,2,0,0,0,0
0,3,1,55.0,18,3,0,1,31,2,0,2,6,50000,2,2,4,3,2,1,0,0,0
0,3,2,30.0,10,0,1,1,31,2,0,2,6,50000,2,2,4,3,2,0,0,0,1
1,0,0,80.0,18,2,0,1,31,2,0,2,6,50000,2,2,4,3,2,1,0,1,1
1,0,0,30.0,18,2,1,1,31,2,0,2,6,50000,2,2,4,3,2,0,0,0,0
1,0,1,55.0,22,1,0,1,31,2,0,2,6,50000,2,2,4,3,2,0,0,1,1
1,0,2,30.0,22,1,0,1,31,2,0,2,6,50000,2,2,4,3,2,1,0,0,0
1,0,0,80.0,18,4,1,1,31,2,0,2,6,50000,2,2,4,3,2,0,0,1,0
1,3,0,30.0,18,0,1,1,31,2,0,2,6,50000,2,2,4,3,2,1,1,0,1
1,3,0,30.0,22,0,0,1,31,2,0,2,6,50000,2,2,4,3,2,1,0,1,1
1,3,1,55.0,18,2,1,1,31,2,0,2,6,50000,2,2,4,3,2,0,0,1,1
2,0,1,55.0,7,2,1,1,31,2,0,2,6,50000,2,2,4,3,2,0,0,0,0
2,0,2,30.0,7,1,1,1,31,2,0,2,6,50000,2,2,4,3,2,0,0,1,0
2,0,2,30.0,7,3,1,1,31,2,0,2,6,50000,2,2,4,3,2,1,1,0,1
2,0,0,80.0,7,4,0,1,31,2,0,2,6,50000,2,2,4,3,2,0,0,1,0
0,1,0,80.0,18,0,0,1,31,2,0,4,6,75000,2,2,3,3,3,0,0,0,0
0,1,0,80.0,22,3,1,1,31,2,0,4,6,75000,2,2,3,3,3,1,0,0,0
0,1,0,55.0,22,3,0,1,31,2,0,4,6,75000,2,2,3,3,3,1,0,0,1
0,1,0,30.0,10,2,0,1,31,2,0,4,6,75000,2,2,3,3,3,0,0,0,1
0,1,2,30.0,14,0,1,1,31,2,0,4,6,75000,2,2,3,3,3,0,0,0,1
0,0,1,55.0,10,3,1,1,31,2,0,4,6,75000,2,2,3,3,3,1,0,0,1
0,0,0,80.0,10,0,0,1,31,2,0,4,6,75000,2,2,3,3,3,0,0,0,1
0,3,0,30.0,10,4,1,1,31,2,0,4,6,75000,2,2,3,3,3,0,0,0,1
0,3,1,55.0,18,3,0,1,31,2,0,4,6,75000,2,2,3,3,3,1,0,0,0
0,3,2,30.0,10,0,1,1,31,2,0,4,6,75000,2,2,3,3,3,0,0,0,1
1,0,0,80.0,18,2,0,1,31,2,0,4,6,75000,2,2,3,3,3,1,0,1,1
1,0,0,30.0,18,2,1,1,31,2,0,4,6,75000,2,2,3,3,3,0,0,0,0
1,0,1,55.0,22,1,0,1,31,2,0,4,6,75000,2,2,3,3,3,0,0,1,0
1,0,2,30.0,22,1,0,1,31,2,0,4,6,75000,2,2,3,3,3,1,0,0,1
1,0,0,80.0,18,4,1,1,31,2,0,4,6,75000,2,2,3,3,3,0,0,1,1
1,3,0,30.0,18,0,1,1,31,2,0,4,6,75000,2,2,3,3,3,1,1,0,1
1,3,0,30.0,22,0,0,1,31,2,0,4,6,75000,2,2,3,3,3,1,0,1,1
1,3,1,55.0,18,2,1,1,31,2,0,4,6,75000,2,2,3,3,3,0,0,1,1
2,0,1,55.0,7,2,1,1,31,2,0,4,6,75000,2,2,3,3,3,0,0,0,0
2,0,2,30.0,7,1,1,1,31,2,0,4,6,75000,2,2,3,3,3,0,0,1,0
2,0,2,30.0,7,3,1,1,31,2,0,4,6,75000,2,2,3,3,3,1,1,0,1
2,0,0,80.0,7,4,0,1,31,2,0,4,6,75000,2,2,3,3,3,0,0,1,1
0,2,0,30.0,22,4,0,0,41,2,1,2,3,100000,0,4,4,4,3,0,0,0,0
0,2,2,30.0,18,3,1,0,41,2,1,2,3,100000,0,4,4,4,3,0,0,0,0
0,1,0,80.0,18,0,0,0,41,2,1,2,3,100000,0,4,4,4,3,0,0,0,1
0,1,0,80.0,22,3,1,0,41,2,1,2,3,100000,0,4,4,4,3,1,0,0,1
0,1,0,55.0,22,3,0,0,41,2,1,2,3,100000,0,4,4,4,3,1,0,0,1
0,1,0,30.0,10,2,0,0,41,2,1,2,3,100000,0,4,4,4,3,0,0,0,1
0,1,2,80.0,14,0,1,0,41,2,1,2,3,100000,0,4,4,4,3,0,0,0,0
0,0,1,55.0,10,3,1,0,41,2,1,2,3,100000,0,4,4,4,3,1,0,0,0
0,0,0,80.0,10,0,0,0,41,2,1,2,3,100000,0,4,4,4,3,0,0,0,1
0,2,0,55.0,18,0,0,0,41,2,1,2,3,100000,0,4,4,4,3,1,0,0,0
1,2,0,55.0,22,4,1,0,41,2,1,2,3,100000,0,4,4,4,3,1,0,1,0
1,3,0,30.0,22,3,0,0,41,2,1,2,3,100000,0,4,4,4,3,1,1,0,0
1,0,0,80.0,18,2,0,0,41,2,1,2,3,100000,0,4,4,4,3,1,0,1,0
1,0,0,30.0,18,2,1,0,41,2,1,2,3,100000,0,4,4,4,3,0,0,0,1
1,0,1,55.0,22,1,0,0,41,2,1,2,3,100000,0,4,4,4,3,0,0,1,0
1,0,2,30.0,22,1,0,0,41,2,1,2,3,100000,0,4,4,4,3,1,0,0,0
1,0,0,80.0,18,4,1,0,41,2,1,2,3,100000,0,4,4,4,3,0,0,1,1
2,0,1,55.0,7,2,1,0,41,2,1,2,3,100000,0,4,4,4,3,0,0,0,1
2,0,2,30.0,7,1,1,0,41,2,1,2,3,100000,0,4,4,4,3,0,0,1,0
2,0,2,30.0,7,3,1,0,41,2,1,2,3,100000,0,4,4,4,3,1,1,0,0
2,0,0,80.0,7,4,0,0,41,2,1,2,3,100000,0,4,4,4,3,0,0,1,1
0,1,0,80.0,18,0,0,0,41,2,0,2,8,87500,2,2,3,3,2,0,0,0,1
0,1,0,80.0,22,3,1,0,41,2,0,2,8,87500,2,2,3,3,2,1,0,0,1
0,1,0,55.0,22,3,0,0,41,2,0,2,8,87500,2,2,3,3,2,1,0,0,1
0,1,0,30.0,10,2,0,0,41,2,0,2,8,87500,2,2,3,3,2,0,0,0,0
0,1,2,30.0,14,0,1,0,41,2,0,2,8,87500,2,2,3,3,2,0,0,0,1
0,0,1,55.0,10,3,1,0,41,2,0,2,8,87500,2,2,3,3,2,1,0,0,0
0,0,0,80.0,10,0,0,0,41,2,0,2,8,87500,2,2,3,3,2,0,0,0,0
0,3,0,30.0,10,4,1,0,41,2,0,2,8,87500,2,2,3,3,2,0,0,0,1
0,3,1,55.0,18,3,0,0,41,2,0,2,8,87500,2,2,3,3,2,1,0,0,1
0,3,2,30.0,10,0,1,0,41,2,0,2,8,87500,2,2,3,3,2,0,0,0,0
1,0,0,80.0,18,2,0,0,41,2,0,2,8,87500,2,2,3,3,2,1,0,1,1
1,0,0,30.0,18,2,1,0,41,2,0,2,8,87500,2,2,3,3,2,0,0,0,0
1,0,1,55.0,22,1,0,0,41,2,0,2,8,87500,2,2,3,3,2,0,0,1,0
1,0,2,30.0,22,1,0,0,41,2,0,2,8,87500,2,2,3,3,2,1,0,0,0
1,0,0,80.0,18,4,1,0,41,2,0,2,8,87500,2,2,3,3,2,0,0,1,1
1,3,0,30.0,18,0,1,0,41,2,0,2,8,87500,2,2,3,3,2,1,1,0,1
1,3,0,30.0,22,0,0,0,41,2,0,2,8,87500,2,2,3,3,2,1,0,1,0
1,3,1,55.0,18,2,1,0,41,2,0,2,8,87500,2,2,3,3,2,0,0,1,1
2,0,1,55.0,7,2,1,0,41,2,0,2,8,87500,2,2,3,3,2,0,0,0,1
2,0,2,30.0,7,1,1,0,41,2,0,2,8,87500,2,2,3,3,2,0,0,1,1
2,0,2,30.0,7,3,1,0,41,2,0,2,8,87500,2,2,3,3,2,1,1,0,0
2,0,0,80.0,7,4,0,0,41,2,0,2,8,87500,2,2,3,3,2,0,0,1,0
0,1,0,80.0,18,0,0,0,16,1,0,4,2,12500,4,2,1,3,4,0,0,0,1
0,1,0,80.0,22,3,1,0,16,1,0,4,2,12500,4,2,1,3,4,1,0,0,1
0,1,0,55.0,22,3,0,0,16,1,0,4,2,12500,4,2,1,3,4,1,0,0,1
0,1,0,30.0,10,2,0,0,16,1,0,4,2,12500,4,2,1,3,4,0,0,0,1
0,1,2,30.0,14,0,1,0,16,1,0,4,2,12500,4,2,1,3,4,0,0,0,0
0,0,1,55.0,10,3,1,0,16,1,0,4,2,12500,4,2,1,3,4,1,0,0,0
0,0,1,55.0,14,2,0,0,16,1,0,4,2,12500,4,2,1,3,4,0,0,0,1
0,0,0,80.0,10,0,0,0,16,1,0,4,2,12500,4,2,1,3,4,0,0,0,1
0,0,2,30.0,10,0,1,0,16,1,0,4,2,12500,4,2,1,3,4,1,0,0,1
1,0,0,80.0,18,2,0,0,16,1,0,4,2,12500,4,2,1,3,4,1,0,1,1
1,0,0,30.0,18,2,1,0,16,1,0,4,2,12500,4,2,1,3,4,0,0,0,1
1,0,1,55.0,22,1,0,0,16,1,0,4,2,12500,4,2,1,3,4,0,0,1,1
1,0,2,30.0,22,1,0,0,16,1,0,4,2,12500,4,2,1,3,4,1,0,0,0
1,0,2,80.0,22,2,1,0,16,1,0,4,2,12500,4,2,1,3,4,1,1,0,0
1,0,0,80.0,18,4,1,0,16,1,0,4,2,12500,4,2,1,3,4,0,0,1,1
1,0,0,80.0,22,4,1,0,16,1,0,4,2,12500,4,2,1,3,4,0,0,0,0
2,0,1,55.0,7,0,0,0,16,1,0,4,2,12500,4,2,1,3,4,0,0,1,1
2,0,1,55.0,7,2,1,0,16,1,0,4,2,12500,4,2,1,3,4,0,0,0,0
2,0,2,30.0,7,1,1,0,16,1,0,4,2,12500,4,2,1,3,4,0,0,1,1
2,0,2,30.0,7,0,1,0,16,1,0,4,2,12500,4,2,1,3,4,1,0,0,1
2,0,2,30.0,7,3,1,0,16,1,0,4,2,12500,4,2,1,3,4,1,1,0,0
2,0,0,80.0,7,4,0,0,16,1,0,4,2,12500,4,2,1,3,4,0,0,1,1
0,1,0,80.0,18,0,0,1,16,1,0,2,2,0,0,4,4,4,1,0,0,0,1
0,1,0,80.0,22,3,1,1,16,1,0,2,2,0,0,4,4,4,1,1,0,0,1
0,1,0,55.0,22,3,0,1,16,1,0,2,2,0,0,4,4,4,1,1,0,0,1
0,1,0,30.0,10,2,0,1,16,1,0,2,2,0,0,4,4,4,1,0,0,0,1
0,1,2,30.0,14,0,1,1,16,1,0,2,2,0,0,4,4,4,1,0,0,0,1
0,0,1,55.0,10,3,1,1,16,1,0,2,2,0,0,4,4,4,1,1,0,0,0
0,0,1,55.0,14,2,0,1,16,1,0,2,2,0,0,4,4,4,1,0,0,0,1
0,0,0,80.0,10,0,0,1,16,1,0,2,2,0,0,4,4,4,1,0,0,0,1
0,0,2,30.0,10,0,1,1,16,1,0,2,2,0,0,4,4,4,1,1,0,0,1
1,0,0,80.0,18,2,0,1,16,1,0,2,2,0,0,4,4,4,1,1,0,1,0
1,0,0,30.0,18,2,1,1,16,1,0,2,2,0,0,4,4,4,1,0,0,0,1
1,0,1,55.0,22,1,0,1,16,1,0,2,2,0,0,4,4,4,1,0,0,1,0
1,0,2,30.0,22,1,0,1,16,1,0,2,2,0,0,4,4,4,1,1,0,0,1
1,0,2,30.0,22,2,1,1,16,1,0,2,2,0,0,4,4,4,1,1,1,0,1
1,0,0,80.0,18,4,1,1,16,1,0,2,2,0,0,4,4,4,1,0,0,1,1
1,0,0,80.0,22,4,1,1,16,1,0,2,2,0,0,4,4,4,1,0,0,0,1
2,0,1,55.0,7,0,0,1,16,1,0,2,2,0,0,4,4,4,1,0,0,1,0
2,0,1,55.0,7,2,1,1,16,1,0,2,2,0,0,4,4,4,1,0,0,0,0
2,0,2,30.0,7,1,1,1,16,1,0,2,2,0,0,4,4,4,1,0,0,1,1
2,0,2,30.0,7,0,1,1,16,1,0,2,2,0,0,4,4,4,1,1,0,0,0
2,0,2,30.0,7,3,1,1,16,1,0,2,2,0,0,4,4,4,1,1,1,0,1
2,0,0,80.0,7,4,0,1,16,1,0,2,2,0,0,4,4,4,1,0,0,1,1
0,2,0,30.0,22,4,0,1,51,2,1,1,16,50000,0,2,3,4,4,0,0,0,0
0,2,2,30.0,18,3,1,1,51,2,1,1,16,50000,0,2,3,4,4,0,0,0,0
0,2,0,55.0,18,0,0,1,51,2,1,1,16,50000,0,2,3,4,4,1,0,0,1
1,2,0,55.0,22,4,1,1,51,2,1,1,16,50000,0,2,3,4,4,1,0,1,1
1,2,0,55.0,22,4,0,1,51,2,1,1,16,50000,0,2,3,4,4,1,0,0,0
1,3,0,30.0,22,3,0,1,51,2,1,1,16,50000,0,2,3,4,4,1,1,0,0
0,2,0,30.0,22,4,0,1,31,2,1,5,5,50000,2,4,3,2,1,0,0,0,0
0,2,2,30.0,18,3,1,1,31,2,1,5,5,50000,2,4,3,2,1,0,0,0,0
0,1,0,80.0,18,0,0,1,31,2,1,5,5,50000,2,4,3,2,1,0,0,0,1
0,1,0,80.0,22,3,1,1,31,2,1,5,5,50000,2,4,3,2,1,1,0,0,1
0,1,0,55.0,22,3,0,1,31,2,1,5,5,50000,2,4,3,2,1,1,0,0,1
0,1,0,30.0,10,2,0,1,31,2,1,5,5,50000,2,4,3,2,1,0,0,0,1
0,1,2,30.0,14,0,1,1,31,2,1,5,5,50000,2,4,3,2,1,0,0,0,1
0,0,1,55.0,10,3,1,1,31,2,1,5,5,50000,2,4,3,2,1,1,0,0,1
0,0,0,80.0,10,0,0,1,31,2,1,5,5,50000,2,4,3,2,1,0,0,0,1
0,2,0,55.0,18,0,0,1,31,2,1,5,5,50000,2,4,3,2,1,1,0,0,1
1,2,0,55.0,22,4,1,1,31,2,1,5,5,50000,2,4,3,2,1,1,0,1,0
1,2,0,55.0,22,4,0,1,31,2,1,5,5,50000,2,4,3,2,1,1,0,0,0
1,3,0,30.0,22,3,0,1,31,2,1,5,5,50000,2,4,3,2,1,1,1,0,1
1,0,0,80.0,18,2,0,1,31,2,1,5,5,50000,2,4,3,2,1,1,0,1,1
1,0,0,30.0,18,2,1,1,31,2,1,5,5,50000,2,4,3,2,1,0,0,0,1
1,0,1,55.0,22,1,0,1,31,2,1,5,5,50000,2,4,3,2,1,0,0,1,0
1,0,2,30.0,22,1,0,1,31,2,1,5,5,50000,2,4,3,2,1,1,0,0,0
1,0,0,80.0,18,4,1,1,31,2,1,5,5,50000,2,4,3,2,1,0,0,1,0
2,0,1,55.0,7,2,1,1,31,2,1,5,5,50000,2,4,3,2,1,0,0,0,1
2,0,2,30.0,7,1,1,1,31,2,1,5,5,50000,2,4,3,2,1,0,0,1,1
2,0,2,30.0,7,3,1,1,31,2,1,5,5,50000,2,4,3,2,1,1,1,0,0
2,0,0,80.0,7,4,0,1,31,2,1,5,5,50000,2,4,3,2,1,0,0,1,0
0,1,0,80.0,18,0,0,1,36,0,0,2,14,25000,0,3,3,1,1,0,0,0,1
0,1,0,80.0,22,3,1,1,36,0,0,2,14,25000,0,3,3,1,1,1,0,0,1
0,1,0,55.0,22,3,0,1,36,0,0,2,14,25000,0,3,3,1,1,1,0,0,1
0,1,0,30.0,10,2,0,1,36,0,0,2,14,25000,0,3,3,1,1,0,0,0,1
0,1,2,30.0,14,0,1,1,36,0,0,2,14,25000,0,3,3,1,1,0,0,0,1
0,0,1,55.0,10,3,1,1,36,0,0,2,14,25000,0,3,3,1,1,1,0,0,1
0,0,0,80.0,10,0,0,1,36,0,0,2,14,25000,0,3,3,1,1,0,0,0,1
0,3,0,30.0,10,4,1,1,36,0,0,2,14,25000,0,3,3,1,1,0,0,0,1
0,3,1,55.0,18,3,0,1,36,0,0,2,14,25000,0,3,3,1,1,1,0,0,1
0,3,2,30.0,10,0,1,1,36,0,0,2,14,25000,0,3,3,1,1,0,0,0,1
1,0,0,80.0,18,2,0,1,36,0,0,2,14,25000,0,3,3,1,1,1,0,1,1
1,0,0,30.0,18,2,1,1,36,0,0,2,14,25000,0,3,3,1,1,0,0,0,1
1,0,1,55.0,22,1,0,1,36,0,0,2,14,25000,0,3,3,1,1,0,0,1,1
1,0,2,30.0,22,1,0,1,36,0,0,2,14,25000,0,3,3,1,1,1,0,0,1
1,0,0,80.0,18,4,1,1,36,0,0,2,14,25000,0,3,3,1,1,0,0,1,1
1,3,0,30.0,18,0,1,1,36,0,0,2,14,25000,0,3,3,1,1,1,1,0,1
1,3,0,30.0,22,0,0,1,36,0,0,2,14,25000,0,3,3,1,1,1,0,1,1
1,3,1,55.0,18,2,1,1,36,0,0,2,14,25000,0,3,3,1,1,0,0,1,1
2,0,1,55.0,7,2,1,1,36,0,0,2,14,25000,0,3,3,1,1,0,0,0,1
2,0,2,30.0,7,1,1,1,36,0,0,2,14,25000,0,3,3,1,1,0,0,1,1
2,0,2,30.0,7,3,1,1,36,0,0,2,14,25000,0,3,3,1,1,1,1,0,1
2,0,0,80.0,7,4,0,1,36,0,0,2,14,25000,0,3,3,1,1,0,0,1,1
0,1,0,80.0,18,0,0,0,21,1,0,4,2,25000,0,0,1,0,0,0,0,0,0
0,1,0,80.0,22,3,1,0,21,1,0,4,2,25000,0,0,1,0,0,1,0,0,1
0,1,0,55.0,22,3,0,0,21,1,0,4,2,25000,0,0,1,0,0,1,0,0,1
0,1,0,30.0,10,2,0,0,21,1,0,4,2,25000,0,0,1,0,0,0,0,0,1
0,1,2,30.0,14,0,1,0,21,1,0,4,2,25000,0,0,1,0,0,0,0,0,1
0,0,1,55.0,10,3,1,0,21,1,0,4,2,25000,0,0,1,0,0,1,0,0,1
0,0,1,55.0,14,2,0,0,21,1,0,4,2,25000,0,0,1,0,0,0,0,0,1
0,0,0,80.0,10,0,0,0,21,1,0,4,2,25000,0,0,1,0,0,0,0,0,1
0,0,2,30.0,10,0,1,0,21,1,0,4,2,25000,0,0,1,0,0,1,0,0,1
1,0,0,80.0,18,2,0,0,21,1,0,4,2,25000,0,0,1,0,0,1,0,1,1
1,0,0,30.0,18,2,1,0,21,1,0,4,2,25000,0,0,1,0,0,0,0,0,1
1,0,1,55.0,22,1,0,0,21,1,0,4,2,25000,0,0,1,0,0,0,0,1,0
1,0,2,30.0,22,1,0,0,21,1,0,4,2,25000,0,0,1,0,0,1,0,0,0
1,0,2,30.0,22,2,1,0,21,1,0,4,2,25000,0,0,1,0,0,1,1,0,0
1,0,0,80.0,18,4,1,0,21,1,0,4,2,25000,0,0,1,0,0,0,0,1,1
1,0,0,80.0,22,4,1,0,21,1,0,4,2,25000,0,0,1,0,0,0,0,0,1
2,0,1,55.0,7,0,0,0,21,1,0,4,2,25000,0,0,1,0,0,0,0,1,0
2,0,1,55.0,7,2,1,0,21,1,0,4,2,25000,0,0,1,0,0,0,0,0,1
2,0,2,30.0,7,1,1,0,21,1,0,4,2,25000,0,0,1,0,0,0,0,1,1
2,0,2,80.0,7,0,1,0,21,1,0,4,2,25000,0,0,1,0,0,1,0,0,0
2,0,2,30.0,7,3,1,0,21,1,0,4,2,25000,0,0,1,0,0,1,1,0,0
2,0,0,80.0,7,4,0,0,21,1,0,4,2,25000,0,0,1,0,0,0,0,1,0
0,2,0,30.0,22,4,0,1,41,2,1,2,19,100000,1,1,2,2,1,0,0,0,0
0,2,2,30.0,18,3,1,1,41,2,1,2,19,100000,1,1,2,2,1,0,0,0,1
0,1,0,80.0,18,0,0,1,41,2,1,2,19,100000,1,1,2,2,1,0,0,0,1
0,1,0,80.0,22,3,1,1,41,2,1,2,19,100000,1,1,2,2,1,1,0,0,1
0,1,0,55.0,22,3,0,1,41,2,1,2,19,100000,1,1,2,2,1,1,0,0,1
0,1,0,30.0,10,2,0,1,41,2,1,2,19,100000,1,1,2,2,1,0,0,0,1
0,1,2,30.0,14,0,1,1,41,2,1,2,19,100000,1,1,2,2,1,0,0,0,1
0,0,1,55.0,10,3,1,1,41,2,1,2,19,100000,1,1,2,2,1,1,0,0,1
0,0,0,80.0,10,0,0,1,41,2,1,2,19,100000,1,1,2,2,1,0,0,0,1
0,2,0,55.0,18,0,0,1,41,2,1,2,19,100000,1,1,2,2,1,1,0,0,1
1,2,0,55.0,22,4,1,1,41,2,1,2,19,100000,1,1,2,2,1,1,0,1,0
1,2,0,55.0,22,4,0,1,41,2,1,2,19,100000,1,1,2,2,1,1,0,0,0
1,3,0,30.0,22,3,0,1,41,2,1,2,19,100000,1,1,2,2,1,1,1,0,1
1,0,0,80.0,18,2,0,1,41,2,1,2,19,100000,1,1,2,2,1,1,0,1,1
1,0,0,30.0,18,2,1,1,41,2,1,2,19,100000,1,1,2,2,1,0,0,0,1
1,0,1,55.0,22,1,0,1,41,2,1,2,19,100000,1,1,2,2,1,0,0,1,0
1,0,2,30.0,22,1,0,1,41,2,1,2,19,100000,1,1,2,2,1,1,0,0,0
1,0,0,80.0,18,4,1,1,41,2,1,2,19,100000,1,1,2,2,1,0,0,1,0
2,0,1,55.0,7,2,1,1,41,2,1,2,19,100000,1,1,2,2,1,0,0,0,1
2,0,2,30.0,7,1,1,1,41,2,1,2,19,100000,1,1,2,2,1,0,0,1,0
2,0,2,30.0,7,3,1,1,41,2,1,2,19,100000,1,1,2,2,1,1,1,0,1
2,0,0,80.0,7,4,0,1,41,2,1,2,19,100000,1,1,2,2,1,0,0,1,0
0,1,0,80.0,18,0,0,1,21,1,0,2,2,0,1,1,1,2,2,0,0,0,0
0,1,0,80.0,22,3,1,1,21,1,0,2,2,0,1,1,1,2,2,1,0,0,1
0,1,0,55.0,22,3,0,1,21,1,0,2,2,0,1,1,1,2,2,1,0,0,1
0,1,0,30.0,10,2,0,1,21,1,0,2,2,0,1,1,1,2,2,0,0,0,0
0,1,2,30.0,14,0,1,1,21,1,0,2,2,0,1,1,1,2,2,0,0,0,1
0,0,1,55.0,10,3,1,1,21,1,0,2,2,0,1,1,1,2,2,1,0,0,1
0,0,1,55.0,14,2,0,1,21,1,0,2,2,0,1,1,1,2,2,0,0,0,1
0,0,0,80.0,10,0,0,1,21,1,0,2,2,0,1,1,1,2,2,0,0,0,0
0,0,2,30.0,10,0,1,1,21,1,0,2,2,0,1,1,1,2,2,1,0,0,1
1,0,0,80.0,18,2,0,1,21,1,0,2,2,0,1,1,1,2,2,1,0,1,0
1,0,1,55.0,22,1,0,1,21,1,0,2,2,0,1,1,1,2,2,0,0,1,1
1,0,2,30.0,22,1,0,1,21,1,0,2,2,0,1,1,1,2,2,1,0,0,0
1,0,2,30.0,22,2,1,1,21,1,0,2,2,0,1,1,1,2,2,1,1,0,0
1,0,0,80.0,18,4,1,1,21,1,0,2,2,0,1,1,1,2,2,0,0,1,1
1,0,0,80.0,22,4,1,1,21,1,0,2,2,0,1,1,1,2,2,0,0,0,0
2,0,1,55.0,7,0,0,1,21,1,0,2,2,0,1,1,1,2,2,0,0,1,1
2,0,1,55.0,7,2,1,1,21,1,0,2,2,0,1,1,1,2,2,0,0,0,1
2,0,2,30.0,7,1,1,1,21,1,0,2,2,0,1,1,1,2,2,0,0,1,1
2,0,2,30.0,7,0,1,1,21,1,0,2,2,0,1,1,1,2,2,1,0,0,0
2,0,2,30.0,7,3,1,1,21,1,0,2,2,0,1,1,1,2,2,1,1,0,1
2,0,0,80.0,7,4,0,1,21,1,0,2,2,0,1,1,1,2,2,0,0,1,0
0,2,0,30.0,22,4,0,0,41,2,1,5,7,75000,1,2,3,2,0,0,0,0,1
0,2,2,30.0,18,3,1,0,41,2,1,5,7,75000,1,2,3,2,0,0,0,0,1
0,1,0,80.0,18,0,0,0,41,2,1,5,7,75000,1,2,3,2,0,0,0,0,1
0,1,0,80.0,22,3,1,0,41,2,1,5,7,75000,1,2,3,2,0,1,0,0,1
0,1,0,80.0,22,3,0,0,41,2,1,5,7,75000,1,2,3,2,0,1,0,0,1
0,1,0,30.0,10,2,0,0,41,2,1,5,7,75000,1,2,3,2,0,0,0,0,0
0,1,2,30.0,14,0,1,0,41,2,1,5,7,75000,1,2,3,2,0,0,0,0,1
0,0,1,55.0,10,3,1,0,41,2,1,5,7,75000,1,2,3,2,0,1,0,0,1
0,0,1,55.0,14,2,0,0,41,2,1,5,7,75000,1,2,3,2,0,0,0,0,1
0,0,0,80.0,10,0,0,0,41,2,1,5,7,75000,1,2,3,2,0,0,0,0,1
0,0,2,30.0,10,0,1,0,41,2,1,5,7,75000,1,2,3,2,0,1,0,0,1
0,3,0,30.0,10,4,1,0,41,2,1,5,7,75000,1,2,3,2,0,0,0,0,1
0,3,1,55.0,18,3,0,0,41,2,1,5,7,75000,1,2,3,2,0,1,0,0,1
0,3,2,30.0,10,0,1,0,41,2,1,5,7,75000,1,2,3,2,0,0,0,0,1
0,2,0,55.0,18,0,0,0,41,2,1,5,7,75000,1,2,3,2,0,1,0,0,1
1,2,0,55.0,22,4,1,0,41,2,1,5,7,75000,1,2,3,2,0,1,0,1,1
1,2,0,55.0,22,4,0,0,41,2,1,5,7,75000,1,2,3,2,0,1,0,0,1
1,3,0,30.0,22,3,0,0,41,2,1,5,7,75000,1,2,3,2,0,1,1,0,0
1,0,0,80.0,18,2,0,0,41,2,1,5,7,75000,1,2,3,2,0,1,0,1,1
1,0,0,30.0,18,2,1,0,41,2,1,5,7,75000,1,2,3,2,0,0,0,0,0
1,0,1,55.0,22,1,0,0,41,2,1,5,7,75000,1,2,3,2,0,0,0,1,1
1,0,2,30.0,22,1,0,0,41,2,1,5,7,75000,1,2,3,2,0,1,0,0,1
1,0,2,30.0,22,2,1,0,41,2,1,5,7,75000,1,2,3,2,0,1,1,0,1
1,0,0,80.0,18,4,1,0,41,2,1,5,7,75000,1,2,3,2,0,0,0,1,1
1,0,0,80.0,22,4,1,0,41,2,1,5,7,75000,1,2,3,2,0,0,0,0,0
1,3,0,30.0,18,0,1,0,41,2,1,5,7,75000,1,2,3,2,0,1,1,0,1
1,3,0,30.0,22,0,0,0,41,2,1,5,7,75000,1,2,3,2,0,1,0,1,1
1,3,1,55.0,18,2,1,0,41,2,1,5,7,75000,1,2,3,2,0,0,0,1,1
2,0,1,55.0,7,0,0,0,41,2,1,5,7,75000,1,2,3,2,0,0,0,1,1
2,0,1,55.0,7,2,1,0,41,2,1,5,7,75000,1,2,3,2,0,0,0,0,1
2,0,2,30.0,7,1,1,0,41,2,1,5,7,75000,1,2,3,2,0,0,0,1,1
2,0,2,30.0,7,0,1,0,41,2,1,5,7,75000,1,2,3,2,0,1,0,0,1
2,0,2,30.0,7,3,1,0,41,2,1,5,7,75000,1,2,3,2,0,1,1,0,0
2,0,0,80.0,7,4,0,0,41,2,1,5,7,75000,1,2,3,2,0,0,0,1,1
0,2,0,30.0,22,4,0,0,51,2,1,1,6,37500,0,4,3,2,1,0,0,0,0
0,2,2,30.0,18,3,1,0,51,2,1,1,6,37500,0,4,3,2,1,0,0,0,0
0,1,0,80.0,18,0,0,0,51,2,1,1,6,37500,0,4,3,2,1,0,0,0,1
0,1,0,80.0,22,3,1,0,51,2,1,1,6,37500,0,4,3,2,1,1,0,0,0
0,1,0,55.0,22,3,0,0,51,2,1,1,6,37500,0,4,3,2,1,1,0,0,0
0,1,0,30.0,10,2,0,0,51,2,1,1,6,37500,0,4,3,2,1,0,0,0,0
0,1,2,30.0,14,0,1,0,51,2,1,1,6,37500,0,4,3,2,1,0,0,0,1
0,0,1,55.0,10,3,1,0,51,2,1,1,6,37500,0,4,3,2,1,1,0,0,0
0,0,0,80.0,10,0,0,0,51,2,1,1,6,37500,0,4,3,2,1,0,0,0,1
0,2,0,55.0,18,0,0,0,51,2,1,1,6,37500,0,4,3,2,1,1,0,0,1
1,2,0,55.0,22,4,1,0,51,2,1,1,6,37500,0,4,3,2,1,1,0,1,0
1,2,0,55.0,22,4,0,0,51,2,1,1,6,37500,0,4,3,2,1,1,0,0,0
1,3,0,30.0,22,3,0,0,51,2,1,1,6,37500,0,4,3,2,1,1,1,0,0
1,0,0,80.0,18,2,0,0,51,2,1,1,6,37500,0,4,3,2,1,1,0,1,1
1,0,0,30.0,18,2,1,0,51,2,1,1,6,37500,0,4,3,2,1,0,0,0,1
1,0,1,55.0,22,1,0,0,51,2,1,1,6,37500,0,4,3,2,1,0,0,1,0
1,0,2,30.0,22,1,0,0,51,2,1,1,6,37500,0,4,3,2,1,1,0,0,0
1,0,2,30.0,22,2,1,0,51,2,1,1,6,37500,0,4,3,2,1,1,1,0,1
1,0,0,80.0,18,4,1,0,51,2,1,1,6,37500,0,4,3,2,1,0,0,1,0
2,0,1,55.0,7,2,1,0,51,2,1,1,6,37500,0,4,3,2,1,0,0,0,1
2,0,2,80.0,7,1,1,0,51,2,1,1,6,37500,0,4,3,2,1,0,0,1,1
2,0,2,30.0,7,3,1,0,51,2,1,1,6,37500,0,4,3,2,1,1,1,0,0
2,0,0,80.0,7,4,0,0,51,2,1,1,6,37500,0,4,3,2,1,0,0,1,0
0,1,0,80.0,18,0,0,0,21,1,0,4,8,75000,4,1,4,3,0,0,0,0,1
0,1,0,80.0,22,3,1,0,21,1,0,4,8,75000,4,1,4,3,0,1,0,0,1
0,1,0,55.0,22,3,0,0,21,1,0,4,8,75000,4,1,4,3,0,1,0,0,1
0,1,0,30.0,10,2,0,0,21,1,0,4,8,75000,4,1,4,3,0,0,0,0,1
0,1,2,30.0,14,0,1,0,21,1,0,4,8,75000,4,1,4,3,0,0,0,0,1
0,0,1,55.0,10,3,1,0,21,1,0,4,8,75000,4,1,4,3,0,1,0,0,1
0,0,1,55.0,14,2,0,0,21,1,0,4,8,75000,4,1,4,3,0,0,0,0,0
0,0,0,80.0,10,0,0,0,21,1,0,4,8,75000,4,1,4,3,0,0,0,0,1
0,0,2,30.0,10,0,1,0,21,1,0,4,8,75000,4,1,4,3,0,1,0,0,1
1,0,0,80.0,18,2,0,0,21,1,0,4,8,75000,4,1,4,3,0,1,0,1,0
1,0,0,30.0,18,2,1,0,21,1,0,4,8,75000,4,1,4,3,0,0,0,0,1
1,0,1,55.0,22,1,0,0,21,1,0,4,8,75000,4,1,4,3,0,0,0,1,0
1,0,2,30.0,22,1,0,0,21,1,0,4,8,75000,4,1,4,3,0,1,0,0,0
1,0,2,30.0,22,2,1,0,21,1,0,4,8,75000,4,1,4,3,0,1,1,0,1
1,0,0,80.0,18,4,1,0,21,1,0,4,8,75000,4,1,4,3,0,0,0,1,1
1,0,0,80.0,22,4,1,0,21,1,0,4,8,75000,4,1,4,3,0,0,0,0,0
2,0,1,55.0,7,0,0,0,21,1,0,4,8,75000,4,1,4,3,0,0,0,1,0
2,0,1,55.0,7,2,1,0,21,1,0,4,8,75000,4,1,4,3,0,0,0,0,1
2,0,2,30.0,7,1,1,0,21,1,0,4,8,75000,4,1,4,3,0,0,0,1,0
2,0,2,30.0,7,0,1,0,21,1,0,4,8,75000,4,1,4,3,0,1,0,0,1
2,0,2,30.0,7,3,1,0,21,1,0,4,8,75000,4,1,4,3,0,1,1,0,1
2,0,0,80.0,7,4,0,0,21,1,0,4,8,75000,4,1,4,3,0,0,0,1,0
0,1,0,80.0,18,0,0,0,21,0,0,2,0,87500,2,4,3,3,1,0,0,0,1
0,1,0,80.0,22,3,1,0,21,0,0,2,0,87500,2,4,3,3,1,1,0,0,1
0,1,0,55.0,22,3,0,0,21,0,0,2,0,87500,2,4,3,3,1,1,0,0,1
0,1,0,30.0,10,2,0,0,21,0,0,2,0,87500,2,4,3,3,1,0,0,0,1
0,1,2,30.0,14,0,1,0,21,0,0,2,0,87500,2,4,3,3,1,0,0,0,1
0,0,1,55.0,10,3,1,0,21,0,0,2,0,87500,2,4,3,3,1,1,0,0,0
0,0,0,80.0,10,0,0,0,21,0,0,2,0,87500,2,4,3,3,1,0,0,0,1
0,3,0,30.0,10,4,1,0,21,0,0,2,0,87500,2,4,3,3,1,0,0,0,1
0,3,1,55.0,18,3,0,0,21,0,0,2,0,87500,2,4,3,3,1,1,0,0,1
0,3,2,30.0,10,0,1,0,21,0,0,2,0,87500,2,4,3,3,1,0,0,0,0
1,0,0,80.0,18,2,0,0,21,0,0,2,0,87500,2,4,3,3,1,1,0,1,1
1,0,0,30.0,18,2,1,0,21,0,0,2,0,87500,2,4,3,3,1,0,0,0,1
1,0,1,55.0,22,1,0,0,21,0,0,2,0,87500,2,4,3,3,1,0,0,1,0
1,0,2,30.0,22,1,0,0,21,0,0,2,0,87500,2,4,3,3,1,1,0,0,0
1,0,0,80.0,18,4,1,0,21,0,0,2,0,87500,2,4,3,3,1,0,0,1,1
1,3,0,30.0,18,0,1,0,21,0,0,2,0,87500,2,4,3,3,1,1,1,0,1
1,3,0,30.0,22,0,0,0,21,0,0,2,0,87500,2,4,3,3,1,1,0,1,1
1,3,1,55.0,18,2,1,0,21,0,0,2,0,87500,2,4,3,3,1,0,0,1,1
2,0,1,55.0,7,2,1,0,21,0,0,2,0,87500,2,4,3,3,1,0,0,0,1
2,0,2,30.0,7,1,1,0,21,0,0,2,0,87500,2,4,3,3,1,0,0,1,1
2,0,2,30.0,7,3,1,0,21,0,0,2,0,87500,2,4,3,3,1,1,1,0,0
2,0,0,80.0,7,4,0,0,21,0,0,2,0,87500,2,4,3,3,1,0,0,1,0
0,1,0,80.0,18,0,0,0,26,1,0,4,13,12500,1,1,1,1,1,0,0,0,1
0,1,0,80.0,22,3,1,0,26,1,0,4,13,12500,1,1,1,1,1,1,0,0,1
0,1,0,55.0,22,3,0,0,26,1,0,4,13,12500,1,1,1,1,1,1,0,0,1
0,1,0,80.0,10,2,0,0,26,1,0,4,13,12500,1,1,1,1,1,0,0,0,1
0,1,2,30.0,14,0,1,0,26,1,0,4,13,12500,1,1,1,1,1,0,0,0,1
0,0,1,55.0,10,3,1,0,26,1,0,4,13,12500,1,1,1,1,1,1,0,0,0
0,0,1,55.0,14,2,0,0,26,1,0,4,13,12500,1,1,1,1,1,0,0,0,1
0,0,0,80.0,10,0,0,0,26,1,0,4,13,12500,1,1,1,1,1,0,0,0,1
0,0,2,30.0,10,0,1,0,26,1,0,4,13,12500,1,1,1,1,1,1,0,0,1
1,0,0,80.0,18,2,0,0,26,1,0,4,13,12500,1,1,1,1,1,1,0,1,1
1,0,0,30.0,18,2,1,0,26,1,0,4,13,12500,1,1,1,1,1,0,0,0,0
1,0,1,55.0,22,1,0,0,26,1,0,4,13,12500,1,1,1,1,1,0,0,1,0
1,0,2,30.0,22,1,0,0,26,1,0,4,13,12500,1,1,1,1,1,1,0,0,0
1,0,2,30.0,22,2,1,0,26,1,0,4,13,12500,1,1,1,1,1,1,1,0,1
1,0,0,80.0,18,4,1,0,26,1,0,4,13,12500,1,1,1,1,1,0,0,1,0
1,0,0,80.0,22,4,1,0,26,1,0,4,13,12500,1,1,1,1,1,0,0,0,0
2,0,1,55.0,7,0,0,0,26,1,0,4,13,12500,1,1,1,1,1,0,0,1,1
2,0,1,55.0,7,2,1,0,26,1,0,4,13,12500,1,1,1,1,1,0,0,0,0
2,0,2,30.0,7,1,1,0,26,1,0,4,13,12500,1,1,1,1,1,0,0,1,0
2,0,2,30.0,7,0,1,0,26,1,0,4,13,12500,1,1,1,1,1,1,0,0,0
2,0,2,30.0,7,3,1,0,26,1,0,4,13,12500,1,1,1,1,1,1,1,0,0
2,0,0,80.0,7,4,0,0,26,1,0,4,13,12500,1,1,1,1,1,0,0,1,1
0,2,0,30.0,22,4,0,0,41,2,1,3,0,62500,1,1,1,1,1,0,0,0,0
0,2,2,30.0,18,3,1,0,41,2,1,3,0,62500,1,1,1,1,1,0,0,0,1
0,1,0,80.0,18,0,0,0,41,2,1,3,0,62500,1,1,1,1,1,0,0,0,0
0,1,0,80.0,22,3,1,0,41,2,1,3,0,62500,1,1,1,1,1,1,0,0,0
0,1,0,55.0,22,3,0,0,41,2,1,3,0,62500,1,1,1,1,1,1,0,0,0
0,1,0,30.0,10,2,0,0,41,2,1,3,0,62500,1,1,1,1,1,0,0,0,1
0,1,2,30.0,14,0,1,0,41,2,1,3,0,62500,1,1,1,1,1,0,0,0,1
0,0,1,55.0,10,3,1,0,41,2,1,3,0,62500,1,1,1,1,1,1,0,0,1
0,0,0,80.0,10,0,0,0,41,2,1,3,0,62500,1,1,1,1,1,0,0,0,0
0,2,0,55.0,18,0,0,0,41,2,1,3,0,62500,1,1,1,1,1,1,0,0,1
1,2,0,55.0,22,4,1,0,41,2,1,3,0,62500,1,1,1,1,1,1,0,1,0
1,2,0,55.0,22,4,0,0,41,2,1,3,0,62500,1,1,1,1,1,1,0,0,0
1,3,0,30.0,22,3,0,0,41,2,1,3,0,62500,1,1,1,1,1,1,1,0,0
1,0,0,80.0,18,2,0,0,41,2,1,3,0,62500,1,1,1,1,1,1,0,1,1
1,0,0,30.0,18,2,1,0,41,2,1,3,0,62500,1,1,1,1,1,0,0,0,1
1,0,1,55.0,22,1,0,0,41,2,1,3,0,62500,1,1,1,1,1,0,0,1,0
1,0,2,30.0,22,1,0,0,41,2,1,3,0,62500,1,1,1,1,1,1,0,0,0
1,0,0,80.0,18,4,1,0,41,2,1,3,0,62500,1,1,1,1,1,0,0,1,0
2,0,1,55.0,7,2,1,0,41,2,1,3,0,62500,1,1,1,1,1,0,0,0,1
2,0,2,30.0,7,1,1,0,41,2,1,3,0,62500,1,1,1,1,1,0,0,1,1
2,0,2,30.0,7,3,1,0,41,2,1,3,0,62500,1,1,1,1,1,1,1,0,1
2,0,0,80.0,7,4,0,0,41,2,1,3,0,62500,1,1,1,1,1,0,0,1,0
0,2,0,30.0,22,4,0,1,36,2,1,3,9,100000,0,1,3,2,1,0,0,0,0
0,2,2,30.0,18,3,1,1,36,2,1,3,9,100000,0,1,3,2,1,0,0,0,0
0,1,0,80.0,18,0,0,1,36,2,1,3,9,100000,0,1,3,2,1,0,0,0,1
0,1,0,80.0,22,3,1,1,36,2,1,3,9,100000,0,1,3,2,1,1,0,0,0
0,1,0,55.0,22,3,0,1,36,2,1,3,9,100000,0,1,3,2,1,1,0,0,0
0,1,0,30.0,10,2,0,1,36,2,1,3,9,100000,0,1,3,2,1,0,0,0,1
0,1,2,30.0,14,0,1,1,36,2,1,3,9,100000,0,1,3,2,1,0,0,0,1
0,0,1,55.0,10,3,1,1,36,2,1,3,9,100000,0,1,3,2,1,1,0,0,0
0,0,0,80.0,10,0,0,1,36,2,1,3,9,100000,0,1,3,2,1,0,0,0,0
0,2,0,80.0,18,0,0,1,36,2,1,3,9,100000,0,1,3,2,1,1,0,0,1
1,2,0,55.0,22,4,1,1,36,2,1,3,9,100000,0,1,3,2,1,1,0,1,1
1,2,0,55.0,22,4,0,1,36,2,1,3,9,100000,0,1,3,2,1,1,0,0,0
1,3,0,30.0,22,3,0,1,36,2,1,3,9,100000,0,1,3,2,1,1,1,0,0
1,0,0,80.0,18,2,0,1,36,2,1,3,9,100000,0,1,3,2,1,1,0,1,1
1,0,0,30.0,18,2,1,1,36,2,1,3,9,100000,0,1,3,2,1,0,0,0,1
1,0,1,55.0,22,1,0,1,36,2,1,3,9,100000,0,1,3,2,1,0,0,1,1
1,0,2,30.0,22,1,0,1,36,2,1,3,9,100000,0,1,3,2,1,1,0,0,1
1,0,0,80.0,18,4,1,1,36,2,1,3,9,100000,0,1,3,2,1,0,0,1,1
2,0,1,55.0,7,2,1,1,36,2,1,3,9,100000,0,1,3,2,1,0,0,0,1
2,0,2,30.0,7,1,1,1,36,2,1,3,9,100000,0,1,3,2,1,0,0,1,1
2,0,2,30.0,7,3,1,1,36,2,1,3,9,100000,0,1,3,2,1,1,1,0,0
2,0,0,80.0,7,4,0,1,36,2,1,3,9,100000,0,1,3,2,1,0,0,1,0
0,1,0,80.0,18,0,0,0,51,4,1,3,4,12500,1,1,3,2,1,0,0,0,0
0,1,0,80.0,22,3,1,0,51,4,1,3,4,12500,1,1,3,2,1,1,0,0,0
0,1,0,55.0,22,3,0,0,51,4,1,3,4,12500,1,1,3,2,1,1,0,0,0
0,1,0,30.0,10,2,0,0,51,4,1,3,4,12500,1,1,3,2,1,0,0,0,1
0,1,2,30.0,14,0,1,0,51,4,1,3,4,12500,1,1,3,2,1,0,0,0,1
0,0,1,55.0,10,3,1,0,51,4,1,3,4,12500,1,1,3,2,1,1,0,0,0
0,0,0,80.0,10,0,0,0,51,4,1,3,4,12500,1,1,3,2,1,0,0,0,0
0,3,0,30.0,10,4,1,0,51,4,1,3,4,12500,1,1,3,2,1,0,0,0,0
0,3,1,55.0,18,3,0,0,51,4,1,3,4,12500,1,1,3,2,1,1,0,0,0
0,3,2,30.0,10,0,1,0,51,4,1,3,4,12500,1,1,3,2,1,0,0,0,0
1,0,0,80.0,18,2,0,0,51,4,1,3,4,12500,1,1,3,2,1,1,0,1,1
1,0,0,30.0,18,2,1,0,51,4,1,3,4,12500,1,1,3,2,1,0,0,0,1
1,0,1,55.0,22,1,0,0,51,4,1,3,4,12500,1,1,3,2,1,0,0,1,0
1,0,2,30.0,22,1,0,0,51,4,1,3,4,12500,1,1,3,2,1,1,0,0,1
1,0,0,80.0,18,4,1,0,51,4,1,3,4,12500,1,1,3,2,1,0,0,1,0
1,3,0,30.0,18,0,1,0,51,4,1,3,4,12500,1,1,3,2,1,1,1,0,1
1,3,0,30.0,22,0,0,0,51,4,1,3,4,12500,1,1,3,2,1,1,0,1,0
1,3,1,55.0,18,2,1,0,51,4,1,3,4,12500,1,1,3,2,1,0,0,1,1
2,0,1,55.0,7,2,1,0,51,4,1,3,4,12500,1,1,3,2,1,0,0,0,1
2,0,2,30.0,7,1,1,0,51,4,1,3,4,12500,1,1,3,2,1,0,0,1,1
2,0,2,30.0,7,3,1,0,51,4,1,3,4,12500,1,1,3,2,1,1,1,0,0
2,0,0,80.0,7,4,0,0,51,4,1,3,4,12500,1,1,3,2,1,0,0,1,0
0,1,0,80.0,18,0,0,1,26,0,0,5,5,25000,1,1,2,0,0,0,0,0,0
0,1,0,80.0,22,3,1,1,26,0,0,5,5,25000,1,1,2,0,0,1,0,0,1
0,1,0,55.0,22,3,0,1,26,0,0,5,5,25000,1,1,2,0,0,1,0,0,1
0,1,0,30.0,10,2,0,1,26,0,0,5,5,25000,1,1,2,0,0,0,0,0,0
0,1,2,30.0,14,0,1,1,26,0,0,5,5,25000,1,1,2,0,0,0,0,0,0
0,0,1,55.0,10,3,1,1,26,0,0,5,5,25000,1,1,2,0,0,1,0,0,0
0,0,0,80.0,10,0,0,1,26,0,0,5,5,25000,1,1,2,0,0,0,0,0,0
0,3,0,30.0,10,4,1,1,26,0,0,5,5,25000,1,1,2,0,0,0,0,0,0
0,3,1,55.0,18,3,0,1,26,0,0,5,5,25000,1,1,2,0,0,1,0,0,0
0,3,2,30.0,10,0,1,1,26,0,0,5,5,25000,1,1,2,0,0,0,0,0,0
1,0,0,80.0,18,2,0,1,26,0,0,5,5,25000,1,1,2,0,0,1,0,1,1
1,0,0,30.0,18,2,1,1,26,0,0,5,5,25000,1,1,2,0,0,0,0,0,1
1,0,1,55.0,22,1,0,1,26,0,0,5,5,25000,1,1,2,0,0,0,0,1,0
1,0,2,30.0,22,1,0,1,26,0,0,5,5,25000,1,1,2,0,0,1,0,0,0
1,0,0,80.0,18,4,1,1,26,0,0,5,5,25000,1,1,2,0,0,0,0,1,0
1,3,0,80.0,18,0,1,1,26,0,0,5,5,25000,1,1,2,0,0,1,1,0,0
1,3,0,30.0,22,0,0,1,26,0,0,5,5,25000,1,1,2,0,0,1,0,1,0
1,3,1,55.0,18,2,1,1,26,0,0,5,5,25000,1,1,2,0,0,0,0,1,1
2,0,1,55.0,7,2,1,1,26,0,0,5,5,25000,1,1,2,0,0,0,0,0,0
2,0,2,30.0,7,1,1,1,26,0,0,5,5,25000,1,1,2,0,0,0,0,1,1
2,0,2,30.0,7,3,1,1,26,0,0,5,5,25000,1,1,2,0,0,1,1,0,0
2,0,0,80.0,7,4,0,1,26,0,0,5,5,25000,1,1,2,0,0,0,0,1,0
0,2,0,30.0,22,4,0,0,21,2,1,2,6,25000,1,2,3,2,0,0,0,0,0
0,2,2,30.0,18,3,1,0,21,2,1,2,6,25000,1,2,3,2,0,0,0,0,1
0,1,0,80.0,18,0,0,0,21,2,1,2,6,25000,1,2,3,2,0,0,0,0,0
0,1,0,80.0,22,3,1,0,21,2,1,2,6,25000,1,2,3,2,0,1,0,0,0
0,1,0,55.0,22,3,0,0,21,2,1,2,6,25000,1,2,3,2,0,1,0,0,0
0,1,0,30.0,10,2,0,0,21,2,1,2,6,25000,1,2,3,2,0,0,0,0,0
0,1,2,30.0,14,0,1,0,21,2,1,2,6,25000,1,2,3,2,0,0,0,0,1
0,0,1,55.0,10,3,1,0,21,2,1,2,6,25000,1,2,3,2,0,1,0,0,0
0,0,0,80.0,10,0,0,0,21,2,1,2,6,25000,1,2,3,2,0,0,0,0,1
0,2,0,55.0,18,0,0,0,21,2,1,2,6,25000,1,2,3,2,0,1,0,0,0
1,2,0,55.0,22,4,1,0,21,2,1,2,6,25000,1,2,3,2,0,1,0,1,1
1,2,0,55.0,22,4,0,0,21,2,1,2,6,25000,1,2,3,2,0,1,0,0,0
1,3,0,30.0,22,3,0,0,21,2,1,2,6,25000,1,2,3,2,0,1,1,0,0
1,0,0,80.0,18,2,0,0,21,2,1,2,6,25000,1,2,3,2,0,1,0,1,0
1,0,0,30.0,18,2,1,0,21,2,1,2,6,25000,1,2,3,2,0,0,0,0,1
1,0,1,55.0,22,1,0,0,21,2,1,2,6,25000,1,2,3,2,0,0,0,1,0
1,0,2,30.0,22,1,0,0,21,2,1,2,6,25000,1,2,3,2,0,1,0,0,0
1,0,0,80.0,18,4,1,0,21,2,1,2,6,25000,1,2,3,2,0,0,0,1,0
2,0,1,55.0,7,2,1,0,21,2,1,2,6,25000,1,2,3,2,0,0,0,0,1
2,0,2,30.0,7,1,1,0,21,2,1,2,6,25000,1,2,3,2,0,0,0,1,1
2,0,2,30.0,7,3,1,0,21,2,1,2,6,25000,1,2,3,2,0,1,1,0,0
2,0,0,80.0,7,4,0,0,21,2,1,2,6,25000,1,2,3,2,0,0,0,1,0
0,1,0,80.0,18,0,0,1,26,1,0,2,0,100000,2,0,3,2,1,0,0,0,1
0,1,0,80.0,22,3,1,1,26,1,0,2,0,100000,2,0,3,2,1,1,0,0,1
0,1,0,55.0,22,3,0,1,26,1,0,2,0,100000,2,0,3,2,1,1,0,0,1
0,1,0,30.0,10,2,0,1,26,1,0,2,0,100000,2,0,3,2,1,0,0,0,0
0,1,2,30.0,14,0,1,1,26,1,0,2,0,100000,2,0,3,2,1,0,0,0,0
0,0,1,55.0,10,3,1,1,26,1,0,2,0,100000,2,0,3,2,1,1,0,0,1
0,0,1,55.0,14,2,0,1,26,1,0,2,0,100000,2,0,3,2,1,0,0,0,1
0,0,0,80.0,10,0,0,1,26,1,0,2,0,100000,2,0,3,2,1,0,0,0,0
0,0,2,30.0,10,0,1,1,26,1,0,2,0,100000,2,0,3,2,1,1,0,0,1
1,0,0,80.0,18,2,0,1,26,1,0,2,0,100000,2,0,3,2,1,1,0,1,1
1,0,0,30.0,18,2,1,1,26,1,0,2,0,100000,2,0,3,2,1,0,0,0,1
1,0,1,55.0,22,1,0,1,26,1,0,2,0,100000,2,0,3,2,1,0,0,1,0
1,0,2,30.0,22,1,0,1,26,1,0,2,0,100000,2,0,3,2,1,1,0,0,0
1,0,2,30.0,22,2,1,1,26,1,0,2,0,100000,2,0,3,2,1,1,1,0,1
1,0,0,80.0,18,4,1,1,26,1,0,2,0,100000,2,0,3,2,1,0,0,1,1
1,0,0,80.0,22,4,1,1,26,1,0,2,0,100000,2,0,3,2,1,0,0,0,1
2,0,1,55.0,7,0,0,1,26,1,0,2,0,100000,2,0,3,2,1,0,0,1,0
2,0,1,55.0,7,2,1,1,26,1,0,2,0,100000,2,0,3,2,1,0,0,0,0
2,0,2,30.0,7,1,1,1,26,1,0,2,0,100000,2,0,3,2,1,0,0,1,0
2,0,2,30.0,7,0,1,1,26,1,0,2,0,100000,2,0,3,2,1,1,0,0,0
2,0,2,30.0,7,3,1,1,26,1,0,2,0,100000,2,0,3,2,1,1,1,0,0
2,0,0,80.0,7,4,0,1,26,1,0,2,0,100000,2,0,3,2,1,0,0,1,1
0,1,0,80.0,18,0,0,0,16,1,0,2,2,100000,0,1,2,2,2,0,0,0,1
0,1,0,80.0,22,3,1,0,16,1,0,2,2,100000,0,1,2,2,2,1,0,0,1
0,1,0,55.0,22,3,0,0,16,1,0,2,2,100000,0,1,2,2,2,1,0,0,1
0,1,0,30.0,10,2,0,0,16,1,0,2,2,100000,0,1,2,2,2,0,0,0,1
0,1,2,30.0,14,0,1,0,16,1,0,2,2,100000,0,1,2,2,2,0,0,0,1
0,0,1,55.0,10,3,1,0,16,1,0,2,2,100000,0,1,2,2,2,1,0,0,1
0,0,1,55.0,14,2,0,0,16,1,0,2,2,100000,0,1,2,2,2,0,0,0,1
0,0,0,80.0,10,0,0,0,16,1,0,2,2,100000,0,1,2,2,2,0,0,0,1
0,0,2,30.0,10,0,1,0,16,1,0,2,2,100000,0,1,2,2,2,1,0,0,1
1,0,0,80.0,18,2,0,0,16,1,0,2,2,100000,0,1,2,2,2,1,0,1,1
1,0,0,30.0,18,2,1,0,16,1,0,2,2,100000,0,1,2,2,2,0,0,0,1
1,0,1,55.0,22,1,0,0,16,1,0,2,2,100000,0,1,2,2,2,0,0,1,0
1,0,2,30.0,22,1,0,0,16,1,0,2,2,100000,0,1,2,2,2,1,0,0,0
1,0,2,30.0,22,2,1,0,16,1,0,2,2,100000,0,1,2,2,2,1,1,0,1
1,0,0,80.0,22,4,1,0,16,1,0,2,2,100000,0,1,2,2,2,0,0,0,1
2,0,1,55.0,7,0,0,0,16,1,0,2,2,100000,0,1,2,2,2,0,0,1,0
2,0,1,55.0,7,2,1,0,16,1,0,2,2,100000,0,1,2,2,2,0,0,0,1
2,0,2,30.0,7,1,1,0,16,1,0,2,2,100000,0,1,2,2,2,0,0,1,1
2,0,2,30.0,7,0,1,0,16,1,0,2,2,100000,0,1,2,2,2,1,0,0,1
2,0,2,30.0,7,3,1,0,16,1,0,2,2,100000,0,1,2,2,2,1,1,0,1
2,0,0,80.0,7,4,0,0,16,1,0,2,2,100000,0,1,2,2,2,0,0,1,0
0,1,0,80.0,18,0,0,0,31,2,0,2,9,100000,1,1,4,3,1,0,0,0,1
0,1,0,80.0,22,3,1,0,31,2,0,2,9,100000,1,1,4,3,1,1,0,0,0
0,1,0,55.0,22,3,0,0,31,2,0,2,9,100000,1,1,4,3,1,1,0,0,0
0,1,0,30.0,10,2,0,0,31,2,0,2,9,100000,1,1,4,3,1,0,0,0,1
0,1,2,30.0,14,0,1,0,31,2,0,2,9,100000,1,1,4,3,1,0,0,0,1
0,0,1,55.0,10,3,1,0,31,2,0,2,9,100000,1,1,4,3,1,1,0,0,0
0,0,0,80.0,10,0,0,0,31,2,0,2,9,100000,1,1,4,3,1,0,0,0,1
0,3,0,30.0,10,4,1,0,31,2,0,2,9,100000,1,1,4,3,1,0,0,0,1
0,3,1,55.0,18,3,0,0,31,2,0,2,9,100000,1,1,4,3,1,1,0,0,0
0,3,2,30.0,10,0,1,0,31,2,0,2,9,100000,1,1,4,3,1,0,0,0,1
1,0,0,80.0,18,2,0,0,31,2,0,2,9,100000,1,1,4,3,1,1,0,1,0
1,0,0,30.0,18,2,1,0,31,2,0,2,9,100000,1,1,4,3,1,0,0,0,0
1,0,1,55.0,22,1,0,0,31,2,0,2,9,100000,1,1,4,3,1,0,0,1,0
1,0,2,30.0,22,1,0,0,31,2,0,2,9,100000,1,1,4,3,1,1,0,0,0
1,0,0,80.0,18,4,1,0,31,2,0,2,9,100000,1,1,4,3,1,0,0,1,0
1,3,0,30.0,18,0,1,0,31,2,0,2,9,100000,1,1,4,3,1,1,1,0,1
1,3,0,30.0,22,0,0,0,31,2,0,2,9,100000,1,1,4,3,1,1,0,1,0
1,3,1,55.0,18,2,1,0,31,2,0,2,9,100000,1,1,4,3,1,0,0,1,0
2,0,1,55.0,7,2,1,0,31,2,0,2,9,100000,1,1,4,3,1,0,0,0,0
2,0,2,30.0,7,1,1,0,31,2,0,2,9,100000,1,1,4,3,1,0,0,1,1
2,0,2,30.0,7,3,1,0,31,2,0,2,9,100000,1,1,4,3,1,1,1,0,0
2,0,0,80.0,7,4,0,0,31,2,0,2,9,100000,1,1,4,3,1,0,0,1,0
0,2,0,30.0,22,4,0,1,51,2,1,5,3,25000,1,2,2,2,1,0,0,0,1
0,2,2,30.0,18,3,1,1,51,2,1,5,3,25000,1,2,2,2,1,0,0,0,1
0,1,0,80.0,18,0,0,1,51,2,1,5,3,25000,1,2,2,2,1,0,0,0,1
0,1,0,80.0,22,3,1,1,51,2,1,5,3,25000,1,2,2,2,1,1,0,0,1
0,1,0,55.0,22,3,0,1,51,2,1,5,3,25000,1,2,2,2,1,1,0,0,1
0,1,0,30.0,10,2,0,1,51,2,1,5,3,25000,1,2,2,2,1,0,0,0,1
0,1,2,80.0,14,0,1,1,51,2,1,5,3,25000,1,2,2,2,1,0,0,0,1
0,0,1,55.0,10,3,1,1,51,2,1,5,3,25000,1,2,2,2,1,1,0,0,1
0,0,0,80.0,10,0,0,1,51,2,1,5,3,25000,1,2,2,2,1,0,0,0,1
0,2,0,55.0,18,0,0,1,51,2,1,5,3,25000,1,2,2,2,1,1,0,0,1
1,2,0,55.0,22,4,1,1,51,2,1,5,3,25000,1,2,2,2,1,1,0,1,0
1,2,0,55.0,22,4,0,1,51,2,1,5,3,25000,1,2,2,2,1,1,0,0,1
1,3,0,30.0,22,3,0,1,51,2,1,5,3,25000,1,2,2,2,1,1,1,0,1
1,0,0,80.0,18,2,0,1,51,2,1,5,3,25000,1,2,2,2,1,1,0,1,1
1,0,0,30.0,18,2,1,1,51,2,1,5,3,25000,1,2,2,2,1,0,0,0,1
1,0,1,55.0,22,1,0,1,51,2,1,5,3,25000,1,2,2,2,1,0,0,1,0
1,0,2,30.0,22,1,0,1,51,2,1,5,3,25000,1,2,2,2,1,1,0,0,0
1,0,0,80.0,18,4,1,1,51,2,1,5,3,25000,1,2,2,2,1,0,0,1,0
2,0,1,55.0,7,2,1,1,51,2,1,5,3,25000,1,2,2,2,1,0,0,0,1
2,0,2,30.0,7,1,1,1,51,2,1,5,3,25000,1,2,2,2,1,0,0,1,1
2,0,2,30.0,7,3,1,1,51,2,1,5,3,25000,1,2,2,2,1,1,1,0,1
2,0,0,80.0,7,4,0,1,51,2,1,5,3,25000,1,2,2,2,1,0,0,1,1
0,2,0,30.0,22,4,0,0,21,2,1,4,0,37500,0,1,2,2,1,0,0,0,0
0,2,2,30.0,18,3,1,0,21,2,1,4,0,37500,0,1,2,2,1,0,0,0,0
0,1,0,80.0,18,0,0,0,21,2,1,4,0,37500,0,1,2,2,1,0,0,0,1
0,1,0,80.0,22,3,1,0,21,2,1,4,0,37500,0,1,2,2,1,1,0,0,0
0,1,0,55.0,22,3,0,0,21,2,1,4,0,37500,0,1,2,2,1,1,0,0,0
0,1,0,30.0,10,2,0,0,21,2,1,4,0,37500,0,1,2,2,1,0,0,0,1
0,1,2,30.0,14,0,1,0,21,2,1,4,0,37500,0,1,2,2,1,0,0,0,1
0,0,1,55.0,10,3,1,0,21,2,1,4,0,37500,0,1,2,2,1,1,0,0,0
0,0,0,80.0,10,0,0,0,21,2,1,4,0,37500,0,1,2,2,1,0,0,0,1
0,2,0,55.0,18,0,0,0,21,2,1,4,0,37500,0,1,2,2,1,1,0,0,1
1,2,0,55.0,22,4,1,0,21,2,1,4,0,37500,0,1,2,2,1,1,0,1,1
1,2,0,55.0,22,4,0,0,21,2,1,4,0,37500,0,1,2,2,1,1,0,0,0
1,3,0,30.0,22,3,0,0,21,2,1,4,0,37500,0,1,2,2,1,1,1,0,0
1,0,0,80.0,18,2,0,0,21,2,1,4,0,37500,0,1,2,2,1,1,0,1,1
1,0,0,30.0,18,2,1,0,21,2,1,4,0,37500,0,1,2,2,1,0,0,0,1
1,0,1,55.0,22,1,0,0,21,2,1,4,0,37500,0,1,2,2,1,0,0,1,0
1,0,2,30.0,22,1,0,0,21,2,1,4,0,37500,0,1,2,2,1,1,0,0,0
1,0,0,80.0,18,4,1,0,21,2,1,4,0,37500,0,1,2,2,1,0,0,1,1
2,0,1,55.0,7,2,1,0,21,2,1,4,0,37500,0,1,2,2,1,0,0,0,1
2,0,2,30.0,7,1,1,0,21,2,1,4,0,37500,0,1,2,2,1,0,0,1,1
2,0,2,30.0,7,3,1,0,21,2,1,4,0,37500,0,1,2,2,1,1,1,0,0
2,0,0,80.0,7,4,0,0,21,2,1,4,0,37500,0,1,2,2,1,0,0,1,0
0,1,0,80.0,18,0,0,1,21,1,0,2,2,0,3,2,3,2,1,0,0,0,0
0,1,0,80.0,22,3,1,1,21,1,0,2,2,0,3,2,3,2,1,1,0,0,1
0,1,0,55.0,22,3,0,1,21,1,0,2,2,0,3,2,3,2,1,1,0,0,1
0,1,0,30.0,10,2,0,1,21,1,0,2,2,0,3,2,3,2,1,0,0,0,1
0,1,2,30.0,14,0,1,1,21,1,0,2,2,0,3,2,3,2,1,0,0,0,0
0,0,1,55.0,10,3,1,1,21,1,0,2,2,0,3,2,3,2,1,1,0,0,1
0,0,0,80.0,10,0,0,1,21,1,0,2,2,0,3,2,3,2,1,0,0,0,1
0,3,0,30.0,10,4,1,1,21,1,0,2,2,0,3,2,3,2,1,0,0,0,1
0,3,1,55.0,18,3,0,1,21,1,0,2,2,0,3,2,3,2,1,1,0,0,1
0,3,2,30.0,10,0,1,1,21,1,0,2,2,0,3,2,3,2,1,0,0,0,1
1,0,0,80.0,18,2,0,1,21,1,0,2,2,0,3,2,3,2,1,1,0,1,0
1,0,0,30.0,18,2,1,1,21,1,0,2,2,0,3,2,3,2,1,0,0,0,1
1,0,1,80.0,22,1,0,1,21,1,0,2,2,0,3,2,3,2,1,0,0,1,0
1,0,2,30.0,22,1,0,1,21,1,0,2,2,0,3,2,3,2,1,1,0,0,1
1,0,0,80.0,18,4,1,1,21,1,0,2,2,0,3,2,3,2,1,0,0,1,0
1,3,0,30.0,18,0,1,1,21,1,0,2,2,0,3,2,3,2,1,1,1,0,1
1,3,0,30.0,22,0,0,1,21,1,0,2,2,0,3,2,3,2,1,1,0,1,1
1,3,1,55.0,18,2,1,1,21,1,0,2,2,0,3,2,3,2,1,0,0,1,0
2,0,1,55.0,7,2,1,1,21,1,0,2,2,0,3,2,3,2,1,0,0,0,0
2,0,2,30.0,7,1,1,1,21,1,0,2,2,0,3,2,3,2,1,0,0,1,1
2,0,2,30.0,7,3,1,1,21,1,0,2,2,0,3,2,3,2,1,1,1,0,1
2,0,0,80.0,7,4,0,1,21,1,0,2,2,0,3,2,3,2,1,0,0,1,1
0,1,0,80.0,18,0,0,1,21,1,0,4,15,87500,2,1,1,1,1,0,0,0,0
0,1,0,80.0,22,3,1,1,21,1,0,4,15,87500,2,1,1,1,1,1,0,0,1
0,1,0,55.0,22,3,0,1,21,1,0,4,15,87500,2,1,1,1,1,1,0,0,1
0,1,0,30.0,10,2,0,1,21,1,0,4,15,87500,2,1,1,1,1,0,0,0,1
0,1,2,30.0,14,0,1,1,21,1,0,4,15,87500,2,1,1,1,1,0,0,0,1
0,0,1,55.0,10,3,1,1,21,1,0,4,15,87500,2,1,1,1,1,1,0,0,1
0,0,1,55.0,14,2,0,1,21,1,0,4,15,87500,2,1,1,1,1,0,0,0,1
0,0,0,80.0,10,0,0,1,21,1,0,4,15,87500,2,1,1,1,1,0,0,0,1
0,0,2,30.0,10,0,1,1,21,1,0,4,15,87500,2,1,1,1,1,1,0,0,1
1,0,0,80.0,18,2,0,1,21,1,0,4,15,87500,2,1,1,1,1,1,0,1,0
1,0,0,30.0,18,2,1,1,21,1,0,4,15,87500,2,1,1,1,1,0,0,0,1
1,0,1,55.0,22,1,0,1,21,1,0,4,15,87500,2,1,1,1,1,0,0,1,0
1,0,2,30.0,22,1,0,1,21,1,0,4,15,87500,2,1,1,1,1,1,0,0,0
1,0,2,30.0,22,2,1,1,21,1,0,4,15,87500,2,1,1,1,1,1,1,0,1
1,0,0,80.0,18,4,1,1,21,1,0,4,15,87500,2,1,1,1,1,0,0,1,0
1,0,0,80.0,22,4,1,1,21,1,0,4,15,87500,2,1,1,1,1,0,0,0,0
2,0,1,55.0,7,0,0,1,21,1,0,4,15,87500,2,1,1,1,1,0,0,1,0
2,0,1,55.0,7,2,1,1,21,1,0,4,15,87500,2,1,1,1,1,0,0,0,1
2,0,2,30.0,7,1,1,1,21,1,0,4,15,87500,2,1,1,1,1,0,0,1,0
2,0,2,30.0,7,0,1,1,21,1,0,4,15,87500,2,1,1,1,1,1,0,0,1
2,0,2,30.0,7,3,1,1,21,1,0,4,15,87500,2,1,1,1,1,1,1,0,1
2,0,0,80.0,7,4,0,1,21,1,0,4,15,87500,2,1,1,1,1,0,0,1,0
0,2,0,30.0,22,4,0,1,46,2,1,4,12,100000,1,0,2,2,2,0,0,0,0
0,2,2,30.0,18,3,1,1,46,2,1,4,12,100000,1,0,2,2,2,0,0,0,0
0,1,0,80.0,18,0,0,1,46,2,1,4,12,100000,1,0,2,2,2,0,0,0,1
0,1,0,80.0,22,3,1,1,46,2,1,4,12,100000,1,0,2,2,2,1,0,0,1
0,1,0,55.0,22,3,0,1,46,2,1,4,12,100000,1,0,2,2,2,1,0,0,1
0,1,0,30.0,10,2,0,1,46,2,1,4,12,100000,1,0,2,2,2,0,0,0,0
0,1,2,30.0,14,0,1,1,46,2,1,4,12,100000,1,0,2,2,2,0,0,0,1
0,0,1,55.0,10,3,1,1,46,2,1,4,12,100000,1,0,2,2,2,1,0,0,0
0,0,0,80.0,10,0,0,1,46,2,1,4,12,100000,1,0,2,2,2,0,0,0,0
0,2,0,55.0,18,0,0,1,46,2,1,4,12,100000,1,0,2,2,2,1,0,0,1
1,2,0,55.0,22,4,1,1,46,2,1,4,12,100000,1,0,2,2,2,1,0,1,1
1,2,0,55.0,22,4,0,1,46,2,1,4,12,100000,1,0,2,2,2,1,0,0,0
1,3,0,30.0,22,3,0,1,46,2,1,4,12,100000,1,0,2,2,2,1,1,0,0
1,0,0,80.0,18,2,0,1,46,2,1,4,12,100000,1,0,2,2,2,1,0,1,1
1,0,0,30.0,18,2,1,1,46,2,1,4,12,100000,1,0,2,2,2,0,0,0,0
1,0,1,55.0,22,1,0,1,46,2,1,4,12,100000,1,0,2,2,2,0,0,1,0
1,0,2,30.0,22,1,0,1,46,2,1,4,12,100000,1,0,2,2,2,1,0,0,0
1,0,0,80.0,18,4,1,1,46,2,1,4,12,100000,1,0,2,2,2,0,0,1,1
2,0,1,80.0,7,2,1,1,46,2,1,4,12,100000,1,0,2,2,2,0,0,0,0
2,0,2,30.0,7,1,1,1,46,2,1,4,12,100000,1,0,2,2,2,0,0,1,0
2,0,2,30.0,7,3,1,1,46,2,1,4,12,100000,1,0,2,2,2,1,1,0,1
2,0,0,80.0,7,4,0,1,46,2,1,4,12,100000,1,0,2,2,2,0,0,1,0
0,2,0,30.0,22,4,0,0,46,2,1,4,19,100000,0,3,3,2,1,0,0,0,0
0,2,2,30.0,18,3,1,0,46,2,1,4,19,100000,0,3,3,2,1,0,0,0,0
0,1,0,80.0,18,0,0,0,46,2,1,4,19,100000,0,3,3,2,1,0,0,0,1
0,1,0,80.0,22,3,1,0,46,2,1,4,19,100000,0,3,3,2,1,1,0,0,0
0,1,0,55.0,22,3,0,0,46,2,1,4,19,100000,0,3,3,2,1,1,0,0,0
0,1,0,30.0,10,2,0,0,46,2,1,4,19,100000,0,3,3,2,1,0,0,0,1
0,1,2,30.0,14,0,1,0,46,2,1,4,19,100000,0,3,3,2,1,0,0,0,1
0,0,1,55.0,10,3,1,0,46,2,1,4,19,100000,0,3,3,2,1,1,0,0,0
0,0,0,80.0,10,0,0,0,46,2,1,4,19,100000,0,3,3,2,1,0,0,0,1
0,2,0,55.0,18,0,0,0,46,2,1,4,19,100000,0,3,3,2,1,1,0,0,1
1,2,0,55.0,22,4,1,0,46,2,1,4,19,100000,0,3,3,2,1,1,0,1,0
1,2,0,55.0,22,4,0,0,46,2,1,4,19,100000,0,3,3,2,1,1,0,0,0
1,3,0,30.0,22,3,0,0,46,2,1,4,19,100000,0,3,3,2,1,1,1,0,0
1,0,0,80.0,18,2,0,0,46,2,1,4,19,100000,0,3,3,2,1,1,0,1,1
1,0,0,30.0,18,2,1,0,46,2,1,4,19,100000,0,3,3,2,1,0,0,0,1
1,0,1,55.0,22,1,0,0,46,2,1,4,19,100000,0,3,3,2,1,0,0,1,1
1,0,2,30.0,22,1,0,0,46,2,1,4,19,100000,0,3,3,2,1,1,0,0,1
1,0,0,80.0,18,4,1,0,46,2,1,4,19,100000,0,3,3,2,1,0,0,1,1
2,0,1,55.0,7,2,1,0,46,2,1,4,19,100000,0,3,3,2,1,0,0,0,1
2,0,2,30.0,7,1,1,0,46,2,1,4,19,100000,0,3,3,2,1,0,0,1,1
2,0,2,30.0,7,3,1,0,46,2,1,4,19,100000,0,3,3,2,1,1,1,0,0
2,0,0,80.0,7,4,0,0,46,2,1,4,19,100000,0,3,3,2,1,0,0,1,0
0,1,0,80.0,18,0,0,0,21,0,0,2,13,25000,0,0,2,0,0,0,0,0,1
0,1,0,80.0,22,3,1,0,21,0,0,2,13,25000,0,0,2,0,0,1,0,0,1
0,1,0,55.0,22,3,0,0,21,0,0,2,13,25000,0,0,2,0,0,1,0,0,1
0,1,0,30.0,10,2,0,0,21,0,0,2,13,25000,0,0,2,0,0,0,0,0,1
0,1,2,30.0,14,0,1,0,21,0,0,2,13,25000,0,0,2,0,0,0,0,0,1
0,0,1,55.0,10,3,1,0,21,0,0,2,13,25000,0,0,2,0,0,1,0,0,1
0,0,0,80.0,10,0,0,0,21,0,0,2,13,25000,0,0,2,0,0,0,0,0,1
0,3,0,30.0,10,4,1,0,21,0,0,2,13,25000,0,0,2,0,0,0,0,0,0
0,3,1,55.0,18,3,0,0,21,0,0,2,13,25000,0,0,2,0,0,1,0,0,1
0,3,2,30.0,10,0,1,0,21,0,0,2,13,25000,0,0,2,0,0,0,0,0,1
1,0,0,80.0,18,2,0,0,21,0,0,2,13,25000,0,0,2,0,0,1,0,1,1
1,0,0,30.0,18,2,1,0,21,0,0,2,13,25000,0,0,2,0,0,0,0,0,1
1,0,1,55.0,22,1,0,0,21,0,0,2,13,25000,0,0,2,0,0,0,0,1,1
1,0,2,30.0,22,1,0,0,21,0,0,2,13,25000,0,0,2,0,0,1,0,0,0
1,0,0,80.0,18,4,1,0,21,0,0,2,13,25000,0,0,2,0,0,0,0,1,1
1,3,0,30.0,18,0,1,0,21,0,0,2,13,25000,0,0,2,0,0,1,1,0,1
1,3,0,30.0,22,0,0,0,21,0,0,2,13,25000,0,0,2,0,0,1,0,1,0
1,3,1,55.0,18,2,1,0,21,0,0,2,13,25000,0,0,2,0,0,0,0,1,1
2,0,1,55.0,7,2,1,0,21,0,0,2,13,25000,0,0,2,0,0,0,0,0,1
2,0,2,30.0,7,1,1,0,21,0,0,2,13,25000,0,0,2,0,0,0,0,1,1
2,0,2,30.0,7,3,1,0,21,0,0,2,13,25000,0,0,2,0,0,1,1,0,1
2,0,0,80.0,7,4,0,0,21,0,0,2,13,25000,0,0,2,0,0,0,0,1,1
0,1,0,80.0,18,0,0,0,36,2,0,4,0,25000,1,2,3,3,3,0,0,0,1
0,1,0,80.0,22,3,1,0,36,2,0,4,0,25000,1,2,3,3,3,1,0,0,1
0,1,0,80.0,22,3,0,0,36,2,0,4,0,25000,1,2,3,3,3,1,0,0,1
0,1,0,30.0,10,2,0,0,36,2,0,4,0,25000,1,2,3,3,3,0,0,0,1
0,1,2,30.0,14,0,1,0,36,2,0,4,0,25000,1,2,3,3,3,0,0,0,1
0,0,1,55.0,10,3,1,0,36,2,0,4,0,25000,1,2,3,3,3,1,0,0,0
0,0,0,80.0,10,0,0,0,36,2,0,4,0,25000,1,2,3,3,3,0,0,0,1
0,3,0,30.0,10,4,1,0,36,2,0,4,0,25000,1,2,3,3,3,0,0,0,1
0,3,1,55.0,18,3,0,0,36,2,0,4,0,25000,1,2,3,3,3,1,0,0,0
0,3,2,30.0,10,0,1,0,36,2,0,4,0,25000,1,2,3,3,3,0,0,0,1
1,0,0,80.0,18,2,0,0,36,2,0,4,0,25000,1,2,3,3,3,1,0,1,1
1,0,0,30.0,18,2,1,0,36,2,0,4,0,25000,1,2,3,3,3,0,0,0,0
1,0,1,55.0,22,1,0,0,36,2,0,4,0,25000,1,2,3,3,3,0,0,1,0
1,0,2,30.0,22,1,0,0,36,2,0,4,0,25000,1,2,3,3,3,1,0,0,0
1,0,0,80.0,18,4,1,0,36,2,0,4,0,25000,1,2,3,3,3,0,0,1,1
1,3,0,30.0,18,0,1,0,36,2,0,4,0,25000,1,2,3,3,3,1,1,0,0
1,3,0,30.0,22,0,0,0,36,2,0,4,0,25000,1,2,3,3,3,1,0,1,0
1,3,1,55.0,18,2,1,0,36,2,0,4,0,25000,1,2,3,3,3,0,0,1,1
2,0,1,55.0,7,2,1,0,36,2,0,4,0,25000,1,2,3,3,3,0,0,0,0
2,0,2,30.0,7,1,1,0,36,2,0,4,0,25000,1,2,3,3,3,0,0,1,1
2,0,2,30.0,7,3,1,0,36,2,0,4,0,25000,1,2,3,3,3,1,1,0,0
2,0,0,80.0,7,4,0,0,36,2,0,4,0,25000,1,2,3,3,3,0,0,1,0
0,1,0,80.0,18,0,0,0,21,0,0,4,0,25000,0,0,2,2,1,0,0,0,1
0,1,0,80.0,22,3,1,0,21,0,0,4,0,25000,0,0,2,2,1,1,0,0,0
0,1,0,55.0,22,3,0,0,21,0,0,4,0,25000,0,0,2,2,1,1,0,0,0
0,1,0,30.0,10,2,0,0,21,0,0,4,0,25000,0,0,2,2,1,0,0,0,0
0,1,2,30.0,14,0,1,0,21,0,0,4,0,25000,0,0,2,2,1,0,0,0,1
0,0,1,55.0,10,3,1,0,21,0,0,4,0,25000,0,0,2,2,1,1,0,0,0
0,0,0,80.0,10,0,0,0,21,0,0,4,0,25000,0,0,2,2,1,0,0,0,1
0,3,0,30.0,10,4,1,0,21,0,0,4,0,25000,0,0,2,2,1,0,0,0,1
0,3,1,55.0,18,3,0,0,21,0,0,4,0,25000,0,0,2,2,1,1,0,0,0
0,3,2,30.0,10,0,1,0,21,0,0,4,0,25000,0,0,2,2,1,0,0,0,0
1,0,0,80.0,18,2,0,0,21,0,0,4,0,25000,0,0,2,2,1,1,0,1,0
1,0,0,30.0,18,2,1,0,21,0,0,4,0,25000,0,0,2,2,1,0,0,0,1
1,0,1,55.0,22,1,0,0,21,0,0,4,0,25000,0,0,2,2,1,0,0,1,0
1,0,2,30.0,22,1,0,0,21,0,0,4,0,25000,0,0,2,2,1,1,0,0,0
1,0,0,80.0,18,4,1,0,21,0,0,4,0,25000,0,0,2,2,1,0,0,1,0
1,3,0,30.0,18,0,1,0,21,0,0,4,0,25000,0,0,2,2,1,1,1,0,1
1,3,0,30.0,22,0,0,0,21,0,0,4,0,25000,0,0,2,2,1,1,0,1,0
1,3,1,55.0,18,2,1,0,21,0,0,4,0,25000,0,0,2,2,1,0,0,1,1
2,0,1,55.0,7,2,1,0,21,0,0,4,0,25000,0,0,2,2,1,0,0,0,1
2,0,2,30.0,7,1,1,0,21,0,0,4,0,25000,0,0,2,2,1,0,0,1,0
2,0,2,30.0,7,3,1,0,21,0,0,4,0,25000,0,0,2,2,1,1,1,0,0
2,0,0,80.0,7,4,0,0,21,0,0,4,0,25000,0,0,2,2,1,0,0,1,0
0,1,0,80.0,18,0,0,0,31,1,0,3,8,75000,0,1,4,2,1,0,0,0,0
0,1,0,80.0,22,3,1,0,31,1,0,3,8,75000,0,1,4,2,1,1,0,0,0
0,1,0,55.0,22,3,0,0,31,1,0,3,8,75000,0,1,4,2,1,1,0,0,0
0,1,0,30.0,10,2,0,0,31,1,0,3,8,75000,0,1,4,2,1,0,0,0,0
0,1,2,30.0,14,0,1,0,31,1,0,3,8,75000,0,1,4,2,1,0,0,0,0
0,0,1,55.0,10,3,1,0,31,1,0,3,8,75000,0,1,4,2,1,1,0,0,0
0,0,1,55.0,14,2,0,0,31,1,0,3,8,75000,0,1,4,2,1,0,0,0,0
0,0,0,80.0,10,0,0,0,31,1,0,3,8,75000,0,1,4,2,1,0,0,0,0
0,0,2,80.0,10,0,1,0,31,1,0,3,8,75000,0,1,4,2,1,1,0,0,0
1,0,0,80.0,18,2,0,0,31,1,0,3,8,75000,0,1,4,2,1,1,0,1,0
1,0,0,30.0,18,2,1,0,31,1,0,3,8,75000,0,1,4,2,1,0,0,0,0
1,0,1,55.0,22,1,0,0,31,1,0,3,8,75000,0,1,4,2,1,0,0,1,0
1,0,2,30.0,22,1,0,0,31,1,0,3,8,75000,0,1,4,2,1,1,0,0,0
1,0,2,30.0,22,2,1,0,31,1,0,3,8,75000,0,1,4,2,1,1,1,0,0
1,0,0,80.0,18,4,1,0,31,1,0,3,8,75000,0,1,4,2,1,0,0,1,0
1,0,0,80.0,22,4,1,0,31,1,0,3,8,75000,0,1,4,2,1,0,0,0,0
2,0,1,55.0,7,0,0,0,31,1,0,3,8,75000,0,1,4,2,1,0,0,1,0
2,0,1,55.0,7,2,1,0,31,1,0,3,8,75000,0,1,4,2,1,0,0,0,0
2,0,2,30.0,7,1,1,0,31,1,0,3,8,75000,0,1,4,2,1,0,0,1,1
2,0,2,30.0,7,3,1,0,31,1,0,3,8,75000,0,1,4,2,1,1,1,0,0
2,0,0,80.0,7,4,0,0,31,1,0,3,8,75000,0,1,4,2,1,0,0,1,0
0,1,0,80.0,18,0,0,1,26,1,0,1,0,37500,4,4,4,4,4,0,0,0,0
0,1,0,80.0,22,3,1,1,26,1,0,1,0,37500,4,4,4,4,4,1,0,0,1
0,1,0,55.0,22,3,0,1,26,1,0,1,0,37500,4,4,4,4,4,1,0,0,0
0,1,0,30.0,10,2,0,1,26,1,0,1,0,37500,4,4,4,4,4,0,0,0,0
0,1,2,30.0,14,0,1,1,26,1,0,1,0,37500,4,4,4,4,4,0,0,0,1
0,0,1,55.0,10,3,1,1,26,1,0,1,0,37500,4,4,4,4,4,1,0,0,1
0,0,1,55.0,14,2,0,1,26,1,0,1,0,37500,4,4,4,4,4,0,0,0,0
0,0,0,80.0,10,0,0,1,26,1,0,1,0,37500,4,4,4,4,4,0,0,0,0
0,0,2,30.0,10,0,1,1,26,1,0,1,0,37500,4,4,4,4,4,1,0,0,1
1,0,0,80.0,18,2,0,1,26,1,0,1,0,37500,4,4,4,4,4,1,0,1,0
1,0,0,30.0,18,2,1,1,26,1,0,1,0,37500,4,4,4,4,4,0,0,0,1
1,0,1,55.0,22,1,0,1,26,1,0,1,0,37500,4,4,4,4,4,0,0,1,0
1,0,2,30.0,22,1,0,1,26,1,0,1,0,37500,4,4,4,4,4,1,0,0,0
1,0,2,30.0,22,2,1,1,26,1,0,1,0,37500,4,4,4,4,4,1,1,0,1
1,0,0,80.0,18,4,1,1,26,1,0,1,0,37500,4,4,4,4,4,0,0,1,1
1,0,0,80.0,22,4,1,1,26,1,0,1,0,37500,4,4,4,4,4,0,0,0,1
2,0,1,55.0,7,0,0,1,26,1,0,1,0,37500,4,4,4,4,4,0,0,1,0
2,0,1,55.0,7,2,1,1,26,1,0,1,0,37500,4,4,4,4,4,0,0,0,1
2,0,2,30.0,7,1,1,1,26,1,0,1,0,37500,4,4,4,4,4,0,0,1,1
2,0,2,30.0,7,0,1,1,26,1,0,1,0,37500,4,4,4,4,4,1,0,0,1
2,0,2,30.0,7,3,1,1,26,1,0,1,0,37500,4,4,4,4,4,1,1,0,1
2,0,0,80.0,7,4,0,1,26,1,0,1,0,37500,4,4,4,4,4,0,0,1,0
0,2,0,30.0,22,4,0,0,26,0,1,2,9,50000,3,4,2,2,2,0,0,0,0
0,2,2,30.0,18,3,1,0,26,0,1,2,9,50000,3,4,2,2,2,0,0,0,1
0,1,0,80.0,18,0,0,0,26,0,1,2,9,50000,3,4,2,2,2,0,0,0,1
0,1,0,80.0,22,3,1,0,26,0,1,2,9,50000,3,4,2,2,2,1,0,0,1
0,1,0,55.0,22,3,0,0,26,0,1,2,9,50000,3,4,2,2,2,1,0,0,1
0,1,0,30.0,10,2,0,0,26,0,1,2,9,50000,3,4,2,2,2,0,0,0,1
0,1,2,30.0,14,0,1,0,26,0,1,2,9,50000,3,4,2,2,2,0,0,0,1
0,0,1,55.0,10,3,1,0,26,0,1,2,9,50000,3,4,2,2,2,1,0,0,1
0,0,0,80.0,10,0,0,0,26,0,1,2,9,50000,3,4,2,2,2,0,0,0,1
0,2,0,55.0,18,0,0,0,26,0,1,2,9,50000,3,4,2,2,2,1,0,0,1
1,2,0,55.0,22,4,1,0,26,0,1,2,9,50000,3,4,2,2,2,1,0,1,1
1,2,0,55.0,22,4,0,0,26,0,1,2,9,50000,3,4,2,2,2,1,0,0,0
1,3,0,30.0,22,3,0,0,26,0,1,2,9,50000,3,4,2,2,2,1,1,0,1
1,0,0,80.0,18,2,0,0,26,0,1,2,9,50000,3,4,2,2,2,1,0,1,1
1,0,0,30.0,18,2,1,0,26,0,1,2,9,50000,3,4,2,2,2,0,0,0,1
1,0,1,80.0,22,1,0,0,26,0,1,2,9,50000,3,4,2,2,2,0,0,1,0
1,0,2,30.0,22,1,0,0,26,0,1,2,9,50000,3,4,2,2,2,1,0,0,0
1,0,0,80.0,18,4,1,0,26,0,1,2,9,50000,3,4,2,2,2,0,0,1,1
2,0,1,55.0,7,2,1,0,26,0,1,2,9,50000,3,4,2,2,2,0,0,0,0
2,0,2,30.0,7,1,1,0,26,0,1,2,9,50000,3,4,2,2,2,0,0,1,1
2,0,2,30.0,7,3,1,0,26,0,1,2,9,50000,3,4,2,2,2,1,1,0,1
2,0,0,80.0,7,4,0,0,26,0,1,2,9,50000,3,4,2,2,2,0,0,1,0
0,1,0,80.0,18,0,0,0,21,2,0,2,4,12500,1,2,2,2,1,0,0,0,1
0,1,0,80.0,22,3,1,0,21,2,0,2,4,12500,1,2,2,2,1,1,0,0,1
0,1,0,55.0,22,3,0,0,21,2,0,2,4,12500,1,2,2,2,1,1,0,0,1
0,1,0,30.0,10,2,0,0,21,2,0,2,4,12500,1,2,2,2,1,0,0,0,1
0,1,2,30.0,14,0,1,0,21,2,0,2,4,12500,1,2,2,2,1,0,0,0,1
0,0,1,55.0,10,3,1,0,21,2,0,2,4,12500,1,2,2,2,1,1,0,0,0
0,0,0,80.0,10,0,0,0,21,2,0,2,4,12500,1,2,2,2,1,0,0,0,0
0,3,0,30.0,10,4,1,0,21,2,0,2,4,12500,1,2,2,2,1,0,0,0,0
0,3,1,55.0,18,3,0,0,21,2,0,2,4,12500,1,2,2,2,1,1,0,0,1
0,3,2,30.0,10,0,1,0,21,2,0,2,4,12500,1,2,2,2,1,0,0,0,1
1,0,0,80.0,18,2,0,0,21,2,0,2,4,12500,1,2,2,2,1,1,0,1,1
1,0,0,30.0,18,2,1,0,21,2,0,2,4,12500,1,2,2,2,1,0,0,0,1
1,0,1,55.0,22,1,0,0,21,2,0,2,4,12500,1,2,2,2,1,0,0,1,0
1,0,2,30.0,22,1,0,0,21,2,0,2,4,12500,1,2,2,2,1,1,0,0,0
1,0,0,80.0,18,4,1,0,21,2,0,2,4,12500,1,2,2,2,1,0,0,1,0
1,3,0,30.0,18,0,1,0,21,2,0,2,4,12500,1,2,2,2,1,1,1,0,1
1,3,0,30.0,22,0,0,0,21,2,0,2,4,12500,1,2,2,2,1,1,0,1,0
1,3,1,55.0,18,2,1,0,21,2,0,2,4,12500,1,2,2,2,1,0,0,1,1
2,0,1,55.0,7,2,1,0,21,2,0,2,4,12500,1,2,2,2,1,0,0,0,0
2,0,2,30.0,7,1,1,0,21,2,0,2,4,12500,1,2,2,2,1,0,0,1,1
2,0,2,30.0,7,3,1,0,21,2,0,2,4,12500,1,2,2,2,1,1,1,0,0
2,0,0,80.0,7,4,0,0,21,2,0,2,4,12500,1,2,2,2,1,0,0,1,0
0,1,0,80.0,18,0,0,1,51,2,1,2,19,100000,1,2,3,2,2,0,0,0,1
0,1,0,80.0,22,3,1,1,51,2,1,2,19,100000,1,2,3,2,2,1,0,0,1
0,1,0,55.0,22,3,0,1,51,2,1,2,19,100000,1,2,3,2,2,1,0,0,1
0,1,0,30.0,10,2,0,1,51,2,1,2,19,100000,1,2,3,2,2,0,0,0,1
0,1,2,30.0,14,0,1,1,51,2,1,2,19,100000,1,2,3,2,2,0,0,0,1
0,0,1,55.0,10,3,1,1,51,2,1,2,19,100000,1,2,3,2,2,1,0,0,0
0,0,0,80.0,10,0,0,1,51,2,1,2,19,100000,1,2,3,2,2,0,0,0,1
0,3,0,30.0,10,4,1,1,51,2,1,2,19,100000,1,2,3,2,2,0,0,0,1
0,3,1,55.0,18,3,0,1,51,2,1,2,19,100000,1,2,3,2,2,1,0,0,0
0,3,2,30.0,10,0,1,1,51,2,1,2,19,100000,1,2,3,2,2,0,0,0,1
1,0,0,80.0,18,2,0,1,51,2,1,2,19,100000,1,2,3,2,2,1,0,1,1
1,0,0,30.0,18,2,1,1,51,2,1,2,19,100000,1,2,3,2,2,0,0,0,1
1,0,1,55.0,22,1,0,1,51,2,1,2,19,100000,1,2,3,2,2,0,0,1,1
1,0,2,30.0,22,1,0,1,51,2,1,2,19,100000,1,2,3,2,2,1,0,0,1
1,0,0,80.0,18,4,1,1,51,2,1,2,19,100000,1,2,3,2,2,0,0,1,1
1,3,0,30.0,18,0,1,1,51,2,1,2,19,100000,1,2,3,2,2,1,1,0,0
1,3,0,30.0,22,0,0,1,51,2,1,2,19,100000,1,2,3,2,2,1,0,1,1
1,3,1,55.0,18,2,1,1,51,2,1,2,19,100000,1,2,3,2,2,0,0,1,1
2,0,1,55.0,7,2,1,1,51,2,1,2,19,100000,1,2,3,2,2,0,0,0,1
2,0,2,30.0,7,1,1,1,51,2,1,2,19,100000,1,2,3,2,2,0,0,1,1
2,0,2,30.0,7,3,1,1,51,2,1,2,19,100000,1,2,3,2,2,1,1,0,0
2,0,0,80.0,7,4,0,1,51,2,1,2,19,100000,1,2,3,2,2,0,0,1,1
0,1,0,80.0,18,0,0,1,26,1,1,0,0,0,2,4,3,3,3,0,0,0,1
0,1,0,80.0,22,3,1,1,26,1,1,0,0,0,2,4,3,3,3,1,0,0,1
0,1,0,55.0,22,3,0,1,26,1,1,0,0,0,2,4,3,3,3,1,0,0,1
0,1,0,30.0,10,2,0,1,26,1,1,0,0,0,2,4,3,3,3,0,0,0,0
0,1,2,30.0,14,0,1,1,26,1,1,0,0,0,2,4,3,3,3,0,0,0,1
0,0,1,55.0,10,3,1,1,26,1,1,0,0,0,2,4,3,3,3,1,0,0,1
0,0,1,55.0,14,2,0,1,26,1,1,0,0,0,2,4,3,3,3,0,0,0,1
0,0,0,80.0,10,0,0,1,26,1,1,0,0,0,2,4,3,3,3,0,0,0,0
0,0,2,30.0,10,0,1,1,26,1,1,0,0,0,2,4,3,3,3,1,0,0,0
1,0,0,80.0,18,2,0,1,26,1,1,0,0,0,2,4,3,3,3,1,0,1,1
1,0,0,30.0,18,2,1,1,26,1,1,0,0,0,2,4,3,3,3,0,0,0,1
1,0,1,55.0,22,1,0,1,26,1,1,0,0,0,2,4,3,3,3,0,0,1,0
1,0,2,30.0,22,1,0,1,26,1,1,0,0,0,2,4,3,3,3,1,0,0,0
1,0,2,30.0,22,2,1,1,26,1,1,0,0,0,2,4,3,3,3,1,1,0,1
1,0,0,80.0,18,4,1,1,26,1,1,0,0,0,2,4,3,3,3,0,0,1,1
1,0,0,80.0,22,4,1,1,26,1,1,0,0,0,2,4,3,3,3,0,0,0,1
2,0,1,55.0,7,0,0,1,26,1,1,0,0,0,2,4,3,3,3,0,0,1,1
2,0,1,55.0,7,2,1,1,26,1,1,0,0,0,2,4,3,3,3,0,0,0,1
2,0,2,30.0,7,1,1,1,26,1,1,0,0,0,2,4,3,3,3,0,0,1,1
2,0,2,30.0,7,0,1,1,26,1,1,0,0,0,2,4,3,3,3,1,0,0,0
2,0,2,30.0,7,3,1,1,26,1,1,0,0,0,2,4,3,3,3,1,1,0,1
2,0,0,80.0,7,4,0,1,26,1,1,0,0,0,2,4,3,3,3,0,0,1,0
0,1,0,80.0,18,0,0,0,51,4,1,1,16,12500,0,0,3,2,1,0,0,0,1
0,1,0,80.0,22,3,1,0,51,4,1,1,16,12500,0,0,3,2,1,1,0,0,0
0,1,0,55.0,22,3,0,0,51,4,1,1,16,12500,0,0,3,2,1,1,0,0,0
0,1,0,30.0,10,2,0,0,51,4,1,1,16,12500,0,0,3,2,1,0,0,0,1
0,1,2,30.0,14,0,1,0,51,4,1,1,16,12500,0,0,3,2,1,0,0,0,1
0,0,1,55.0,10,3,1,0,51,4,1,1,16,12500,0,0,3,2,1,1,0,0,0
0,0,1,55.0,14,2,0,0,51,4,1,1,16,12500,0,0,3,2,1,0,0,0,1
0,0,0,80.0,10,0,0,0,51,4,1,1,16,12500,0,0,3,2,1,0,0,0,1
0,0,2,30.0,10,0,1,0,51,4,1,1,16,12500,0,0,3,2,1,1,0,0,1
1,0,0,80.0,18,2,0,0,51,4,1,1,16,12500,0,0,3,2,1,1,0,1,1
1,0,0,30.0,18,2,1,0,51,4,1,1,16,12500,0,0,3,2,1,0,0,0,1
1,0,1,55.0,22,1,0,0,51,4,1,1,16,12500,0,0,3,2,1,0,0,1,0
1,0,2,30.0,22,1,0,0,51,4,1,1,16,12500,0,0,3,2,1,1,0,0,0
1,0,2,30.0,22,2,1,0,51,4,1,1,16,12500,0,0,3,2,1,1,1,0,0
1,0,0,80.0,18,4,1,0,51,4,1,1,16,12500,0,0,3,2,1,0,0,1,1
1,0,0,80.0,22,4,1,0,51,4,1,1,16,12500,0,0,3,2,1,0,0,0,0
2,0,1,55.0,7,0,0,0,51,4,1,1,16,12500,0,0,3,2,1,0,0,1,0
2,0,1,55.0,7,2,1,0,51,4,1,1,16,12500,0,0,3,2,1,0,0,0,1
2,0,2,30.0,7,1,1,0,51,4,1,1,16,12500,0,0,3,2,1,0,0,1,1
2,0,2,30.0,7,0,1,0,51,4,1,1,16,12500,0,0,3,2,1,1,0,0,0
2,0,2,30.0,7,3,1,0,51,4,1,1,16,12500,0,0,3,2,1,1,1,0,0
2,0,0,80.0,7,4,0,0,51,4,1,1,16,12500,0,0,3,2,1,0,0,1,0
0,1,0,80.0,18,0,0,0,36,2,0,4,0,100000,1,0,2,1,1,0,0,0,0
0,1,0,80.0,22,3,1,0,36,2,0,4,0,100000,1,0,2,1,1,1,0,0,0
0,1,0,55.0,22,3,0,0,36,2,0,4,0,100000,1,0,2,1,1,1,0,0,0
0,1,0,30.0,10,2,0,0,36,2,0,4,0,100000,1,0,2,1,1,0,0,0,0
0,1,2,30.0,14,0,1,0,36,2,0,4,0,100000,1,0,2,1,1,0,0,0,0
0,0,1,80.0,10,3,1,0,36,2,0,4,0,100000,1,0,2,1,1,1,0,0,0
0,0,0,80.0,10,0,0,0,36,2,0,4,0,100000,1,0,2,1,1,0,0,0,0
0,3,0,30.0,10,4,1,0,36,2,0,4,0,100000,1,0,2,1,1,0,0,0,0
0,3,1,55.0,18,3,0,0,36,2,0,4,0,100000,1,0,2,1,1,1,0,0,0
0,3,2,30.0,10,0,1,0,36,2,0,4,0,100000,1,0,2,1,1,0,0,0,0
1,0,0,80.0,18,2,0,0,36,2,0,4,0,100000,1,0,2,1,1,1,0,1,0
1,0,0,30.0,18,2,1,0,36,2,0,4,0,100000,1,0,2,1,1,0,0,0,0
1,0,1,55.0,22,1,0,0,36,2,0,4,0,100000,1,0,2,1,1,0,0,1,0
1,0,2,30.0,22,1,0,0,36,2,0,4,0,100000,1,0,2,1,1,1,0,0,0
1,0,0,80.0,18,4,1,0,36,2,0,4,0,100000,1,0,2,1,1,0,0,1,0
1,3,0,30.0,18,0,1,0,36,2,0,4,0,100000,1,0,2,1,1,1,1,0,0
1,3,0,30.0,22,0,0,0,36,2,0,4,0,100000,1,0,2,1,1,1,0,1,0
1,3,1,55.0,18,2,1,0,36,2,0,4,0,100000,1,0,2,1,1,0,0,1,0
2,0,1,55.0,7,2,1,0,36,2,0,4,0,100000,1,0,2,1,1,0,0,0,0
2,0,2,30.0,7,1,1,0,36,2,0,4,0,100000,1,0,2,1,1,0,0,1,0
2,0,2,30.0,7,3,1,0,36,2,0,4,0,100000,1,0,2,1,1,1,1,0,0
2,0,0,80.0,7,4,0,0,36,2,0,4,0,100000,1,0,2,1,1,0,0,1,0
0,2,0,30.0,22,4,0,1,31,2,1,2,9,37500,0,0,2,2,2,0,0,0,0
0,2,2,30.0,18,3,1,1,31,2,1,2,9,37500,0,0,2,2,2,0,0,0,0
0,1,0,80.0,18,0,0,1,31,2,1,2,9,37500,0,0,2,2,2,0,0,0,1
0,1,0,80.0,22,3,1,1,31,2,1,2,9,37500,0,0,2,2,2,1,0,0,0
0,1,0,55.0,22,3,0,1,31,2,1,2,9,37500,0,0,2,2,2,1,0,0,0
0,1,0,30.0,10,2,0,1,31,2,1,2,9,37500,0,0,2,2,2,0,0,0,1
0,1,2,30.0,14,0,1,1,31,2,1,2,9,37500,0,0,2,2,2,0,0,0,0
0,0,1,55.0,10,3,1,1,31,2,1,2,9,37500,0,0,2,2,2,1,0,0,0
0,0,0,80.0,10,0,0,1,31,2,1,2,9,37500,0,0,2,2,2,0,0,0,0
0,2,0,55.0,18,0,0,1,31,2,1,2,9,37500,0,0,2,2,2,1,0,0,1
1,2,0,55.0,22,4,0,1,31,2,1,2,9,37500,0,0,2,2,2,1,0,0,1
1,3,0,30.0,22,3,0,1,31,2,1,2,9,37500,0,0,2,2,2,1,1,0,0
1,0,0,80.0,18,2,0,1,31,2,1,2,9,37500,0,0,2,2,2,1,0,1,0
1,0,0,30.0,18,2,1,1,31,2,1,2,9,37500,0,0,2,2,2,0,0,0,0
1,0,1,55.0,22,1,0,1,31,2,1,2,9,37500,0,0,2,2,2,0,0,1,0
1,0,2,30.0,22,1,0,1,31,2,1,2,9,37500,0,0,2,2,2,1,0,0,0
1,0,0,80.0,18,4,1,1,31,2,1,2,9,37500,0,0,2,2,2,0,0,1,0
2,0,1,55.0,7,2,1,1,31,2,1,2,9,37500,0,0,2,2,2,0,0,0,1
2,0,2,30.0,7,1,1,1,31,2,1,2,9,37500,0,0,2,2,2,0,0,1,1
2,0,2,30.0,7,3,1,1,31,2,1,2,9,37500,0,0,2,2,2,1,1,0,0
2,0,0,80.0,7,4,0,1,31,2,1,2,9,37500,0,0,2,2,2,0,0,1,0
0,1,0,80.0,18,0,0,0,31,1,0,4,3,25000,1,3,1,3,2,0,0,0,1
0,1,0,80.0,22,3,1,0,31,1,0,4,3,25000,1,3,1,3,2,1,0,0,0
0,1,0,55.0,22,3,0,0,31,1,0,4,3,25000,1,3,1,3,2,1,0,0,0
0,1,0,30.0,10,2,0,0,31,1,0,4,3,25000,1,3,1,3,2,0,0,0,0
0,1,2,30.0,14,0,1,0,31,1,0,4,3,25000,1,3,1,3,2,0,0,0,1
0,0,1,55.0,10,3,1,0,31,1,0,4,3,25000,1,3,1,3,2,1,0,0,0
0,0,1,55.0,14,2,0,0,31,1,0,4,3,25000,1,3,1,3,2,0,0,0,1
0,0,0,80.0,10,0,0,0,31,1,0,4,3,25000,1,3,1,3,2,0,0,0,1
0,0,2,30.0,10,0,1,0,31,1,0,4,3,25000,1,3,1,3,2,1,0,0,1
1,0,0,80.0,18,2,0,0,31,1,0,4,3,25000,1,3,1,3,2,1,0,1,1
1,0,0,30.0,18,2,1,0,31,1,0,4,3,25000,1,3,1,3,2,0,0,0,1
1,0,1,55.0,22,1,0,0,31,1,0,4,3,25000,1,3,1,3,2,0,0,1,0
1,0,2,80.0,22,1,0,0,31,1,0,4,3,25000,1,3,1,3,2,1,0,0,0
1,0,2,30.0,22,2,1,0,31,1,0,4,3,25000,1,3,1,3,2,1,1,0,0
1,0,0,80.0,18,4,1,0,31,1,0,4,3,25000,1,3,1,3,2,0,0,1,1
1,0,0,80.0,22,4,1,0,31,1,0,4,3,25000,1,3,1,3,2,0,0,0,1
2,0,1,55.0,7,0,0,0,31,1,0,4,3,25000,1,3,1,3,2,0,0,1,0
2,0,1,55.0,7,2,1,0,31,1,0,4,3,25000,1,3,1,3,2,0,0,0,1
2,0,2,30.0,7,1,1,0,31,1,0,4,3,25000,1,3,1,3,2,0,0,1,1
2,0,2,30.0,7,0,1,0,31,1,0,4,3,25000,1,3,1,3,2,1,0,0,1
2,0,2,30.0,7,3,1,0,31,1,0,4,3,25000,1,3,1,3,2,1,1,0,0
2,0,0,80.0,7,4,0,0,31,1,0,4,3,25000,1,3,1,3,2,0,0,1,0
0,1,0,80.0,18,0,0,1,26,1,0,4,0,12500,2,1,3,2,1,0,0,0,0
0,1,0,80.0,22,3,1,1,26,1,0,4,0,12500,2,1,3,2,1,1,0,0,1
0,1,0,55.0,22,3,0,1,26,1,0,4,0,12500,2,1,3,2,1,1,0,0,1
0,1,0,30.0,10,2,0,1,26,1,0,4,0,12500,2,1,3,2,1,0,0,0,1
0,1,2,30.0,14,0,1,1,26,1,0,4,0,12500,2,1,3,2,1,0,0,0,1
0,0,1,55.0,10,3,1,1,26,1,0,4,0,12500,2,1,3,2,1,1,0,0,1
0,0,1,55.0,14,2,0,1,26,1,0,4,0,12500,2,1,3,2,1,0,0,0,1
0,0,0,80.0,10,0,0,1,26,1,0,4,0,12500,2,1,3,2,1,0,0,0,1
0,0,2,30.0,10,0,1,1,26,1,0,4,0,12500,2,1,3,2,1,1,0,0,1
1,0,0,80.0,18,2,0,1,26,1,0,4,0,12500,2,1,3,2,1,1,0,1,1
1,0,0,30.0,18,2,1,1,26,1,0,4,0,12500,2,1,3,2,1,0,0,0,1
1,0,1,55.0,22,1,0,1,26,1,0,4,0,12500,2,1,3,2,1,0,0,1,0
1,0,2,30.0,22,1,0,1,26,1,0,4,0,12500,2,1,3,2,1,1,0,0,0
1,0,2,30.0,22,2,1,1,26,1,0,4,0,12500,2,1,3,2,1,1,1,0,1
1,0,0,80.0,18,4,1,1,26,1,0,4,0,12500,2,1,3,2,1,0,0,1,1
1,0,0,80.0,22,4,1,1,26,1,0,4,0,12500,2,1,3,2,1,0,0,0,0
2,0,1,55.0,7,0,0,1,26,1,0,4,0,12500,2,1,3,2,1,0,0,1,0
2,0,1,55.0,7,2,1,1,26,1,0,4,0,12500,2,1,3,2,1,0,0,0,1
2,0,2,30.0,7,1,1,1,26,1,0,4,0,12500,2,1,3,2,1,0,0,1,1
2,0,2,30.0,7,0,1,1,26,1,0,4,0,12500,2,1,3,2,1,1,0,0,1
2,0,2,30.0,7,3,1,1,26,1,0,4,0,12500,2,1,3,2,1,1,1,0,1
2,0,0,80.0,7,4,0,1,26,1,0,4,0,12500,2,1,3,2,1,0,0,1,0
0,2,0,30.0,22,4,0,0,36,2,1,4,3,37500,1,1,2,2,2,0,0,0,0
0,2,2,30.0,18,3,1,0,36,2,1,4,3,37500,1,1,2,2,2,0,0,0,0
0,1,0,80.0,18,0,0,0,36,2,1,4,3,37500,1,1,2,2,2,0,0,0,0
0,1,0,80.0,22,3,1,0,36,2,1,4,3,37500,1,1,2,2,2,1,0,0,0
0,1,0,55.0,22,3,0,0,36,2,1,4,3,37500,1,1,2,2,2,1,0,0,0
0,1,0,30.0,10,2,0,0,36,2,1,4,3,37500,1,1,2,2,2,0,0,0,0
0,1,2,30.0,14,0,1,0,36,2,1,4,3,37500,1,1,2,2,2,0,0,0,0
0,0,1,55.0,10,3,1,0,36,2,1,4,3,37500,1,1,2,2,2,1,0,0,0
0,0,0,80.0,10,0,0,0,36,2,1,4,3,37500,1,1,2,2,2,0,0,0,0
0,2,0,55.0,18,0,0,0,36,2,1,4,3,37500,1,1,2,2,2,1,0,0,1
1,2,0,55.0,22,4,1,0,36,2,1,4,3,37500,1,1,2,2,2,1,0,1,0
1,2,0,55.0,22,4,0,0,36,2,1,4,3,37500,1,1,2,2,2,1,0,0,0
1,3,0,30.0,22,3,0,0,36,2,1,4,3,37500,1,1,2,2,2,1,1,0,0
1,0,0,80.0,18,2,0,0,36,2,1,4,3,37500,1,1,2,2,2,1,0,1,1
1,0,0,30.0,18,2,1,0,36,2,1,4,3,37500,1,1,2,2,2,0,0,0,1
1,0,1,55.0,22,1,0,0,36,2,1,4,3,37500,1,1,2,2,2,0,0,1,0
1,0,2,30.0,22,1,0,0,36,2,1,4,3,37500,1,1,2,2,2,1,0,0,0
1,0,0,80.0,18,4,1,0,36,2,1,4,3,37500,1,1,2,2,2,0,0,1,1
2,0,1,80.0,7,2,1,0,36,2,1,4,3,37500,1,1,2,2,2,0,0,0,1
2,0,2,30.0,7,1,1,0,36,2,1,4,3,37500,1,1,2,2,2,0,0,1,0
2,0,2,30.0,7,3,1,0,36,2,1,4,3,37500,1,1,2,2,2,1,1,0,0
2,0,0,80.0,7,4,0,0,36,2,1,4,3,37500,1,1,2,2,2,0,0,1,0
0,2,0,30.0,22,4,0,1,31,2,1,2,20,100000,2,1,3,2,3,0,0,0,0
0,2,2,30.0,18,3,1,1,31,2,1,2,20,100000,2,1,3,2,3,0,0,0,0
0,1,0,80.0,18,0,0,1,31,2,1,2,20,100000,2,1,3,2,3,0,0,0,1
0,1,0,80.0,22,3,1,1,31,2,1,2,20,100000,2,1,3,2,3,1,0,0,1
0,1,0,55.0,22,3,0,1,31,2,1,2,20,100000,2,1,3,2,3,1,0,0,1
0,1,0,30.0,10,2,0,1,31,2,1,2,20,100000,2,1,3,2,3,0,0,0,1
0,1,2,30.0,14,0,1,1,31,2,1,2,20,100000,2,1,3,2,3,0,0,0,0
0,0,1,55.0,10,3,1,1,31,2,1,2,20,100000,2,1,3,2,3,1,0,0,0
0,0,0,80.0,10,0,0,1,31,2,1,2,20,100000,2,1,3,2,3,0,0,0,0
0,2,0,55.0,18,0,0,1,31,2,1,2,20,100000,2,1,3,2,3,1,0,0,1
1,2,0,55.0,22,4,1,1,31,2,1,2,20,100000,2,1,3,2,3,1,0,1,1
1,2,0,55.0,22,4,0,1,31,2,1,2,20,100000,2,1,3,2,3,1,0,0,0
1,3,0,30.0,22,3,0,1,31,2,1,2,20,100000,2,1,3,2,3,1,1,0,1
1,0,0,80.0,18,2,0,1,31,2,1,2,20,100000,2,1,3,2,3,1,0,1,1
1,0,0,30.0,18,2,1,1,31,2,1,2,20,100000,2,1,3,2,3,0,0,0,1
1,0,1,55.0,22,1,0,1,31,2,1,2,20,100000,2,1,3,2,3,0,0,1,1
1,0,2,30.0,22,1,0,1,31,2,1,2,20,100000,2,1,3,2,3,1,0,0,0
1,0,0,80.0,18,4,1,1,31,2,1,2,20,100000,2,1,3,2,3,0,0,1,1
2,0,1,55.0,7,2,1,1,31,2,1,2,20,100000,2,1,3,2,3,0,0,0,1
2,0,2,30.0,7,1,1,1,31,2,1,2,20,100000,2,1,3,2,3,0,0,1,0
2,0,2,30.0,7,3,1,1,31,2,1,2,20,100000,2,1,3,2,3,1,1,0,1
2,0,0,80.0,7,4,0,1,31,2,1,2,20,100000,2,1,3,2,3,0,0,1,0
0,2,0,30.0,22,4,0,0,51,2,1,4,0,37500,0,1,2,2,2,0,0,0,0
0,2,2,30.0,18,3,1,0,51,2,1,4,0,37500,0,1,2,2,2,0,0,0,1
0,1,0,80.0,18,0,0,0,51,2,1,4,0,37500,0,1,2,2,2,0,0,0,1
0,1,0,80.0,22,3,1,0,51,2,1,4,0,37500,0,1,2,2,2,1,0,0,0
0,1,0,55.0,22,3,0,0,51,2,1,4,0,37500,0,1,2,2,2,1,0,0,0
0,1,0,30.0,10,2,0,0,51,2,1,4,0,37500,0,1,2,2,2,0,0,0,1
0,1,2,30.0,14,0,1,0,51,2,1,4,0,37500,0,1,2,2,2,0,0,0,1
0,0,1,55.0,10,3,1,0,51,2,1,4,0,37500,0,1,2,2,2,1,0,0,0
0,0,0,80.0,10,0,0,0,51,2,1,4,0,37500,0,1,2,2,2,0,0,0,0
0,2,0,55.0,18,0,0,0,51,2,1,4,0,37500,0,1,2,2,2,1,0,0,1
1,2,0,55.0,22,4,1,0,51,2,1,4,0,37500,0,1,2,2,2,1,0,1,1
1,2,0,55.0,22,4,0,0,51,2,1,4,0,37500,0,1,2,2,2,1,0,0,0
1,3,0,30.0,22,3,0,0,51,2,1,4,0,37500,0,1,2,2,2,1,1,0,0
1,0,0,80.0,18,2,0,0,51,2,1,4,0,37500,0,1,2,2,2,1,0,1,1
1,0,0,30.0,18,2,1,0,51,2,1,4,0,37500,0,1,2,2,2,0,0,0,1
1,0,1,55.0,22,1,0,0,51,2,1,4,0,37500,0,1,2,2,2,0,0,1,0
1,0,2,30.0,22,1,0,0,51,2,1,4,0,37500,0,1,2,2,2,1,0,0,0
1,0,0,80.0,18,4,1,0,51,2,1,4,0,37500,0,1,2,2,2,0,0,1,1
2,0,1,55.0,7,2,1,0,51,2,1,4,0,37500,0,1,2,2,2,0,0,0,1
2,0,2,30.0,7,1,1,0,51,2,1,4,0,37500,0,1,2,2,2,0,0,1,1
2,0,2,30.0,7,3,1,0,51,2,1,4,0,37500,0,1,2,2,2,1,1,0,0
2,0,0,80.0,7,4,0,0,51,2,1,4,0,37500,0,1,2,2,2,0,0,1,0
0,1,0,80.0,18,0,0,1,41,3,1,1,6,12500,0,1,1,2,3,0,0,0,1
0,1,0,80.0,22,3,1,1,41,3,1,1,6,12500,0,1,1,2,3,1,0,0,0
0,1,0,80.0,22,3,0,1,41,3,1,1,6,12500,0,1,1,2,3,1,0,0,1
0,1,0,30.0,10,2,0,1,41,3,1,1,6,12500,0,1,1,2,3,0,0,0,1
0,1,2,30.0,14,0,1,1,41,3,1,1,6,12500,0,1,1,2,3,0,0,0,1
0,0,1,55.0,10,3,1,1,41,3,1,1,6,12500,0,1,1,2,3,1,0,0,0
0,0,1,55.0,14,2,0,1,41,3,1,1,6,12500,0,1,1,2,3,0,0,0,1
0,0,0,80.0,10,0,0,1,41,3,1,1,6,12500,0,1,1,2,3,0,0,0,1
0,0,2,30.0,10,0,1,1,41,3,1,1,6,12500,0,1,1,2,3,1,0,0,1
1,0,0,80.0,18,2,0,1,41,3,1,1,6,12500,0,1,1,2,3,1,0,1,1
1,0,0,30.0,18,2,1,1,41,3,1,1,6,12500,0,1,1,2,3,0,0,0,1
1,0,1,55.0,22,1,0,1,41,3,1,1,6,12500,0,1,1,2,3,0,0,1,1
1,0,2,30.0,22,1,0,1,41,3,1,1,6,12500,0,1,1,2,3,1,0,0,0
1,0,2,30.0,22,2,1,1,41,3,1,1,6,12500,0,1,1,2,3,1,1,0,1
1,0,0,80.0,18,4,1,1,41,3,1,1,6,12500,0,1,1,2,3,0,0,1,1
1,0,0,80.0,22,4,1,1,41,3,1,1,6,12500,0,1,1,2,3,0,0,0,1
2,0,1,55.0,7,0,0,1,41,3,1,1,6,12500,0,1,1,2,3,0,0,1,0
2,0,1,55.0,7,2,1,1,41,3,1,1,6,12500,0,1,1,2,3,0,0,0,0
2,0,2,30.0,7,1,1,1,41,3,1,1,6,12500,0,1,1,2,3,0,0,1,1
2,0,2,30.0,7,0,1,1,41,3,1,1,6,12500,0,1,1,2,3,1,0,0,0
2,0,2,30.0,7,3,1,1,41,3,1,1,6,12500,0,1,1,2,3,1,1,0,0
2,0,0,80.0,7,4,0,1,41,3,1,1,6,12500,0,1,1,2,3,0,0,1,0
0,1,0,80.0,18,0,0,0,26,0,0,2,13,50000,2,0,3,3,1,0,0,0,1
0,1,0,80.0,22,3,1,0,26,0,0,2,13,50000,2,0,3,3,1,1,0,0,1
0,1,0,55.0,22,3,0,0,26,0,0,2,13,50000,2,0,3,3,1,1,0,0,1
0,1,0,30.0,10,2,0,0,26,0,0,2,13,50000,2,0,3,3,1,0,0,0,1
0,1,2,30.0,14,0,1,0,26,0,0,2,13,50000,2,0,3,3,1,0,0,0,1
0,0,1,55.0,10,3,1,0,26,0,0,2,13,50000,2,0,3,3,1,1,0,0,1
0,0,0,80.0,10,0,0,0,26,0,0,2,13,50000,2,0,3,3,1,0,0,0,1
0,3,0,30.0,10,4,1,0,26,0,0,2,13,50000,2,0,3,3,1,0,0,0,1
0,3,1,55.0,18,3,0,0,26,0,0,2,13,50000,2,0,3,3,1,1,0,0,1
0,3,2,30.0,10,0,1,0,26,0,0,2,13,50000,2,0,3,3,1,0,0,0,1
1,0,0,80.0,18,2,0,0,26,0,0,2,13,50000,2,0,3,3,1,1,0,1,1
1,0,0,30.0,18,2,1,0,26,0,0,2,13,50000,2,0,3,3,1,0,0,0,1
1,0,1,55.0,22,1,0,0,26,0,0,2,13,50000,2,0,3,3,1,0,0,1,0
1,0,2,30.0,22,1,0,0,26,0,0,2,13,50000,2,0,3,3,1,1,0,0,0
1,0,0,80.0,18,4,1,0,26,0,0,2,13,50000,2,0,3,3,1,0,0,1,0
1,3,0,30.0,18,0,1,0,26,0,0,2,13,50000,2,0,3,3,1,1,1,0,1
1,3,0,30.0,22,0,0,0,26,0,0,2,13,50000,2,0,3,3,1,1,0,1,1
1,3,1,55.0,18,2,1,0,26,0,0,2,13,50000,2,0,3,3,1,0,0,1,1
2,0,1,55.0,7,2,1,0,26,0,0,2,13,50000,2,0,3,3,1,0,0,0,1
2,0,2,30.0,7,1,1,0,26,0,0,2,13,50000,2,0,3,3,1,0,0,1,0
2,0,2,30.0,7,3,1,0,26,0,0,2,13,50000,2,0,3,3,1,1,1,0,0
2,0,0,80.0,7,4,0,0,26,0,0,2,13,50000,2,0,3,3,1,0,0,1,0
0,1,0,80.0,18,0,0,1,26,1,1,2,6,0,0,0,0,2,0,0,0,0,1
0,1,0,80.0,22,3,1,1,26,1,1,2,6,0,0,0,0,2,0,1,0,0,0
0,1,0,55.0,22,3,0,1,26,1,1,2,6,0,0,0,0,2,0,1,0,0,0
0,1,0,30.0,10,2,0,1,26,1,1,2,6,0,0,0,0,2,0,0,0,0,1
0,1,2,30.0,14,0,1,1,26,1,1,2,6,0,0,0,0,2,0,0,0,0,1
0,0,1,55.0,10,3,1,1,26,1,1,2,6,0,0,0,0,2,0,1,0,0,0
0,0,0,80.0,10,0,0,1,26,1,1,2,6,0,0,0,0,2,0,0,0,0,1
0,3,0,30.0,10,4,1,1,26,1,1,2,6,0,0,0,0,2,0,0,0,0,0
0,3,1,55.0,18,3,0,1,26,1,1,2,6,0,0,0,0,2,0,1,0,0,0
0,3,2,30.0,10,0,1,1,26,1,1,2,6,0,0,0,0,2,0,0,0,0,1
1,0,0,80.0,18,2,0,1,26,1,1,2,6,0,0,0,0,2,0,1,0,1,1
1,0,0,30.0,18,2,1,1,26,1,1,2,6,0,0,0,0,2,0,0,0,0,1
1,0,1,55.0,22,1,0,1,26,1,1,2,6,0,0,0,0,2,0,0,0,1,0
1,0,2,30.0,22,1,0,1,26,1,1,2,6,0,0,0,0,2,0,1,0,0,0
1,0,0,80.0,18,4,1,1,26,1,1,2,6,0,0,0,0,2,0,0,0,1,0
1,3,0,30.0,18,0,1,1,26,1,1,2,6,0,0,0,0,2,0,1,1,0,1
1,3,0,30.0,22,0,0,1,26,1,1,2,6,0,0,0,0,2,0,1,0,1,1
1,3,1,55.0,18,2,1,1,26,1,1,2,6,0,0,0,0,2,0,0,0,1,1
2,0,1,55.0,7,2,1,1,26,1,1,2,6,0,0,0,0,2,0,0,0,0,1
2,0,2,30.0,7,1,1,1,26,1,1,2,6,0,0,0,0,2,0,0,0,1,0
2,0,2,30.0,7,3,1,1,26,1,1,2,6,0,0,0,0,2,0,1,1,0,0
2,0,0,80.0,7,4,0,1,26,1,1,2,6,0,0,0,0,2,0,0,0,1,0
0,1,0,80.0,18,0,0,1,21,0,0,1,21,12500,2,0,4,3,2,0,0,0,1
0,1,0,80.0,22,3,1,1,21,0,0,1,21,12500,2,0,4,3,2,1,0,0,1
0,1,0,55.0,22,3,0,1,21,0,0,1,21,12500,2,0,4,3,2,1,0,0,1
0,1,0,30.0,10,2,0,1,21,0,0,1,21,12500,2,0,4,3,2,0,0,0,0
0,1,2,30.0,14,0,1,1,21,0,0,1,21,12500,2,0,4,3,2,0,0,0,0
0,0,1,55.0,10,3,1,1,21,0,0,1,21,12500,2,0,4,3,2,1,0,0,0
0,0,1,55.0,14,2,0,1,21,0,0,1,21,12500,2,0,4,3,2,0,0,0,0
0,0,0,80.0,10,0,0,1,21,0,0,1,21,12500,2,0,4,3,2,0,0,0,0
0,0,2,30.0,10,0,1,1,21,0,0,1,21,12500,2,0,4,3,2,1,0,0,0
1,0,0,80.0,18,2,0,1,21,0,0,1,21,12500,2,0,4,3,2,1,0,1,1
1,0,0,30.0,18,2,1,1,21,0,0,1,21,12500,2,0,4,3,2,0,0,0,1
1,0,1,55.0,22,1,0,1,21,0,0,1,21,12500,2,0,4,3,2,0,0,1,0
1,0,2,30.0,22,1,0,1,21,0,0,1,21,12500,2,0,4,3,2,1,0,0,0
1,0,2,30.0,22,2,1,1,21,0,0,1,21,12500,2,0,4,3,2,1,1,0,0
1,0,0,80.0,18,4,1,1,21,0,0,1,21,12500,2,0,4,3,2,0,0,1,1
1,0,0,80.0,22,4,1,1,21,0,0,1,21,12500,2,0,4,3,2,0,0,0,0
2,0,1,55.0,7,0,0,1,21,0,0,1,21,12500,2,0,4,3,2,0,0,1,0
2,0,1,55.0,7,2,1,1,21,0,0,1,21,12500,2,0,4,3,2,0,0,0,1
2,0,2,30.0,7,1,1,1,21,0,0,1,21,12500,2,0,4,3,2,0,0,1,0
2,0,2,30.0,7,0,1,1,21,0,0,1,21,12500,2,0,4,3,2,1,0,0,0
2,0,2,30.0,7,3,1,1,21,0,0,1,21,12500,2,0,4,3,2,1,1,0,0
2,0,0,80.0,7,4,0,1,21,0,0,1,21,12500,2,0,4,3,2,0,0,1,0
0,1,0,80.0,18,0,0,0,26,2,0,4,13,50000,0,1,2,2,0,0,0,0,1
0,1,0,80.0,22,3,1,0,26,2,0,4,13,50000,0,1,2,2,0,1,0,0,0
0,1,0,55.0,22,3,0,0,26,2,0,4,13,50000,0,1,2,2,0,1,0,0,0
0,1,0,30.0,10,2,0,0,26,2,0,4,13,50000,0,1,2,2,0,0,0,0,0
0,1,2,30.0,14,0,1,0,26,2,0,4,13,50000,0,1,2,2,0,0,0,0,1
0,0,1,55.0,10,3,1,0,26,2,0,4,13,50000,0,1,2,2,0,1,0,0,0
0,0,0,80.0,10,0,0,0,26,2,0,4,13,50000,0,1,2,2,0,0,0,0,0
0,3,0,30.0,10,4,1,0,26,2,0,4,13,50000,0,1,2,2,0,0,0,0,0
0,3,1,55.0,18,3,0,0,26,2,0,4,13,50000,0,1,2,2,0,1,0,0,0
0,3,2,30.0,10,0,1,0,26,2,0,4,13,50000,0,1,2,2,0,0,0,0,1
1,0,0,80.0,18,2,0,0,26,2,0,4,13,50000,0,1,2,2,0,1,0,1,1
1,0,0,30.0,18,2,1,0,26,2,0,4,13,50000,0,1,2,2,0,0,0,0,0
1,0,1,55.0,22,1,0,0,26,2,0,4,13,50000,0,1,2,2,0,0,0,1,0
1,0,2,30.0,22,1,0,0,26,2,0,4,13,50000,0,1,2,2,0,1,0,0,0
1,0,0,80.0,18,4,1,0,26,2,0,4,13,50000,0,1,2,2,0,0,0,1,1
1,3,0,30.0,18,0,1,0,26,2,0,4,13,50000,0,1,2,2,0,1,1,0,1
1,3,0,30.0,22,0,0,0,26,2,0,4,13,50000,0,1,2,2,0,1,0,1,0
1,3,1,55.0,18,2,1,0,26,2,0,4,13,50000,0,1,2,2,0,0,0,1,1
2,0,1,55.0,7,2,1,0,26,2,0,4,13,50000,0,1,2,2,0,0,0,0,1
2,0,2,30.0,7,1,1,0,26,2,0,4,13,50000,0,1,2,2,0,0,0,1,1
2,0,2,30.0,7,3,1,0,26,2,0,4,13,50000,0,1,2,2,0,1,1,0,0
2,0,0,80.0,7,4,0,0,26,2,0,4,13,50000,0,1,2,2,0,0,0,1,0
0,1,0,80.0,18,0,0,1,21,1,0,2,2,12500,0,0,2,2,1,0,0,0,1
0,1,0,80.0,22,3,1,1,21,1,0,2,2,12500,0,0,2,2,1,1,0,0,1
0,1,0,55.0,22,3,0,1,21,1,0,2,2,12500,0,0,2,2,1,1,0,0,1
0,1,0,30.0,10,2,0,1,21,1,0,2,2,12500,0,0,2,2,1,0,0,0,0
0,1,2,30.0,14,0,1,1,21,1,0,2,2,12500,0,0,2,2,1,0,0,0,0
0,0,1,55.0,10,3,1,1,21,1,0,2,2,12500,0,0,2,2,1,1,0,0,1
0,0,1,55.0,14,2,0,1,21,1,0,2,2,12500,0,0,2,2,1,0,0,0,0
0,0,0,80.0,10,0,0,1,21,1,0,2,2,12500,0,0,2,2,1,0,0,0,1
0,0,2,30.0,10,0,1,1,21,1,0,2,2,12500,0,0,2,2,1,1,0,0,0
1,0,0,80.0,18,2,0,1,21,1,0,2,2,12500,0,0,2,2,1,1,0,1,1
1,0,0,30.0,18,2,1,1,21,1,0,2,2,12500,0,0,2,2,1,0,0,0,1
1,0,1,55.0,22,1,0,1,21,1,0,2,2,12500,0,0,2,2,1,0,0,1,1
1,0,2,30.0,22,1,0,1,21,1,0,2,2,12500,0,0,2,2,1,1,0,0,0
1,0,2,30.0,22,2,1,1,21,1,0,2,2,12500,0,0,2,2,1,1,1,0,1
1,0,0,80.0,18,4,1,1,21,1,0,2,2,12500,0,0,2,2,1,0,0,1,1
1,0,0,80.0,22,4,1,1,21,1,0,2,2,12500,0,0,2,2,1,0,0,0,0
2,0,1,55.0,7,0,0,1,21,1,0,2,2,12500,0,0,2,2,1,0,0,1,0
2,0,1,55.0,7,2,1,1,21,1,0,2,2,12500,0,0,2,2,1,0,0,0,0
2,0,2,30.0,7,1,1,1,21,1,0,2,2,12500,0,0,2,2,1,0,0,1,0
2,0,2,30.0,7,0,1,1,21,1,0,2,2,12500,0,0,2,2,1,1,0,0,0
2,0,2,30.0,7,3,1,1,21,1,0,2,2,12500,0,0,2,2,1,1,1,0,0
2,0,0,80.0,7,4,0,1,21,1,0,2,2,12500,0,0,2,2,1,0,0,1,0
0,1,0,80.0,18,0,0,0,51,3,1,2,11,12500,0,1,2,2,1,0,0,0,1
0,1,0,80.0,22,3,1,0,51,3,1,2,11,12500,0,1,2,2,1,1,0,0,1
0,1,0,55.0,22,3,0,0,51,3,1,2,11,12500,0,1,2,2,1,1,0,0,0
0,1,0,30.0,10,2,0,0,51,3,1,2,11,12500,0,1,2,2,1,0,0,0,1
0,1,2,30.0,14,0,1,0,51,3,1,2,11,12500,0,1,2,2,1,0,0,0,1
0,0,1,55.0,10,3,1,0,51,3,1,2,11,12500,0,1,2,2,1,1,0,0,0
0,0,1,55.0,14,2,0,0,51,3,1,2,11,12500,0,1,2,2,1,0,0,0,1
0,0,0,80.0,10,0,0,0,51,3,1,2,11,12500,0,1,2,2,1,0,0,0,0
0,0,2,30.0,10,0,1,0,51,3,1,2,11,12500,0,1,2,2,1,1,0,0,0
1,0,0,80.0,18,2,0,0,51,3,1,2,11,12500,0,1,2,2,1,1,0,1,1
1,0,0,30.0,18,2,1,0,51,3,1,2,11,12500,0,1,2,2,1,0,0,0,1
1,0,1,55.0,22,1,0,0,51,3,1,2,11,12500,0,1,2,2,1,0,0,1,1
1,0,2,30.0,22,1,0,0,51,3,1,2,11,12500,0,1,2,2,1,1,0,0,0
1,0,2,30.0,22,2,1,0,51,3,1,2,11,12500,0,1,2,2,1,1,1,0,1
1,0,0,80.0,18,4,1,0,51,3,1,2,11,12500,0,1,2,2,1,0,0,1,0
1,0,0,80.0,22,4,1,0,51,3,1,2,11,12500,0,1,2,2,1,0,0,0,0
2,0,1,55.0,7,0,0,0,51,3,1,2,11,12500,0,1,2,2,1,0,0,1,0
2,0,1,55.0,7,2,1,0,51,3,1,2,11,12500,0,1,2,2,1,0,0,0,0
2,0,2,30.0,7,1,1,0,51,3,1,2,11,12500,0,1,2,2,1,0,0,1,1
2,0,2,30.0,7,0,1,0,51,3,1,2,11,12500,0,1,2,2,1,1,0,0,0
2,0,2,30.0,7,3,1,0,51,3,1,2,11,12500,0,1,2,2,1,1,1,0,0
2,0,0,80.0,7,4,0,0,51,3,1,2,11,12500,0,1,2,2,1,0,0,1,0
0,1,0,80.0,18,0,0,0,21,0,0,4,0,37500,0,3,2,2,1,0,0,0,1
0,1,0,80.0,22,3,1,0,21,0,0,4,0,37500,0,3,2,2,1,1,0,0,0
0,1,0,55.0,22,3,0,0,21,0,0,4,0,37500,0,3,2,2,1,1,0,0,0
0,1,0,30.0,10,2,0,0,21,0,0,4,0,37500,0,3,2,2,1,0,0,0,1
0,1,2,30.0,14,0,1,0,21,0,0,4,0,37500,0,3,2,2,1,0,0,0,1
0,0,1,55.0,10,3,1,0,21,0,0,4,0,37500,0,3,2,2,1,1,0,0,0
0,0,0,80.0,10,0,0,0,21,0,0,4,0,37500,0,3,2,2,1,0,0,0,0
0,3,0,30.0,10,4,1,0,21,0,0,4,0,37500,0,3,2,2,1,0,0,0,0
0,3,1,55.0,18,3,0,0,21,0,0,4,0,37500,0,3,2,2,1,1,0,0,0
0,3,2,30.0,10,0,1,0,21,0,0,4,0,37500,0,3,2,2,1,0,0,0,1
1,0,0,80.0,18,2,0,0,21,0,0,4,0,37500,0,3,2,2,1,1,0,1,1
1,0,0,30.0,18,2,1,0,21,0,0,4,0,37500,0,3,2,2,1,0,0,0,1
1,0,1,55.0,22,1,0,0,21,0,0,4,0,37500,0,3,2,2,1,0,0,1,1
1,0,2,30.0,22,1,0,0,21,0,0,4,0,37500,0,3,2,2,1,1,0,0,0
1,0,0,80.0,18,4,1,0,21,0,0,4,0,37500,0,3,2,2,1,0,0,1,0
1,3,0,30.0,18,0,1,0,21,0,0,4,0,37500,0,3,2,2,1,1,1,0,1
1,3,0,30.0,22,0,0,0,21,0,0,4,0,37500,0,3,2,2,1,1,0,1,0
1,3,1,55.0,18,2,1,0,21,0,0,4,0,37500,0,3,2,2,1,0,0,1,1
2,0,1,55.0,7,2,1,0,21,0,0,4,0,37500,0,3,2,2,1,0,0,0,1
2,0,2,30.0,7,1,1,0,21,0,0,4,0,37500,0,3,2,2,1,0,0,1,1
2,0,2,30.0,7,3,1,0,21,0,0,4,0,37500,0,3,2,2,1,1,1,0,0
2,0,0,80.0,7,4,0,0,21,0,0,4,0,37500,0,3,2,2,1,0,0,1,0
0,2,0,30.0,22,4,0,0,26,2,1,4,8,50000,0,0,1,1,1,0,0,0,0
0,2,2,30.0,18,3,1,0,26,2,1,4,8,50000,0,0,1,1,1,0,0,0,0
0,2,0,55.0,18,0,0,0,26,2,1,4,8,50000,0,0,1,1,1,1,0,0,0
1,2,0,55.0,22,4,1,0,26,2,1,4,8,50000,0,0,1,1,1,1,0,1,0
1,2,0,55.0,22,4,0,0,26,2,1,4,8,50000,0,0,1,1,1,1,0,0,0
1,3,0,30.0,22,3,0,0,26,2,1,4,8,50000,0,0,1,1,1,1,1,0,0
0,2,0,30.0,22,4,0,1,31,2,1,4,19,100000,1,0,3,4,1,0,0,0,0
0,2,2,30.0,18,3,1,1,31,2,1,4,19,100000,1,0,3,4,1,0,0,0,0
0,1,0,80.0,18,0,0,1,31,2,1,4,19,100000,1,0,3,4,1,0,0,0,1
0,1,0,80.0,22,3,1,1,31,2,1,4,19,100000,1,0,3,4,1,1,0,0,0
0,1,0,55.0,22,3,0,1,31,2,1,4,19,100000,1,0,3,4,1,1,0,0,1
0,1,0,30.0,10,2,0,1,31,2,1,4,19,100000,1,0,3,4,1,0,0,0,1
0,1,2,30.0,14,0,1,1,31,2,1,4,19,100000,1,0,3,4,1,0,0,0,1
0,0,1,55.0,10,3,1,1,31,2,1,4,19,100000,1,0,3,4,1,1,0,0,0
0,0,0,80.0,10,0,0,1,31,2,1,4,19,100000,1,0,3,4,1,0,0,0,1
0,2,0,55.0,18,0,0,1,31,2,1,4,19,100000,1,0,3,4,1,1,0,0,1
1,2,0,55.0,22,4,1,1,31,2,1,4,19,100000,1,0,3,4,1,1,0,1,0
1,2,0,55.0,22,4,0,1,31,2,1,4,19,100000,1,0,3,4,1,1,0,0,0
1,3,0,30.0,22,3,0,1,31,2,1,4,19,100000,1,0,3,4,1,1,1,0,1
1,0,0,80.0,18,2,0,1,31,2,1,4,19,100000,1,0,3,4,1,1,0,1,1
1,0,0,30.0,18,2,1,1,31,2,1,4,19,100000,1,0,3,4,1,0,0,0,1
1,0,1,55.0,22,1,0,1,31,2,1,4,19,100000,1,0,3,4,1,0,0,1,0
1,0,2,30.0,22,1,0,1,31,2,1,4,19,100000,1,0,3,4,1,1,0,0,0
1,0,0,80.0,18,4,1,1,31,2,1,4,19,100000,1,0,3,4,1,0,0,1,0
2,0,1,55.0,7,2,1,1,31,2,1,4,19,100000,1,0,3,4,1,0,0,0,1
2,0,2,30.0,7,1,1,1,31,2,1,4,19,100000,1,0,3,4,1,0,0,1,0
2,0,2,30.0,7,3,1,1,31,2,1,4,19,100000,1,0,3,4,1,1,1,0,0
2,0,0,80.0,7,4,0,1,31,2,1,4,19,100000,1,0,3,4,1,0,0,1,0
0,1,0,80.0,18,0,0,1,26,1,0,4,6,75000,0,0,2,3,2,0,0,0,1
0,1,0,80.0,22,3,1,1,26,1,0,4,6,75000,0,0,2,3,2,1,0,0,0
0,1,0,55.0,22,3,0,1,26,1,0,4,6,75000,0,0,2,3,2,1,0,0,0
0,1,0,30.0,10,2,0,1,26,1,0,4,6,75000,0,0,2,3,2,0,0,0,1
0,1,2,30.0,14,0,1,1,26,1,0,4,6,75000,0,0,2,3,2,0,0,0,1
0,0,1,55.0,10,3,1,1,26,1,0,4,6,75000,0,0,2,3,2,1,0,0,0
0,0,0,80.0,10,0,0,1,26,1,0,4,6,75000,0,0,2,3,2,0,0,0,1
0,3,0,30.0,10,4,1,1,26,1,0,4,6,75000,0,0,2,3,2,0,0,0,1
0,3,1,55.0,18,3,0,1,26,1,0,4,6,75000,0,0,2,3,2,1,0,0,0
0,3,2,30.0,10,0,1,1,26,1,0,4,6,75000,0,0,2,3,2,0,0,0,1
1,0,0,80.0,18,2,0,1,26,1,0,4,6,75000,0,0,2,3,2,1,0,1,0
1,0,0,30.0,18,2,1,1,26,1,0,4,6,75000,0,0,2,3,2,0,0,0,0
1,0,1,55.0,22,1,0,1,26,1,0,4,6,75000,0,0,2,3,2,0,0,1,0
1,0,2,30.0,22,1,0,1,26,1,0,4,6,75000,0,0,2,3,2,1,0,0,0
1,0,0,80.0,18,4,1,1,26,1,0,4,6,75000,0,0,2,3,2,0,0,1,1
1,3,0,30.0,18,0,1,1,26,1,0,4,6,75000,0,0,2,3,2,1,1,0,1
1,3,0,30.0,22,0,0,1,26,1,0,4,6,75000,0,0,2,3,2,1,0,1,0
1,3,1,55.0,18,2,1,1,26,1,0,4,6,75000,0,0,2,3,2,0,0,1,1
2,0,1,55.0,7,2,1,1,26,1,0,4,6,75000,0,0,2,3,2,0,0,0,1
2,0,2,30.0,7,1,1,1,26,1,0,4,6,75000,0,0,2,3,2,0,0,1,0
2,0,2,30.0,7,3,1,1,26,1,0,4,6,75000,0,0,2,3,2,1,1,0,0
2,0,0,80.0,7,4,0,1,26,1,0,4,6,75000,0,0,2,3,2,0,0,1,0
